TrialIndex,ScenarioSeed,AlgorithmMode,SampleIndex,TimeSec,X,Y,Z
1,2027,Asymmetric ET-NMPC,1,0,0,0,3
1,2027,Asymmetric ET-NMPC,2,0.1,0,0,3
1,2027,Asymmetric ET-NMPC,3,0.2,0.0209497155622598,0.0209497155622598,3.00471368600151
1,2027,Asymmetric ET-NMPC,4,0.3,0.0628491466867795,0.0628491466867795,3.01414105800453
1,2027,Asymmetric ET-NMPC,5,0.4,0.125698293373559,0.125698293373559,3.02828211600905
1,2027,Asymmetric ET-NMPC,6,0.5,0.209497155622598,0.209497155622598,3.04713686001508
1,2027,Asymmetric ET-NMPC,7,0.6,0.314245733433897,0.314245733433897,3.07070529002263
1,2027,Asymmetric ET-NMPC,8,0.7,0.439944026807456,0.439944026807456,3.09898740603168
1,2027,Asymmetric ET-NMPC,9,0.8,0.586592035743275,0.586592035743275,3.13198320804224
1,2027,Asymmetric ET-NMPC,10,0.9,0.754189760241354,0.754189760241354,3.16969269605431
1,2027,Asymmetric ET-NMPC,11,1,0.942737200301692,0.942737200301692,3.21211587006788
1,2027,Asymmetric ET-NMPC,12,1.1,1.15223435592429,1.15223435592429,3.25925273008297
1,2027,Asymmetric ET-NMPC,13,1.2,1.38268122710915,1.38268122710915,3.31110327609956
1,2027,Asymmetric ET-NMPC,14,1.3,1.63407781385627,1.63407781385627,3.36766750811766
1,2027,Asymmetric ET-NMPC,15,1.4,1.90642411616564,1.90642411616564,3.42894542613727
1,2027,Asymmetric ET-NMPC,16,1.5,2.19972013403728,2.19972013403728,3.49493703015839
1,2027,Asymmetric ET-NMPC,17,1.6,2.5104742482108,2.5104742482108,3.56485670584743
1,2027,Asymmetric ET-NMPC,18,1.7,2.83432193461074,2.83432193461074,3.63772243528742
1,2027,Asymmetric ET-NMPC,19,1.8,3.16798980018048,3.16798980018048,3.71279770504061
1,2027,Asymmetric ET-NMPC,20,1.9,3.50902280012758,3.50902280012758,3.78953013002871
1,2027,Asymmetric ET-NMPC,21,2,3.85557965085769,3.85557965085769,3.86750542144298
1,2027,Asymmetric ET-NMPC,22,2.1,4.20474157689536,4.20474157689536,3.94606685480146
1,2027,Asymmetric ET-NMPC,23,2.2,4.55390350293302,4.55390350293302,4.02462828815993
1,2027,Asymmetric ET-NMPC,24,2.3,4.90306542897069,4.90306542897069,4.1031897215184
1,2027,Asymmetric ET-NMPC,25,2.4,5.25222735500835,5.25222735500835,4.18175115487688
1,2027,Asymmetric ET-NMPC,26,2.5,5.60138928104601,5.60138928104601,4.26031258823535
1,2027,Asymmetric ET-NMPC,27,2.6,5.95055120708368,5.95055120708368,4.33887402159383
1,2027,Asymmetric ET-NMPC,28,2.7,6.29971313312134,6.29971313312134,4.4174354549523
1,2027,Asymmetric ET-NMPC,29,2.8,6.64887505915901,6.64887505915901,4.49599688831078
1,2027,Asymmetric ET-NMPC,30,2.9,6.99803698519667,6.99803698519667,4.57455832166925
1,2027,Asymmetric ET-NMPC,31,3,7.34719891123433,7.34719891123433,4.65311975502772
1,2027,Asymmetric ET-NMPC,32,3.1,7.71273406950912,7.6756415996414,4.74536642703797
1,2027,Asymmetric ET-NMPC,33,3.2,8.09331488115374,7.9823600020773,4.85063782588442
1,2027,Asymmetric ET-NMPC,34,3.3,8.49025580545486,8.26539582888017,4.96167216003827
1,2027,Asymmetric ET-NMPC,35,3.4,8.90167967618755,8.52420877112567,5.07891660347831
1,2027,Asymmetric ET-NMPC,36,3.5,9.32851513705067,8.75874082641597,5.19208110493998
1,2027,Asymmetric ET-NMPC,37,3.6,9.75938087721379,8.99584416367049,5.282284882114
1,2027,Asymmetric ET-NMPC,38,3.7,10.1899198761864,9.24025012916117,5.35229841220813
1,2027,Asymmetric ET-NMPC,39,3.8,10.6281012715599,9.4759421009382,5.40175909546672
1,2027,Asymmetric ET-NMPC,40,3.9,11.0728503914228,9.69429298020957,5.46899832436317
1,2027,Asymmetric ET-NMPC,41,4,11.5161769211533,9.91677723351034,5.53194548530243
1,2027,Asymmetric ET-NMPC,42,4.1,11.9598960865871,10.1390790642418,5.59273362789737
1,2027,Asymmetric ET-NMPC,43,4.2,12.4051863784843,10.3574834498832,5.65610617932706
1,2027,Asymmetric ET-NMPC,44,4.3,12.8455624257658,10.5824908897679,5.72986652759956
1,2027,Asymmetric ET-NMPC,45,4.4,13.2808217618513,10.8131008720746,5.8157056003514
1,2027,Asymmetric ET-NMPC,46,4.5,13.7111138619796,11.0493850779126,5.91067129225479
1,2027,Asymmetric ET-NMPC,47,4.6,14.1361369843757,11.290191279685,6.01729079617678
1,2027,Asymmetric ET-NMPC,48,4.7,14.5567221726773,11.5365511399742,6.12871304987684
1,2027,Asymmetric ET-NMPC,49,4.8,14.9710696654304,11.7916507144895,6.24377982323635
1,2027,Asymmetric ET-NMPC,50,4.9,15.378406012609,12.0573967620489,6.35978042010449
1,2027,Asymmetric ET-NMPC,51,5,15.7740421262169,12.3332545791712,6.49159290184185
1,2027,Asymmetric ET-NMPC,52,5.1,16.1526730061403,12.6262324505394,6.63582404846757
1,2027,Asymmetric ET-NMPC,53,5.2,16.5244291988466,12.9245954020131,6.78674416764468
1,2027,Asymmetric ET-NMPC,54,5.3,16.8952362093955,13.2295537965626,6.92639565715191
1,2027,Asymmetric ET-NMPC,55,5.4,17.2477337696335,13.5576873712877,7.060834591856
1,2027,Asymmetric ET-NMPC,56,5.5,17.598774564702,13.8890125120074,7.19119567241592
1,2027,Asymmetric ET-NMPC,57,5.6,17.9631005277117,14.2031502521617,7.32751908525407
1,2027,Asymmetric ET-NMPC,58,5.7,18.3319382134544,14.5002870847347,7.43953995708531
1,2027,Asymmetric ET-NMPC,59,5.8,18.7128235673852,14.8104506400352,7.53294721656937
1,2027,Asymmetric ET-NMPC,60,5.9,19.1046803740106,15.1008795967787,7.64294387191051
1,2027,Asymmetric ET-NMPC,61,6,19.5013221921413,15.392513188346,7.73026578427802
1,2027,Asymmetric ET-NMPC,62,6.1,19.9137062847509,15.6667010335331,7.79926133278825
1,2027,Asymmetric ET-NMPC,63,6.2,20.3366329574757,15.9195166842141,7.88421588692532
1,2027,Asymmetric ET-NMPC,64,6.3,20.7685503961248,16.1505561166349,7.98455584336099
1,2027,Asymmetric ET-NMPC,65,6.4,21.2079382704283,16.3595890010672,8.09963646354051
1,2027,Asymmetric ET-NMPC,66,6.5,21.6532201649925,16.5464595666743,8.22926449323723
1,2027,Asymmetric ET-NMPC,67,6.6,22.0922177788792,16.7227233267466,8.38624217544942
1,2027,Asymmetric ET-NMPC,68,6.7,22.5309459244588,16.9104976403384,8.53543474038278
1,2027,Asymmetric ET-NMPC,69,6.8,22.9668813800695,17.1075176249746,8.68084245749404
1,2027,Asymmetric ET-NMPC,70,6.9,23.4077773776991,17.2823168245921,8.83913319976029
1,2027,Asymmetric ET-NMPC,71,7,23.8422905826408,17.4818287654315,8.98165877857041
1,2027,Asymmetric ET-NMPC,72,7.1,24.2561127729497,17.6949619600236,9.10726267425895
1,2027,Asymmetric ET-NMPC,73,7.2,24.6465370359486,17.9091961980034,9.21412291232523
1,2027,Asymmetric ET-NMPC,74,7.3,25.0127190778659,18.1174990856279,9.30433581426853
1,2027,Asymmetric ET-NMPC,75,7.4,25.3554689264773,18.3128403650432,9.38102359035269
1,2027,Asymmetric ET-NMPC,76,7.5,25.703120774232,18.5291097411108,9.47863946178526
1,2027,Asymmetric ET-NMPC,77,7.6,26.0585658976991,18.7658640496143,9.59674026418599
1,2027,Asymmetric ET-NMPC,78,7.7,26.4228669492809,19.0228862219843,9.73510892862275
1,2027,Asymmetric ET-NMPC,79,7.8,26.7991561853997,19.2993542617642,9.89292345822889
1,2027,Asymmetric ET-NMPC,80,7.9,27.1805737473105,19.5849898776715,10.0443597101347
1,2027,Asymmetric ET-NMPC,81,8,27.561856067872,19.875563670808,10.1864535621111
1,2027,Asymmetric ET-NMPC,82,8.1,27.9391097893813,20.1669672000201,10.3373297125463
1,2027,Asymmetric ET-NMPC,83,8.2,28.3124213515063,20.4590548328186,10.4964626517823
1,2027,Asymmetric ET-NMPC,84,8.3,28.6818886694094,20.7516989977245,10.6633557125968
1,2027,Asymmetric ET-NMPC,85,8.4,29.0476186644583,21.044788311171,10.8375401696101
1,2027,Asymmetric ET-NMPC,86,8.5,29.4097251149206,21.3382258546877,11.0185742177571
1,2027,Asymmetric ET-NMPC,87,8.6,29.7683267978707,21.6319276014713,11.2060418600895
1,2027,Asymmetric ET-NMPC,88,8.7,30.1320829981943,21.9328842159126,11.3706825080174
1,2027,Asymmetric ET-NMPC,89,8.8,30.4754909019813,22.2483796505071,11.5510533547932
1,2027,Asymmetric ET-NMPC,90,8.9,30.7976202521193,22.5771558710818,11.7463451328187
1,2027,Asymmetric ET-NMPC,91,9,31.1057786898493,22.9120134578327,11.9534894637841
1,2027,Asymmetric ET-NMPC,92,9.1,31.4046205353102,23.2495296075059,12.1697679881718
1,2027,Asymmetric ET-NMPC,93,9.2,31.6808173965393,23.5976551584858,12.3989489092847
1,2027,Asymmetric ET-NMPC,94,9.3,31.9391453917397,23.9520933789034,12.6390326338537
1,2027,Asymmetric ET-NMPC,95,9.4,32.1837814204897,24.3100777471883,12.8880314400779
1,2027,Asymmetric ET-NMPC,96,9.5,32.4053438703676,24.6756082807397,13.1474490760353
1,2027,Asymmetric ET-NMPC,97,9.6,32.6125498931183,25.0439326441841,13.4146621509945
1,2027,Asymmetric ET-NMPC,98,9.7,32.8246721112406,25.4082719763297,13.6834762421998
1,2027,Asymmetric ET-NMPC,99,9.8,33.0229737228973,25.7770828997991,13.9567068655641
1,2027,Asymmetric ET-NMPC,100,9.9,33.2229743766378,26.1591745488319,14.209700363984
1,2027,Asymmetric ET-NMPC,101,10,33.4276254091642,26.5541220623274,14.4380299863935
1,2027,Asymmetric ET-NMPC,102,10.1,33.6437289502176,26.9554914639582,14.6434609066043
1,2027,Asymmetric ET-NMPC,103,10.2,33.8703762202178,27.3620259537111,14.8261100884883
1,2027,Asymmetric ET-NMPC,104,10.3,34.106667795311,27.7725447819464,14.9862368607789
1,2027,Asymmetric ET-NMPC,105,10.4,34.3517251432482,28.1859524274709,15.1242260445721
1,2027,Asymmetric ET-NMPC,106,10.5,34.6047001990119,28.6012446474361,15.2405703319167
1,2027,Asymmetric ET-NMPC,107,10.6,34.864782988541,29.0175116623584,15.3358526223934
1,2027,Asymmetric ET-NMPC,108,10.7,35.1312073430265,29.4339388604461,15.4107288671561
1,2027,Asymmetric ET-NMPC,109,10.8,35.4032548707628,29.8498053993286,15.4659118762301
1,2027,Asymmetric ET-NMPC,110,10.9,35.6802573675555,30.2644811176318,15.5021563988561
1,2027,Asymmetric ET-NMPC,111,11,35.9615978761991,30.6774221500949,15.5202456748064
1,2027,Asymmetric ET-NMPC,112,11.1,36.2467106164423,31.0881656062399,15.520979558374
1,2027,Asymmetric ET-NMPC,113,11.2,36.53507995117,31.4963236656813,15.5051642081798
1,2027,Asymmetric ET-NMPC,114,11.3,36.8239982788684,31.9030864018648,15.4724491295088
1,2027,Asymmetric ET-NMPC,115,11.4,37.1092848067161,32.3106090811453,15.4220818494486
1,2027,Asymmetric ET-NMPC,116,11.5,37.3868050052824,32.7208744211333,15.3537818480416
1,2027,Asymmetric ET-NMPC,117,11.6,37.6538449519565,33.1347796708554,15.2679208491375
1,2027,Asymmetric ET-NMPC,118,11.7,37.908523316683,33.5525995797112,15.1651324533725
1,2027,Asymmetric ET-NMPC,119,11.8,38.1494002085043,33.9742911821853,15.0461597027555
1,2027,Asymmetric ET-NMPC,120,11.9,38.3754141422836,34.399575276905,14.9118051698358
1,2027,Asymmetric ET-NMPC,121,12,38.5858243991513,34.8280082800153,14.7629002147445
1,2027,Asymmetric ET-NMPC,122,12.1,38.7801923860611,35.2590277917008,14.6002863585976
1,2027,Asymmetric ET-NMPC,123,12.2,38.9583267436208,35.6919156831686,14.4245700415482
1,2027,Asymmetric ET-NMPC,124,12.3,39.119970181616,36.1235253753221,14.2307028896315
1,2027,Asymmetric ET-NMPC,125,12.4,39.2654237034878,36.5520100636516,14.0179961787778
1,2027,Asymmetric ET-NMPC,126,12.5,39.3969433472759,36.9725261299379,13.7946142394463
1,2027,Asymmetric ET-NMPC,127,12.6,39.5141650087749,37.3754101112319,13.5703328598287
1,2027,Asymmetric ET-NMPC,128,12.7,39.6171897647022,37.7541292928145,13.3525036465035
1,2027,Asymmetric ET-NMPC,129,12.8,39.7079513961336,38.1075485970709,13.1451401861315
1,2027,Asymmetric ET-NMPC,130,12.9,39.7876066543239,38.4362819107474,12.9507092561584
1,2027,Asymmetric ET-NMPC,131,13,39.8567622414319,38.7411556333774,12.7711267881345
1,2027,Asymmetric ET-NMPC,132,13.1,39.9160175074013,39.022721929585,12.6076299508074
1,2027,Asymmetric ET-NMPC,133,13.2,39.9659608067138,39.2812762996887,12.4609776536632
1,2027,Asymmetric ET-NMPC,134,13.3,40.0071890781682,39.5168757946173,12.3315625835328
1,2027,Asymmetric ET-NMPC,135,13.4,40.0429962419094,39.7263591534976,12.2158791931639
1,2027,Symmetric-energy ET-NMPC,1,0,0,0,3
1,2027,Symmetric-energy ET-NMPC,2,0.1,0,0,3
1,2027,Symmetric-energy ET-NMPC,3,0.2,0.0209497155622598,0.0209497155622598,3.00471368600151
1,2027,Symmetric-energy ET-NMPC,4,0.3,0.0628491466867795,0.0628491466867795,3.01414105800453
1,2027,Symmetric-energy ET-NMPC,5,0.4,0.125698293373559,0.125698293373559,3.02828211600905
1,2027,Symmetric-energy ET-NMPC,6,0.5,0.209497155622598,0.209497155622598,3.04713686001508
1,2027,Symmetric-energy ET-NMPC,7,0.6,0.314245733433897,0.314245733433897,3.07070529002263
1,2027,Symmetric-energy ET-NMPC,8,0.7,0.439944026807456,0.439944026807456,3.09898740603168
1,2027,Symmetric-energy ET-NMPC,9,0.8,0.586592035743275,0.586592035743275,3.13198320804224
1,2027,Symmetric-energy ET-NMPC,10,0.9,0.754189760241354,0.754189760241354,3.16969269605431
1,2027,Symmetric-energy ET-NMPC,11,1,0.942737200301692,0.942737200301692,3.21211587006788
1,2027,Symmetric-energy ET-NMPC,12,1.1,1.15223435592429,1.15223435592429,3.25925273008297
1,2027,Symmetric-energy ET-NMPC,13,1.2,1.38268122710915,1.38268122710915,3.31110327609956
1,2027,Symmetric-energy ET-NMPC,14,1.3,1.63407781385627,1.63407781385627,3.36766750811766
1,2027,Symmetric-energy ET-NMPC,15,1.4,1.90642411616564,1.90642411616564,3.42894542613727
1,2027,Symmetric-energy ET-NMPC,16,1.5,2.19972013403728,2.19972013403728,3.49493703015839
1,2027,Symmetric-energy ET-NMPC,17,1.6,2.5104742482108,2.5104742482108,3.56485670584743
1,2027,Symmetric-energy ET-NMPC,18,1.7,2.83432193461074,2.83432193461074,3.63772243528742
1,2027,Symmetric-energy ET-NMPC,19,1.8,3.16798980018048,3.16798980018048,3.71279770504061
1,2027,Symmetric-energy ET-NMPC,20,1.9,3.50902280012758,3.50902280012758,3.78953013002871
1,2027,Symmetric-energy ET-NMPC,21,2,3.85557965085769,3.85557965085769,3.86750542144298
1,2027,Symmetric-energy ET-NMPC,22,2.1,4.20474157689536,4.20474157689536,3.94606685480146
1,2027,Symmetric-energy ET-NMPC,23,2.2,4.55390350293302,4.55390350293302,4.02462828815993
1,2027,Symmetric-energy ET-NMPC,24,2.3,4.90306542897069,4.90306542897069,4.1031897215184
1,2027,Symmetric-energy ET-NMPC,25,2.4,5.25222735500835,5.25222735500835,4.18175115487688
1,2027,Symmetric-energy ET-NMPC,26,2.5,5.60138928104601,5.60138928104601,4.26031258823535
1,2027,Symmetric-energy ET-NMPC,27,2.6,5.95055120708368,5.95055120708368,4.33887402159383
1,2027,Symmetric-energy ET-NMPC,28,2.7,6.29971313312134,6.29971313312134,4.4174354549523
1,2027,Symmetric-energy ET-NMPC,29,2.8,6.64887505915901,6.64887505915901,4.49599688831078
1,2027,Symmetric-energy ET-NMPC,30,2.9,6.99803698519667,6.99803698519667,4.57455832166925
1,2027,Symmetric-energy ET-NMPC,31,3,7.34719891123433,7.34719891123433,4.65311975502772
1,2027,Symmetric-energy ET-NMPC,32,3.1,7.71271142094403,7.6756543736485,4.74541067796176
1,2027,Symmetric-energy ET-NMPC,33,3.2,8.09324433229366,7.98239997709986,4.85077593856998
1,2027,Symmetric-energy ET-NMPC,34,3.3,8.49010707875081,8.26547043108228,4.96200128890287
1,2027,Symmetric-energy ET-NMPC,35,3.4,8.90138185160332,8.52434103502526,5.07964087250171
1,2027,Symmetric-energy ET-NMPC,36,3.5,9.32806691090073,8.75892083952701,5.19327262639245
1,2027,Symmetric-energy ET-NMPC,37,3.6,9.75892456505113,8.99588515456932,5.2838794432251
1,2027,Symmetric-energy ET-NMPC,38,3.7,10.1894709402232,9.2401661640478,5.35428261953417
1,2027,Symmetric-energy ET-NMPC,39,3.8,10.6277841990502,9.47546219485304,5.40445497271493
1,2027,Symmetric-energy ET-NMPC,40,3.9,11.0725886707447,9.69348218566558,5.47239807808004
1,2027,Symmetric-energy ET-NMPC,41,4,11.5159594594746,9.91569166765762,5.53600067090391
1,2027,Symmetric-energy ET-NMPC,42,4.1,11.9596821606615,10.1377978563457,5.59747428636485
1,2027,Symmetric-energy ET-NMPC,43,4.2,12.4048604430873,10.3560662067261,5.66209026023099
1,2027,Symmetric-energy ET-NMPC,44,4.3,12.8451172220582,10.5809604483933,5.73690034400997
1,2027,Symmetric-energy ET-NMPC,45,4.4,13.2802504076492,10.8114790307716,5.82361997255962
1,2027,Symmetric-energy ET-NMPC,46,4.5,13.7104248324213,11.0477016824225,5.91926945305484
1,2027,Symmetric-energy ET-NMPC,47,4.6,14.1353228266859,11.2884418489145,6.02653485617861
1,2027,Symmetric-energy ET-NMPC,48,4.7,14.5557964963306,11.534752249011,6.13848609529559
1,2027,Symmetric-energy ET-NMPC,49,4.8,14.9700762980647,11.789803732512,6.25390267399695
1,2027,Symmetric-energy ET-NMPC,50,4.9,15.3773854011278,12.0555083662444,6.37009364686072
1,2027,Symmetric-energy ET-NMPC,51,5,15.7730411870022,12.3312667768632,6.50205499755514
1,2027,Symmetric-energy ET-NMPC,52,5.1,16.1516919702553,12.6242097960154,6.64630468341895
1,2027,Symmetric-energy ET-NMPC,53,5.2,16.5234813794941,12.9225117636841,6.79726352305043
1,2027,Symmetric-energy ET-NMPC,54,5.3,16.8943448019857,13.2274257412614,6.93686219115221
1,2027,Symmetric-energy ET-NMPC,55,5.4,17.2467437473009,13.5554876037882,7.07173397358336
1,2027,Symmetric-energy ET-NMPC,56,5.5,17.5976084399419,13.8867861878587,7.2026355230426
1,2027,Symmetric-energy ET-NMPC,57,5.6,17.96191748308,14.2009021920456,7.33905420578623
1,2027,Symmetric-energy ET-NMPC,58,5.7,18.3307640185049,14.4980964521725,7.45111994739922
1,2027,Symmetric-energy ET-NMPC,59,5.8,18.7116199715908,14.8082855968062,7.54456210892414
1,2027,Symmetric-energy ET-NMPC,60,5.9,19.1034993344758,15.0986795152107,7.6545709135651
1,2027,Symmetric-energy ET-NMPC,61,6,19.5001440840635,15.3903033694927,7.7419120278141
1,2027,Symmetric-energy ET-NMPC,62,6.1,19.9125355208235,15.6644730532615,7.81093584536373
1,2027,Symmetric-energy ET-NMPC,63,6.2,20.3354678954953,15.9172699166477,7.89591791592311
1,2027,Symmetric-energy ET-NMPC,64,6.3,20.7673894303031,16.1482901160635,7.99628452008571
1,2027,Symmetric-energy ET-NMPC,65,6.4,21.2067798555474,16.357303496874,8.11139082245793
1,2027,Symmetric-energy ET-NMPC,66,6.5,21.6520543282175,16.544148230571,8.2410815679956
1,2027,Symmetric-energy ET-NMPC,67,6.6,22.0907901092024,16.720773514729,8.39820966694365
1,2027,Symmetric-energy ET-NMPC,68,6.7,22.5292468965742,16.9089117913396,8.54774104987552
1,2027,Symmetric-energy ET-NMPC,69,6.8,22.9649240553029,17.1062243946125,8.69352565109177
1,2027,Symmetric-energy ET-NMPC,70,6.9,23.4055738268665,17.2813102308577,8.85218481019492
1,2027,Symmetric-energy ET-NMPC,71,7,23.8409662369581,17.4606753201253,9.0202967193108
1,2027,Symmetric-energy ET-NMPC,72,7.1,24.2598308527266,17.6567086732541,9.16972706011299
1,2027,Symmetric-energy ET-NMPC,73,7.2,24.6578742803431,17.8600471734167,9.29883222070053
1,2027,Symmetric-energy ET-NMPC,74,7.3,25.0321320003006,18.06406402351,9.40966773562825
1,2027,Symmetric-energy ET-NMPC,75,7.4,25.3801408273191,18.2592700420991,9.5089548797757
1,2027,Symmetric-energy ET-NMPC,76,7.5,25.7031996920348,18.4384905641365,9.61292852379817
1,2027,Symmetric-energy ET-NMPC,77,7.6,26.0089380492026,18.6350315951946,9.73422267547908
1,2027,Symmetric-energy ET-NMPC,78,7.7,26.3114560093133,18.8526632535735,9.87660745261324
1,2027,Symmetric-energy ET-NMPC,79,7.8,26.6254033672954,19.0899082868479,10.0386056024687
1,2027,Symmetric-energy ET-NMPC,80,7.9,26.956142162116,19.3447323965262,10.2181828228823
1,2027,Symmetric-energy ET-NMPC,81,8,27.3042014650683,19.6168770145746,10.4150805510211
1,2027,Symmetric-energy ET-NMPC,82,8.1,27.6603133985189,19.8989998431393,10.6238651300894
1,2027,Symmetric-energy ET-NMPC,83,8.2,28.0130217463037,20.1818252027719,10.8374222356879
1,2027,Symmetric-energy ET-NMPC,84,8.3,28.3624706581329,20.465277818032,11.0554590970751
1,2027,Symmetric-energy ET-NMPC,85,8.4,28.7088018795124,20.7492903817751,11.2777011919489
1,2027,Symmetric-energy ET-NMPC,86,8.5,29.0521542005219,21.0338027360631,11.5038911650133
1,2027,Symmetric-energy ET-NMPC,87,8.6,29.392663022491,21.3187611375255,11.7337877756827
1,2027,Symmetric-energy ET-NMPC,88,8.7,29.7304600038205,21.6041175763247,11.967164943033
1,2027,Symmetric-energy ET-NMPC,89,8.8,30.0656728139064,21.8898291877609,12.2038107692055
1,2027,Symmetric-energy ET-NMPC,90,8.9,30.3984249426002,22.1758577073987,12.4435266568799
1,2027,Symmetric-energy ET-NMPC,91,9,30.7288355730982,22.4621689849651,12.6861264664268
1,2027,Symmetric-energy ET-NMPC,92,9.1,31.0570195026464,22.7487325445689,12.9314357297934
1,2027,Symmetric-energy ET-NMPC,93,9.2,31.3830871114443,23.0355211956822,13.179290897352
1,2027,Symmetric-energy ET-NMPC,94,9.3,31.7071443653348,23.3225106822652,13.4295386361865
1,2027,Symmetric-energy ET-NMPC,95,9.4,32.0292928482342,23.6096793687754,13.6820351717143
1,2027,Symmetric-energy ET-NMPC,96,9.5,32.3496298180585,23.8970079585137,13.9366456728387
1,2027,Symmetric-energy ET-NMPC,97,9.6,32.670069133577,24.1862974823222,14.188895978061
1,2027,Symmetric-energy ET-NMPC,98,9.7,32.9938289016459,24.4805287916499,14.4309859390079
1,2027,Symmetric-energy ET-NMPC,99,9.8,33.323822845597,24.7822011139897,14.6548113327632
1,2027,Symmetric-energy ET-NMPC,100,9.9,33.6607320096221,25.0917099654797,14.85654503358
1,2027,Symmetric-energy ET-NMPC,101,10,34.0039466751341,25.408376351364,15.0352237772191
1,2027,Symmetric-energy ET-NMPC,102,10.1,34.3524440188949,25.7312118326902,15.1911944584015
1,2027,Symmetric-energy ET-NMPC,103,10.2,34.7052683322048,26.0592857747056,15.324919895428
1,2027,Symmetric-energy ET-NMPC,104,10.3,35.0615362770245,26.3917312541955,15.436960756995
1,2027,Symmetric-energy ET-NMPC,105,10.4,35.4204398328766,26.727748757758,15.5279578717646
1,2027,Symmetric-energy ET-NMPC,106,10.5,35.7812472291057,27.0666079263001,15.5986154030072
1,2027,Symmetric-energy ET-NMPC,107,10.6,36.143302184806,27.4076476318213,15.6496852405908
1,2027,Symmetric-energy ET-NMPC,108,10.7,36.5024744683868,27.754168900225,15.679988396388
1,2027,Symmetric-energy ET-NMPC,109,10.8,36.8552736946465,28.1083535723811,15.6892579141869
1,2027,Symmetric-energy ET-NMPC,110,10.9,37.1965154918375,28.4736208234244,15.6776876434414
1,2027,Symmetric-energy ET-NMPC,111,11,37.5201475238813,28.8535759997585,15.6477481743059
1,2027,Symmetric-energy ET-NMPC,112,11.1,37.8259674240844,29.246177993572,15.5993967204143
1,2027,Symmetric-energy ET-NMPC,113,11.2,38.1115427051913,29.6513952270808,15.5342372814342
1,2027,Symmetric-energy ET-NMPC,114,11.3,38.3759639610504,30.0678943204447,15.4529359611685
1,2027,Symmetric-energy ET-NMPC,115,11.4,38.6187409963233,30.4941224698466,15.3560397496761
1,2027,Symmetric-energy ET-NMPC,116,11.5,38.8395600345579,30.9285469712203,15.2441723953705
1,2027,Symmetric-energy ET-NMPC,117,11.6,39.0382776591194,31.3696782387487,15.1180196684978
1,2027,Symmetric-energy ET-NMPC,118,11.7,39.2149117737089,31.8160891982233,14.9783141037403
1,2027,Symmetric-energy ET-NMPC,119,11.8,39.3700161330392,32.2662594880328,14.8257056246523
1,2027,Symmetric-energy ET-NMPC,120,11.9,39.504558983091,32.7187126629135,14.6608288644942
1,2027,Symmetric-energy ET-NMPC,121,12,39.6198152696505,33.172103537901,14.484327581534
1,2027,Symmetric-energy ET-NMPC,122,12.1,39.717272154065,33.6252656917768,14.2968543355096
1,2027,Symmetric-energy ET-NMPC,123,12.2,39.7979850246117,34.077957417671,14.1004984498452
1,2027,Symmetric-energy ET-NMPC,124,12.3,39.8625162762494,34.5315116512777,13.9001880039382
1,2027,Symmetric-energy ET-NMPC,125,12.4,39.9123292896947,34.9874750600727,13.70115023483
1,2027,Symmetric-energy ET-NMPC,126,12.5,39.9494094255826,35.447191461334,13.5080546783459
1,2027,Symmetric-energy ET-NMPC,127,12.6,39.9769537203379,35.9096322680411,13.3199328770615
1,2027,Symmetric-energy ET-NMPC,128,12.7,39.9975613139153,36.3712879116914,13.1369863610235
1,2027,Symmetric-energy ET-NMPC,129,12.8,40.0125715906944,36.8178058740966,12.9637460769496
1,2027,Symmetric-energy ET-NMPC,130,12.9,40.0231441093346,37.2410339064983,12.8033015971501
1,2027,Symmetric-energy ET-NMPC,131,13,40.0304380662443,37.6377132320119,12.6564371466417
1,2027,Symmetric-energy ET-NMPC,132,13.1,40.0352242088145,38.0079955453084,12.5236051090853
1,2027,Symmetric-energy ET-NMPC,133,13.2,40.0379655758556,38.352103743147,12.4052897713269
1,2027,Symmetric-energy ET-NMPC,134,13.3,40.039058798867,38.6700580187291,12.3015777199062
1,2027,Symmetric-energy ET-NMPC,135,13.4,40.0388336559255,38.9617057723201,12.2122263374095
1,2027,Symmetric-energy ET-NMPC,136,13.5,40.0375735152078,39.2267560761194,12.1367134679899
1,2027,Symmetric-energy ET-NMPC,137,13.6,40.0355312027907,39.4648174493027,12.0742767536485
1,2027,Symmetric-energy ET-NMPC,138,13.7,40.0334173504892,39.6740345510503,12.0200864256305
2,2028,Asymmetric ET-NMPC,1,0,0,0,3
2,2028,Asymmetric ET-NMPC,2,0.1,0,0,3
2,2028,Asymmetric ET-NMPC,3,0.2,0.0209497155622598,0.0209497155622598,3.00471368600151
2,2028,Asymmetric ET-NMPC,4,0.3,0.0628491466867795,0.0628491466867795,3.01414105800453
2,2028,Asymmetric ET-NMPC,5,0.4,0.125698293373559,0.125698293373559,3.02828211600905
2,2028,Asymmetric ET-NMPC,6,0.5,0.209497155622598,0.209497155622598,3.04713686001508
2,2028,Asymmetric ET-NMPC,7,0.6,0.314245733433897,0.314245733433897,3.07070529002263
2,2028,Asymmetric ET-NMPC,8,0.7,0.439944026807456,0.439944026807456,3.09898740603168
2,2028,Asymmetric ET-NMPC,9,0.8,0.586592035743275,0.586592035743275,3.13198320804224
2,2028,Asymmetric ET-NMPC,10,0.9,0.754189760241354,0.754189760241354,3.16969269605431
2,2028,Asymmetric ET-NMPC,11,1,0.942737200301692,0.942737200301692,3.21211587006788
2,2028,Asymmetric ET-NMPC,12,1.1,1.15223435592429,1.15223435592429,3.25925273008297
2,2028,Asymmetric ET-NMPC,13,1.2,1.38268122710915,1.38268122710915,3.31110327609956
2,2028,Asymmetric ET-NMPC,14,1.3,1.63407781385627,1.63407781385627,3.36766750811766
2,2028,Asymmetric ET-NMPC,15,1.4,1.90642411616564,1.90642411616564,3.42894542613727
2,2028,Asymmetric ET-NMPC,16,1.5,2.19972013403728,2.19972013403728,3.49493703015839
2,2028,Asymmetric ET-NMPC,17,1.6,2.5104742482108,2.5104742482108,3.56485670584743
2,2028,Asymmetric ET-NMPC,18,1.7,2.83432193461074,2.83432193461074,3.63772243528742
2,2028,Asymmetric ET-NMPC,19,1.8,3.16798980018048,3.16798980018048,3.71279770504061
2,2028,Asymmetric ET-NMPC,20,1.9,3.50902280012758,3.50902280012758,3.78953013002871
2,2028,Asymmetric ET-NMPC,21,2,3.85557965085769,3.85557965085769,3.86750542144298
2,2028,Asymmetric ET-NMPC,22,2.1,4.20474157689536,4.20474157689536,3.94606685480146
2,2028,Asymmetric ET-NMPC,23,2.2,4.55390350293302,4.55390350293302,4.02462828815993
2,2028,Asymmetric ET-NMPC,24,2.3,4.90306542897069,4.90306542897069,4.1031897215184
2,2028,Asymmetric ET-NMPC,25,2.4,5.25222735500835,5.25222735500835,4.18175115487688
2,2028,Asymmetric ET-NMPC,26,2.5,5.60138928104601,5.60138928104601,4.26031258823535
2,2028,Asymmetric ET-NMPC,27,2.6,5.95055120708368,5.95055120708368,4.33887402159383
2,2028,Asymmetric ET-NMPC,28,2.7,6.29971313312134,6.29971313312134,4.4174354549523
2,2028,Asymmetric ET-NMPC,29,2.8,6.64887505915901,6.64887505915901,4.49599688831078
2,2028,Asymmetric ET-NMPC,30,2.9,6.99803698519667,6.99803698519667,4.57455832166925
2,2028,Asymmetric ET-NMPC,31,3,7.34719891123433,7.34719891123433,4.65311975502772
2,2028,Asymmetric ET-NMPC,32,3.1,7.71284925749911,7.67557712907577,4.7451391569152
2,2028,Asymmetric ET-NMPC,33,3.2,8.09347612272872,7.98227015482551,4.85031794480494
2,2028,Asymmetric ET-NMPC,34,3.3,8.48778529102644,8.26640331230053,4.96774293626602
2,2028,Asymmetric ET-NMPC,35,3.4,8.89793023872105,8.52617785686334,5.08731846836925
2,2028,Asymmetric ET-NMPC,36,3.5,9.3232058454109,8.76137720293545,5.20488515566556
2,2028,Asymmetric ET-NMPC,37,3.6,9.7487167490553,9.00465678765878,5.30365516395031
2,2028,Asymmetric ET-NMPC,38,3.7,10.1717971724166,9.25511630579338,5.39461111562037
2,2028,Asymmetric ET-NMPC,39,3.8,10.5918669639626,9.51197213484307,5.48159647826073
2,2028,Asymmetric ET-NMPC,40,3.9,11.0093354587645,9.77028914338011,5.57642463309012
2,2028,Asymmetric ET-NMPC,41,4,11.4281712600398,10.0267264019809,5.670320873544
2,2028,Asymmetric ET-NMPC,42,4.1,11.8468051714095,10.2830109184357,5.76552536333742
2,2028,Asymmetric ET-NMPC,43,4.2,12.264590136651,10.5405209875497,5.86115112933754
2,2028,Asymmetric ET-NMPC,44,4.3,12.6888822113247,10.7909957567301,5.94623124083877
2,2028,Asymmetric ET-NMPC,45,4.4,13.1119131201018,11.0384680113085,6.04523797512042
2,2028,Asymmetric ET-NMPC,46,4.5,13.5316439949256,11.2884439902591,6.15171803272425
2,2028,Asymmetric ET-NMPC,47,4.6,13.9499702251102,11.5455056128651,6.24617695142817
2,2028,Asymmetric ET-NMPC,48,4.7,14.3640235141631,11.8070116073818,6.34704562176909
2,2028,Asymmetric ET-NMPC,49,4.8,14.7750113998811,12.073889623699,6.44636874193554
2,2028,Asymmetric ET-NMPC,50,4.9,15.1828164207778,12.3455891989741,6.5457387863491
2,2028,Asymmetric ET-NMPC,51,5,15.5874195428364,12.6216595709881,6.6461452767594
2,2028,Asymmetric ET-NMPC,52,5.1,15.9900262286293,12.9027381379216,6.7404993745268
2,2028,Asymmetric ET-NMPC,53,5.2,16.3886652573048,13.1917569150375,6.82741928761375
2,2028,Asymmetric ET-NMPC,54,5.3,16.7838913512759,13.4860888320481,6.91206594893742
2,2028,Asymmetric ET-NMPC,55,5.4,17.175765309665,13.7853084320689,6.99514682339019
2,2028,Asymmetric ET-NMPC,56,5.5,17.563320457974,14.0914831232259,7.07298039914069
2,2028,Asymmetric ET-NMPC,57,5.6,17.953667364061,14.3910010541025,7.16196524049994
2,2028,Asymmetric ET-NMPC,58,5.7,18.3530159664476,14.6725686715335,7.26798585446737
2,2028,Asymmetric ET-NMPC,59,5.8,18.7562236769107,14.9560588928149,7.35199083444476
2,2028,Asymmetric ET-NMPC,60,5.9,19.1684724237008,15.2204373952006,7.45276274643552
2,2028,Asymmetric ET-NMPC,61,6,19.5869610183861,15.4677216952844,7.56988563510549
2,2028,Asymmetric ET-NMPC,62,6.1,20.0106352691971,15.6977415149042,7.70251674677167
2,2028,Asymmetric ET-NMPC,63,6.2,20.4361340342198,15.9152633526118,7.84960532921246
2,2028,Asymmetric ET-NMPC,64,6.3,20.8728464331894,16.12529191705,7.97277303076708
2,2028,Asymmetric ET-NMPC,65,6.4,21.3184324586831,16.3292786861516,8.07198236458328
2,2028,Asymmetric ET-NMPC,66,6.5,21.7760318421845,16.513804848017,8.15293234794545
2,2028,Asymmetric ET-NMPC,67,6.6,22.2297243589005,16.7089667908096,8.23087409774159
2,2028,Asymmetric ET-NMPC,68,6.7,22.6941377946344,16.8843164039736,8.29064594624171
2,2028,Asymmetric ET-NMPC,69,6.8,23.1638291544933,17.0383950321485,8.36581111645794
2,2028,Asymmetric ET-NMPC,70,6.9,23.6289821812862,17.171504593449,8.46194535359191
2,2028,Asymmetric ET-NMPC,71,7,24.0768146952394,17.2872936532932,8.575400100657
2,2028,Asymmetric ET-NMPC,72,7.1,24.5073267001972,17.3857622054569,8.70617535527317
2,2028,Asymmetric ET-NMPC,73,7.2,24.9205181896607,17.5015512535283,8.85427112271435
2,2028,Asymmetric ET-NMPC,74,7.3,25.3241727205623,17.6374530640199,9.02247965250225
2,2028,Asymmetric ET-NMPC,75,7.4,25.7105067401999,17.7906753783728,9.20800869139196
2,2028,Asymmetric ET-NMPC,76,7.5,26.0795202516394,17.9612182009401,9.41085823809621
2,2028,Asymmetric ET-NMPC,77,7.6,26.4312132544467,18.1490815321464,9.63102829175634
2,2028,Asymmetric ET-NMPC,78,7.7,26.7655857485754,18.3542653720362,9.86851885228153
2,2028,Asymmetric ET-NMPC,79,7.8,27.0826377339217,18.5767697207165,10.1233299194608
2,2028,Asymmetric ET-NMPC,80,7.9,27.3823692100168,18.8165945786563,10.3954614923565
2,2028,Asymmetric ET-NMPC,81,8,27.6635314961591,19.0749886265688,10.6820972152876
2,2028,Asymmetric ET-NMPC,82,8.1,27.9273732739351,19.3507031828672,10.9860534456937
2,2028,Asymmetric ET-NMPC,83,8.2,28.1738945429944,19.643738247927,11.3073301828487
2,2028,Asymmetric ET-NMPC,84,8.3,28.3976186326595,19.9458979564716,11.6369466906813
2,2028,Asymmetric ET-NMPC,85,8.4,28.6350352565555,20.2605696597333,11.9445423113656
2,2028,Asymmetric ET-NMPC,86,8.5,28.8841158038282,20.5843695604764,12.2328347067719
2,2028,Asymmetric ET-NMPC,87,8.6,29.1449633612842,20.9183788425074,12.4981578141078
2,2028,Asymmetric ET-NMPC,88,8.7,29.4165231073509,21.2613622413397,12.7402687234895
2,2028,Asymmetric ET-NMPC,89,8.8,29.6977451038845,21.6121144398577,12.9590999001998
2,2028,Asymmetric ET-NMPC,90,8.9,29.987599464149,21.9694755478657,13.1547462349955
2,2028,Asymmetric ET-NMPC,91,9,30.2850893374246,22.3323437451757,13.3274495837744
2,2028,Asymmetric ET-NMPC,92,9.1,30.5892615480029,22.6996850286155,13.4775816849144
2,2028,Asymmetric ET-NMPC,93,9.2,30.8984743428974,23.0712850965931,13.6052564159799
2,2028,Asymmetric ET-NMPC,94,9.3,31.2015851591434,23.4550831549139,13.7092895044843
2,2028,Asymmetric ET-NMPC,95,9.4,31.4876000734131,23.8560080352149,13.7956301621782
2,2028,Asymmetric ET-NMPC,96,9.5,31.7552846915965,24.2726816451731,13.8643909646193
2,2028,Asymmetric ET-NMPC,97,9.6,32.0011257229975,24.7044465820507,13.9204376109316
2,2028,Asymmetric ET-NMPC,98,9.7,32.2233385905245,25.1499079587899,13.9671880477099
2,2028,Asymmetric ET-NMPC,99,9.8,32.4223202589845,25.6072459092858,14.0025192612916
2,2028,Asymmetric ET-NMPC,100,9.9,32.6042351172153,26.0725095064981,14.0234182915044
2,2028,Asymmetric ET-NMPC,101,10,32.7901960846591,26.5365851656833,14.030650244163
2,2028,Asymmetric ET-NMPC,102,10.1,32.9846664244999,26.9971154469486,14.020998976896
2,2028,Asymmetric ET-NMPC,103,10.2,33.186997217574,27.453622085113,13.9952319536704
2,2028,Asymmetric ET-NMPC,104,10.3,33.3965731227529,27.9057147938833,13.9541208524307
2,2028,Asymmetric ET-NMPC,105,10.4,33.6128140621875,28.3530834937838,13.8984333092829
2,2028,Asymmetric ET-NMPC,106,10.5,33.8351760302738,28.7954904324157,13.8289260736953
2,2028,Asymmetric ET-NMPC,107,10.6,34.063151178632,29.2327624115489,13.7463394646351
2,2028,Asymmetric ET-NMPC,108,10.7,34.2962673187045,29.6647832844957,13.6513930030056
2,2028,Asymmetric ET-NMPC,109,10.8,34.5340869755119,30.0914868416837,13.5447820977513
2,2028,Asymmetric ET-NMPC,110,10.9,34.7762981573647,30.5128944992857,13.4275245628126
2,2028,Asymmetric ET-NMPC,111,11,35.0233093052299,30.929504339156,13.3033402878279
2,2028,Asymmetric ET-NMPC,112,11.1,35.2755072682716,31.3419970049983,13.1758805370671
2,2028,Asymmetric ET-NMPC,113,11.2,35.5331821122519,31.7511048487371,13.0484660678295
2,2028,Asymmetric ET-NMPC,114,11.3,35.7964861007313,32.1574981295239,12.9239047938229
2,2028,Asymmetric ET-NMPC,115,11.4,36.0654297805942,32.5617175192975,12.8044226529278
2,2028,Asymmetric ET-NMPC,116,11.5,36.3399024815329,32.9641542324948,12.6916865526297
2,2028,Asymmetric ET-NMPC,117,11.6,36.6197016102538,33.3650612332294,12.586872315386
2,2028,Asymmetric ET-NMPC,118,11.7,36.9031598040907,33.7656260266196,12.4909593410657
2,2028,Asymmetric ET-NMPC,119,11.8,37.1851904772276,34.1694432254265,12.4049920835912
2,2028,Asymmetric ET-NMPC,120,11.9,37.4604606385179,34.5799291002358,12.3293106136974
2,2028,Asymmetric ET-NMPC,121,12,37.7255681150987,34.9987419718827,12.2636310552045
2,2028,Asymmetric ET-NMPC,122,12.1,37.9778476392806,35.4267465285747,12.2073536962631
2,2028,Asymmetric ET-NMPC,123,12.2,38.2169867257548,35.8632459128721,12.1595961332151
2,2028,Asymmetric ET-NMPC,124,12.3,38.4471421280348,36.3052281953652,12.1186064666696
2,2028,Asymmetric ET-NMPC,125,12.4,38.6661846356011,36.7411405291199,12.0839530006161
2,2028,Asymmetric ET-NMPC,126,12.5,38.8708855661889,37.1603363412113,12.0553567041382
2,2028,Asymmetric ET-NMPC,127,12.6,39.0590132028046,37.5559380210718,12.0323361119829
2,2028,Asymmetric ET-NMPC,128,12.7,39.2312382754181,37.9264880348562,12.0137339454486
2,2028,Asymmetric ET-NMPC,129,12.8,39.3875081425577,38.2719115791254,11.9988857032597
2,2028,Asymmetric ET-NMPC,130,12.9,39.5273296175706,38.5924652778979,11.9873452067407
2,2028,Asymmetric ET-NMPC,131,13,39.6505589752249,38.8881919354745,11.9786890935202
2,2028,Asymmetric ET-NMPC,132,13.1,39.757347030516,39.1589481713275,11.9725152404687
2,2028,Asymmetric ET-NMPC,133,13.2,39.8481224748956,39.4044227940287,11.9684476467177
2,2028,Asymmetric ET-NMPC,134,13.3,39.9279087519956,39.6219961115074,11.9652491728577
2,2028,Symmetric-energy ET-NMPC,1,0,0,0,3
2,2028,Symmetric-energy ET-NMPC,2,0.1,0,0,3
2,2028,Symmetric-energy ET-NMPC,3,0.2,0.0209497155622598,0.0209497155622598,3.00471368600151
2,2028,Symmetric-energy ET-NMPC,4,0.3,0.0628491466867795,0.0628491466867795,3.01414105800453
2,2028,Symmetric-energy ET-NMPC,5,0.4,0.125698293373559,0.125698293373559,3.02828211600905
2,2028,Symmetric-energy ET-NMPC,6,0.5,0.209497155622598,0.209497155622598,3.04713686001508
2,2028,Symmetric-energy ET-NMPC,7,0.6,0.314245733433897,0.314245733433897,3.07070529002263
2,2028,Symmetric-energy ET-NMPC,8,0.7,0.439944026807456,0.439944026807456,3.09898740603168
2,2028,Symmetric-energy ET-NMPC,9,0.8,0.586592035743275,0.586592035743275,3.13198320804224
2,2028,Symmetric-energy ET-NMPC,10,0.9,0.754189760241354,0.754189760241354,3.16969269605431
2,2028,Symmetric-energy ET-NMPC,11,1,0.942737200301692,0.942737200301692,3.21211587006788
2,2028,Symmetric-energy ET-NMPC,12,1.1,1.15223435592429,1.15223435592429,3.25925273008297
2,2028,Symmetric-energy ET-NMPC,13,1.2,1.38268122710915,1.38268122710915,3.31110327609956
2,2028,Symmetric-energy ET-NMPC,14,1.3,1.63407781385627,1.63407781385627,3.36766750811766
2,2028,Symmetric-energy ET-NMPC,15,1.4,1.90642411616564,1.90642411616564,3.42894542613727
2,2028,Symmetric-energy ET-NMPC,16,1.5,2.19972013403728,2.19972013403728,3.49493703015839
2,2028,Symmetric-energy ET-NMPC,17,1.6,2.5104742482108,2.5104742482108,3.56485670584743
2,2028,Symmetric-energy ET-NMPC,18,1.7,2.83432193461074,2.83432193461074,3.63772243528742
2,2028,Symmetric-energy ET-NMPC,19,1.8,3.16798980018048,3.16798980018048,3.71279770504061
2,2028,Symmetric-energy ET-NMPC,20,1.9,3.50902280012758,3.50902280012758,3.78953013002871
2,2028,Symmetric-energy ET-NMPC,21,2,3.85557965085769,3.85557965085769,3.86750542144298
2,2028,Symmetric-energy ET-NMPC,22,2.1,4.20474157689536,4.20474157689536,3.94606685480146
2,2028,Symmetric-energy ET-NMPC,23,2.2,4.55390350293302,4.55390350293302,4.02462828815993
2,2028,Symmetric-energy ET-NMPC,24,2.3,4.90306542897069,4.90306542897069,4.1031897215184
2,2028,Symmetric-energy ET-NMPC,25,2.4,5.25222735500835,5.25222735500835,4.18175115487688
2,2028,Symmetric-energy ET-NMPC,26,2.5,5.60138928104601,5.60138928104601,4.26031258823535
2,2028,Symmetric-energy ET-NMPC,27,2.6,5.95055120708368,5.95055120708368,4.33887402159383
2,2028,Symmetric-energy ET-NMPC,28,2.7,6.29971313312134,6.29971313312134,4.4174354549523
2,2028,Symmetric-energy ET-NMPC,29,2.8,6.64887505915901,6.64887505915901,4.49599688831078
2,2028,Symmetric-energy ET-NMPC,30,2.9,6.99803698519667,6.99803698519667,4.57455832166925
2,2028,Symmetric-energy ET-NMPC,31,3,7.34719891123433,7.34719891123433,4.65311975502772
2,2028,Symmetric-energy ET-NMPC,32,3.1,7.71282600808619,7.67559007411668,4.74518533050774
2,2028,Symmetric-energy ET-NMPC,33,3.2,8.09340565497497,7.98230984873008,4.85045694223242
2,2028,Symmetric-energy ET-NMPC,34,3.3,8.48763668065202,8.26648765443074,4.96803616293397
2,2028,Symmetric-energy ET-NMPC,35,3.4,8.89768342792032,8.52630626922519,5.08785249095725
2,2028,Symmetric-energy ET-NMPC,36,3.5,9.32284048646084,8.76153574681458,5.20578708489048
2,2028,Symmetric-energy ET-NMPC,37,3.6,9.74826396363196,9.00484766888419,5.3048535961363
2,2028,Symmetric-energy ET-NMPC,38,3.7,10.171263469134,9.25533912239938,5.39609750037591
2,2028,Symmetric-energy ET-NMPC,39,3.8,10.5912548576667,9.51222378505295,5.48337581183844
2,2028,Symmetric-energy ET-NMPC,40,3.9,11.0086192187899,9.77058516547405,5.5785408640958
2,2028,Symmetric-energy ET-NMPC,41,4,11.4273644479336,10.027036166713,5.67280282372358
2,2028,Symmetric-energy ET-NMPC,42,4.1,11.8459242500865,10.2833157670871,5.76834579025611
2,2028,Symmetric-energy ET-NMPC,43,4.2,12.2636504261965,10.5408060350263,5.86428120451567
2,2028,Symmetric-energy ET-NMPC,44,4.3,12.6879096454579,10.7912307059231,5.94967206513831
2,2028,Symmetric-energy ET-NMPC,45,4.4,13.1108903004183,11.0386370086317,6.04905761192142
2,2028,Symmetric-energy ET-NMPC,46,4.5,13.5305654023714,11.288514313393,6.15598815650944
2,2028,Symmetric-energy ET-NMPC,47,4.6,13.9488544661234,11.54548964504,6.25084561836848
2,2028,Symmetric-energy ET-NMPC,48,4.7,14.3628640423065,11.8069042430397,6.35212976708597
2,2028,Symmetric-energy ET-NMPC,49,4.8,14.7738200612857,12.0737038690269,6.45179475611341
2,2028,Symmetric-energy ET-NMPC,50,4.9,15.1816010948588,12.3453353010231,6.55144912786767
2,2028,Symmetric-energy ET-NMPC,51,5,15.586183814867,12.6213437212555,6.65210783157255
2,2028,Symmetric-energy ET-NMPC,52,5.1,15.9887819212589,12.9023709517024,6.74665126326914
2,2028,Symmetric-energy ET-NMPC,53,5.2,16.3874365647113,13.1913335543691,6.83368625343968
2,2028,Symmetric-energy ET-NMPC,54,5.3,16.782690706838,13.4856108096813,6.91839198015046
2,2028,Symmetric-energy ET-NMPC,55,5.4,17.1746006525268,13.7847792476346,7.00148734826889
2,2028,Symmetric-energy ET-NMPC,56,5.5,17.5622039438582,14.0909040789433,7.07927729752518
2,2028,Symmetric-energy ET-NMPC,57,5.6,17.9526225508342,14.3903291443231,7.16826011355894
2,2028,Symmetric-energy ET-NMPC,58,5.7,18.352077455464,14.6717501792674,7.27426945398704
2,2028,Symmetric-energy ET-NMPC,59,5.8,18.7553924318449,14.9551236514498,7.358153332594
2,2028,Symmetric-energy ET-NMPC,60,5.9,19.1677502708391,15.2193781324323,7.45880412444741
2,2028,Symmetric-energy ET-NMPC,61,6,19.5863479796926,15.4665336471676,7.57580886656741
2,2028,Symmetric-energy ET-NMPC,62,6.1,20.0101452820131,15.696393876983,7.70832347442268
2,2028,Symmetric-energy ET-NMPC,63,6.2,20.4357211572842,15.9138467576632,7.85529088261637
2,2028,Symmetric-energy ET-NMPC,64,6.3,20.8724904723236,16.1238310568667,7.97833217457961
2,2028,Symmetric-energy ET-NMPC,65,6.4,21.318080143187,16.3278758051766,8.07740581338927
2,2028,Symmetric-energy ET-NMPC,66,6.5,21.7756806096453,16.5124582647838,8.15822121230896
2,2028,Symmetric-energy ET-NMPC,67,6.6,22.2293276695076,16.7076485866675,8.23635624492051
2,2028,Symmetric-energy ET-NMPC,68,6.7,22.693704640245,16.8830293366901,8.29631974690486
2,2028,Symmetric-energy ET-NMPC,69,6.8,23.1633566095301,17.0371370642611,8.37167116394249
2,2028,Symmetric-energy ET-NMPC,70,6.9,23.6284971365831,17.170272823823,8.46799454909973
2,2028,Symmetric-energy ET-NMPC,71,7,24.0763171502416,17.2860880829725,8.58163844467722
2,2028,Symmetric-energy ET-NMPC,72,7.1,24.5068166548914,17.3845828344558,8.71260284780685
2,2028,Symmetric-energy ET-NMPC,73,7.2,24.9199956443209,17.500398082442,8.86088776344049
2,2028,Symmetric-energy ET-NMPC,74,7.3,25.3158541254621,17.5988928226896,9.02649318727447
2,2028,Symmetric-energy ET-NMPC,75,7.4,25.6943920980923,17.7147080714498,9.20941911831203
2,2028,Symmetric-energy ET-NMPC,76,7.5,26.0556095625406,17.8478438283966,9.40966555720809
2,2028,Symmetric-energy ET-NMPC,77,7.6,26.3995065184601,17.9983000938716,9.62723250327412
2,2028,Symmetric-energy ET-NMPC,78,7.7,26.7260829658576,18.166076867868,9.86211995652396
2,2028,Symmetric-energy ET-NMPC,79,7.8,27.035338904707,18.3511741504132,10.1143279169038
2,2028,Symmetric-energy ET-NMPC,80,7.9,27.3272743349354,18.5535919415809,10.3838563842674
2,2028,Symmetric-energy ET-NMPC,81,8,27.6018892561477,18.7733302417668,10.6707053578236
2,2028,Symmetric-energy ET-NMPC,82,8.1,27.8591836692722,19.0103890500419,10.97487483943
2,2028,Symmetric-energy ET-NMPC,83,8.2,28.0991575743104,19.2647683664077,11.2963648290864
2,2028,Symmetric-energy ET-NMPC,84,8.3,28.3218109712608,19.536468190872,11.6351753267837
3,2029,Asymmetric ET-NMPC,1,0,0,0,3
3,2029,Asymmetric ET-NMPC,2,0.1,0,0,3
3,2029,Asymmetric ET-NMPC,3,0.2,0.0209497155622598,0.0209497155622598,3.00471368600151
3,2029,Asymmetric ET-NMPC,4,0.3,0.0628491466867795,0.0628491466867795,3.01414105800453
3,2029,Asymmetric ET-NMPC,5,0.4,0.125698293373559,0.125698293373559,3.02828211600905
3,2029,Asymmetric ET-NMPC,6,0.5,0.209497155622598,0.209497155622598,3.04713686001508
3,2029,Asymmetric ET-NMPC,7,0.6,0.314245733433897,0.314245733433897,3.07070529002263
3,2029,Asymmetric ET-NMPC,8,0.7,0.439944026807456,0.439944026807456,3.09898740603168
3,2029,Asymmetric ET-NMPC,9,0.8,0.586592035743275,0.586592035743275,3.13198320804224
3,2029,Asymmetric ET-NMPC,10,0.9,0.754189760241354,0.754189760241354,3.16969269605431
3,2029,Asymmetric ET-NMPC,11,1,0.942737200301692,0.942737200301692,3.21211587006788
3,2029,Asymmetric ET-NMPC,12,1.1,1.15223435592429,1.15223435592429,3.25925273008297
3,2029,Asymmetric ET-NMPC,13,1.2,1.38268122710915,1.38268122710915,3.31110327609956
3,2029,Asymmetric ET-NMPC,14,1.3,1.63407781385627,1.63407781385627,3.36766750811766
3,2029,Asymmetric ET-NMPC,15,1.4,1.90642411616564,1.90642411616564,3.42894542613727
3,2029,Asymmetric ET-NMPC,16,1.5,2.19972013403728,2.19972013403728,3.49493703015839
3,2029,Asymmetric ET-NMPC,17,1.6,2.5104742482108,2.5104742482108,3.56485670584743
3,2029,Asymmetric ET-NMPC,18,1.7,2.83432193461074,2.83432193461074,3.63772243528742
3,2029,Asymmetric ET-NMPC,19,1.8,3.16798980018048,3.16798980018048,3.71279770504061
3,2029,Asymmetric ET-NMPC,20,1.9,3.50902280012758,3.50902280012758,3.78953013002871
3,2029,Asymmetric ET-NMPC,21,2,3.85557965085769,3.85557965085769,3.86750542144298
3,2029,Asymmetric ET-NMPC,22,2.1,4.20474157689536,4.20474157689536,3.94606685480146
3,2029,Asymmetric ET-NMPC,23,2.2,4.55390350293302,4.55390350293302,4.02462828815993
3,2029,Asymmetric ET-NMPC,24,2.3,4.90306542897069,4.90306542897069,4.1031897215184
3,2029,Asymmetric ET-NMPC,25,2.4,5.25222735500835,5.25222735500835,4.18175115487688
3,2029,Asymmetric ET-NMPC,26,2.5,5.60138928104601,5.60138928104601,4.26031258823535
3,2029,Asymmetric ET-NMPC,27,2.6,5.95055120708368,5.95055120708368,4.33887402159383
3,2029,Asymmetric ET-NMPC,28,2.7,6.29971313312134,6.29971313312134,4.4174354549523
3,2029,Asymmetric ET-NMPC,29,2.8,6.64887505915901,6.64887505915901,4.49599688831078
3,2029,Asymmetric ET-NMPC,30,2.9,6.99803698519667,6.99803698519667,4.57455832166925
3,2029,Asymmetric ET-NMPC,31,3,7.34719891123433,7.34719891123433,4.65311975502772
3,2029,Asymmetric ET-NMPC,32,3.1,7.71215858961781,7.67597549126384,4.74644924435632
3,2029,Asymmetric ET-NMPC,33,3.2,8.09190625885696,7.98317853103989,4.85330428663222
3,2029,Asymmetric ET-NMPC,34,3.3,8.4847425616798,8.26817559659058,4.9735386902444
3,2029,Asymmetric ET-NMPC,35,3.4,8.89159733717641,8.52916211939986,5.10142624463311
3,2029,Asymmetric ET-NMPC,36,3.5,9.30722931191067,8.76792039615401,5.24370957766931
3,2029,Asymmetric ET-NMPC,37,3.6,9.72101258673157,9.0141674284192,5.37841592710792
3,2029,Asymmetric ET-NMPC,38,3.7,10.1295139009147,9.26391628110455,5.52247212063314
3,2029,Asymmetric ET-NMPC,39,3.8,10.5337066522314,9.51591179748132,5.67454604840851
3,2029,Asymmetric ET-NMPC,40,3.9,10.934015769625,9.77215346312122,5.82976466624067
3,2029,Asymmetric ET-NMPC,41,4,11.3361127120197,10.0170889517626,5.99806396903424
3,2029,Asymmetric ET-NMPC,42,4.1,11.7475559231637,10.256021743572,6.15177019858164
3,2029,Asymmetric ET-NMPC,43,4.2,12.1676614747493,10.4811897288873,6.3028023273359
3,2029,Asymmetric ET-NMPC,44,4.3,12.5873173044787,10.7072404821243,6.4537660366673
3,2029,Asymmetric ET-NMPC,45,4.4,13.0039932902233,10.9365305024757,6.60806188713336
3,2029,Asymmetric ET-NMPC,46,4.5,13.4191054515883,11.1740029681586,6.75396843780625
3,2029,Asymmetric ET-NMPC,47,4.6,13.8337337472137,11.4196644425111,6.88713681425431
3,2029,Asymmetric ET-NMPC,48,4.7,14.2470732283617,11.6727057782648,7.01010248313923
3,2029,Asymmetric ET-NMPC,49,4.8,14.6602177310974,11.9330027900587,7.11760636916372
3,2029,Asymmetric ET-NMPC,50,4.9,15.0720264547757,12.2005849684287,7.21148582869154
3,2029,Asymmetric ET-NMPC,51,5,15.4811853068888,12.4734565594069,7.30165305430322
3,2029,Asymmetric ET-NMPC,52,5.1,15.888834483714,12.7524701440397,7.37894191652831
3,2029,Asymmetric ET-NMPC,53,5.2,16.2942746868815,13.0381895291,7.44205035222687
3,2029,Asymmetric ET-NMPC,54,5.3,16.6964721279086,13.3294835532939,7.50023119013906
3,2029,Asymmetric ET-NMPC,55,5.4,17.0928021384718,13.6313874705306,7.54238030026146
3,2029,Asymmetric ET-NMPC,56,5.5,17.4738786054397,13.9531668745298,7.57757605973918
3,2029,Asymmetric ET-NMPC,57,5.6,17.8462193634733,14.2867097086788,7.58813720052987
3,2029,Asymmetric ET-NMPC,58,5.7,18.2175930580526,14.6209549153768,7.56911824225362
3,2029,Asymmetric ET-NMPC,59,5.8,18.6049176534608,14.936784474105,7.55390812636157
3,2029,Asymmetric ET-NMPC,60,5.9,19.0071533337063,15.2337713378824,7.55620165662464
3,2029,Asymmetric ET-NMPC,61,6,19.4211147563484,15.5138406171009,7.54216102265632
3,2029,Asymmetric ET-NMPC,62,6.1,19.8426302597824,15.7806275775913,7.50825824877254
3,2029,Asymmetric ET-NMPC,63,6.2,20.2760271610831,16.0258909555061,7.46339176465815
3,2029,Asymmetric ET-NMPC,64,6.3,20.7170448904178,16.25300984649,7.40077889241413
3,2029,Asymmetric ET-NMPC,65,6.4,21.1626556485985,16.4575570373726,7.31894565491456
3,2029,Asymmetric ET-NMPC,66,6.5,21.6141822393813,16.642144298526,7.21551139591539
3,2029,Asymmetric ET-NMPC,67,6.6,22.0704881041707,16.8084829018821,7.09669882590566
3,2029,Asymmetric ET-NMPC,68,6.7,22.5327555143595,16.9738076081549,7.00195399505382
3,2029,Asymmetric ET-NMPC,69,6.8,22.9927944948133,17.1555909274128,6.92902278566677
3,2029,Asymmetric ET-NMPC,70,6.9,23.4546826828251,17.3203550861775,6.83149292479458
3,2029,Asymmetric ET-NMPC,71,7,23.9025090166804,17.5038577489961,6.75270159971108
3,2029,Asymmetric ET-NMPC,72,7.1,24.3310736867192,17.6999292947153,6.69317193316595
3,2029,Asymmetric ET-NMPC,73,7.2,24.7764451098964,17.9135725940342,6.65121402021502
3,2029,Asymmetric ET-NMPC,74,7.3,25.2195993061031,18.1441908848747,6.63048813509095
3,2029,Asymmetric ET-NMPC,75,7.4,25.6533077513675,18.3929818186518,6.63072430596808
3,2029,Asymmetric ET-NMPC,76,7.5,26.0696956998637,18.6590932663004,6.64828099043259
3,2029,Asymmetric ET-NMPC,77,7.6,26.468763141933,18.9425252230339,6.68315818361243
3,2029,Asymmetric ET-NMPC,78,7.7,26.8582862596037,19.2460681953209,6.73814639181338
3,2029,Asymmetric ET-NMPC,79,7.8,27.2444758965617,19.5555925561327,6.80922546306724
3,2029,Asymmetric ET-NMPC,80,7.9,27.6274966637417,19.8658409455321,6.89313630136555
3,2029,Asymmetric ET-NMPC,81,8,28.0072633086172,20.1765751838189,6.98916509182101
3,2029,Asymmetric ET-NMPC,82,8.1,28.3837236965965,20.4875890663691,7.09662643902757
3,2029,Asymmetric ET-NMPC,83,8.2,28.7568543084333,20.7987052565742,7.21486459996798
3,2029,Asymmetric ET-NMPC,84,8.3,29.1289351336393,21.1122488095887,7.32995717087109
3,2029,Asymmetric ET-NMPC,85,8.4,29.497783226666,21.4256493249305,7.45538125649303
3,2029,Asymmetric ET-NMPC,86,8.5,29.8634111609149,21.7387789965362,7.59053310611755
3,2029,Asymmetric ET-NMPC,87,8.6,30.2158762712237,22.0600248432346,7.74076443438855
3,2029,Asymmetric ET-NMPC,88,8.7,30.5542213390106,22.3892116848231,7.90556321602621
3,2029,Asymmetric ET-NMPC,89,8.8,30.8712811025363,22.7314395004168,8.08543324851367
3,2029,Asymmetric ET-NMPC,90,8.9,31.1675353611623,23.0944728221421,8.25944991611598
3,2029,Asymmetric ET-NMPC,91,9,31.4415360313322,23.4680999049039,8.4474031969422
3,2029,Asymmetric ET-NMPC,92,9.1,31.6928154135401,23.8508216104847,8.64835783897496
3,2029,Asymmetric ET-NMPC,93,9.2,31.9211730582706,24.2412863820703,8.86140724226854
3,2029,Asymmetric ET-NMPC,94,9.3,32.1265788317869,24.6381902302719,9.08562990724442
3,2029,Asymmetric ET-NMPC,95,9.4,32.3091597309678,25.0402922045542,9.32010425026
3,2029,Asymmetric ET-NMPC,96,9.5,32.4691843599411,25.4464265912741,9.56392175997905
3,2029,Asymmetric ET-NMPC,97,9.6,32.6070459252346,25.8555118656379,9.81619824939803
3,2029,Asymmetric ET-NMPC,98,9.7,32.7285267824057,26.2650647167005,10.0760229278399
3,2029,Asymmetric ET-NMPC,99,9.8,32.8552383469044,26.6704885483392,10.3397949812529
3,2029,Asymmetric ET-NMPC,100,9.9,32.9949904808818,27.0750346193114,10.5982748015672
3,2029,Asymmetric ET-NMPC,101,10,33.1490473818371,27.4826242519141,10.8435035981283
3,2029,Asymmetric ET-NMPC,102,10.1,33.3169743904924,27.8959883728668,11.0691817390129
3,2029,Asymmetric ET-NMPC,103,10.2,33.4975104663083,28.3157192092906,11.2722402288231
3,2029,Asymmetric ET-NMPC,104,10.3,33.6898092853454,28.7404938038129,11.4527608870464
3,2029,Asymmetric ET-NMPC,105,10.4,33.8930178789535,29.1690683469987,11.6109700157869
3,2029,Asymmetric ET-NMPC,106,10.5,34.1062891299235,29.6002884792938,11.7472218818772
3,2029,Asymmetric ET-NMPC,107,10.6,34.3287926347302,30.0330960437235,11.8619816419029
3,2029,Asymmetric ET-NMPC,108,10.7,34.5597237292053,30.4665328615876,11.9558078350713
3,2029,Asymmetric ET-NMPC,109,10.8,34.7983218524086,30.8997202808112,12.0294257366318
3,2029,Asymmetric ET-NMPC,110,10.9,35.0439901035402,31.3316779752311,12.0847399356896
3,2029,Asymmetric ET-NMPC,111,11,35.2961979607578,31.7616262900017,12.1239272216848
3,2029,Asymmetric ET-NMPC,112,11.1,35.5544791266323,32.1889970701745,12.1493251666599
3,2029,Asymmetric ET-NMPC,113,11.2,35.8184263500725,32.6134212969431,12.1633229868495
3,2029,Asymmetric ET-NMPC,114,11.3,36.0876812904306,33.0347023655931,12.168225872728
3,2029,Asymmetric ET-NMPC,115,11.4,36.36192411149,33.4527772113218,12.166152598434
3,2029,Asymmetric ET-NMPC,116,11.5,36.6408637316881,33.86767598486,12.1589626053778
3,2029,Asymmetric ET-NMPC,117,11.6,36.922970096486,34.2803462812459,12.1480435659794
3,2029,Asymmetric ET-NMPC,118,11.7,37.2032891773602,34.6941506286857,12.1343623767866
3,2029,Asymmetric ET-NMPC,119,11.8,37.476738282445,35.1124719127689,12.1191016359349
3,2029,Asymmetric ET-NMPC,120,11.9,37.7399907874728,35.5372688182244,12.1034265693654
3,2029,Asymmetric ET-NMPC,121,12,37.9936152569164,35.9678933775484,12.0880279523341
3,2029,Asymmetric ET-NMPC,122,12.1,38.2408817772795,36.4022194466617,12.0731910525206
3,2029,Asymmetric ET-NMPC,123,12.2,38.4790797420242,36.8302321336183,12.0593773219185
3,2029,Asymmetric ET-NMPC,124,12.3,38.7038894146547,37.2416365788897,12.0469662091022
3,2029,Asymmetric ET-NMPC,125,12.4,38.9122718571019,37.6298659089587,12.0361395883295
3,2029,Asymmetric ET-NMPC,126,12.5,39.1040910313038,37.9931246211618,12.0267711816828
3,2029,Asymmetric ET-NMPC,127,12.6,39.2793105153304,38.3314297868155,12.018733489388
3,2029,Asymmetric ET-NMPC,128,12.7,39.437244293878,38.6452472916177,12.0119443370855
3,2029,Asymmetric ET-NMPC,129,12.8,39.5775905332802,38.9347883775801,12.0063101545342
3,2029,Asymmetric ET-NMPC,130,12.9,39.7003503940639,39.2000474515303,12.0017262956122
3,2029,Asymmetric ET-NMPC,131,13,39.8058106146948,39.4408150930184,11.9980869929556
3,2029,Asymmetric ET-NMPC,132,13.1,39.8988242144438,39.6542913746743,11.9949608249133
3,2029,Symmetric-energy ET-NMPC,1,0,0,0,3
3,2029,Symmetric-energy ET-NMPC,2,0.1,0,0,3
3,2029,Symmetric-energy ET-NMPC,3,0.2,0.0209497155622598,0.0209497155622598,3.00471368600151
3,2029,Symmetric-energy ET-NMPC,4,0.3,0.0628491466867795,0.0628491466867795,3.01414105800453
3,2029,Symmetric-energy ET-NMPC,5,0.4,0.125698293373559,0.125698293373559,3.02828211600905
3,2029,Symmetric-energy ET-NMPC,6,0.5,0.209497155622598,0.209497155622598,3.04713686001508
3,2029,Symmetric-energy ET-NMPC,7,0.6,0.314245733433897,0.314245733433897,3.07070529002263
3,2029,Symmetric-energy ET-NMPC,8,0.7,0.439944026807456,0.439944026807456,3.09898740603168
3,2029,Symmetric-energy ET-NMPC,9,0.8,0.586592035743275,0.586592035743275,3.13198320804224
3,2029,Symmetric-energy ET-NMPC,10,0.9,0.754189760241354,0.754189760241354,3.16969269605431
3,2029,Symmetric-energy ET-NMPC,11,1,0.942737200301692,0.942737200301692,3.21211587006788
3,2029,Symmetric-energy ET-NMPC,12,1.1,1.15223435592429,1.15223435592429,3.25925273008297
3,2029,Symmetric-energy ET-NMPC,13,1.2,1.38268122710915,1.38268122710915,3.31110327609956
3,2029,Symmetric-energy ET-NMPC,14,1.3,1.63407781385627,1.63407781385627,3.36766750811766
3,2029,Symmetric-energy ET-NMPC,15,1.4,1.90642411616564,1.90642411616564,3.42894542613727
3,2029,Symmetric-energy ET-NMPC,16,1.5,2.19972013403728,2.19972013403728,3.49493703015839
3,2029,Symmetric-energy ET-NMPC,17,1.6,2.5104742482108,2.5104742482108,3.56485670584743
3,2029,Symmetric-energy ET-NMPC,18,1.7,2.83432193461074,2.83432193461074,3.63772243528742
3,2029,Symmetric-energy ET-NMPC,19,1.8,3.16798980018048,3.16798980018048,3.71279770504061
3,2029,Symmetric-energy ET-NMPC,20,1.9,3.50902280012758,3.50902280012758,3.78953013002871
3,2029,Symmetric-energy ET-NMPC,21,2,3.85557965085769,3.85557965085769,3.86750542144298
3,2029,Symmetric-energy ET-NMPC,22,2.1,4.20474157689536,4.20474157689536,3.94606685480146
3,2029,Symmetric-energy ET-NMPC,23,2.2,4.55390350293302,4.55390350293302,4.02462828815993
3,2029,Symmetric-energy ET-NMPC,24,2.3,4.90306542897069,4.90306542897069,4.1031897215184
3,2029,Symmetric-energy ET-NMPC,25,2.4,5.25222735500835,5.25222735500835,4.18175115487688
3,2029,Symmetric-energy ET-NMPC,26,2.5,5.60138928104601,5.60138928104601,4.26031258823535
3,2029,Symmetric-energy ET-NMPC,27,2.6,5.95055120708368,5.95055120708368,4.33887402159383
3,2029,Symmetric-energy ET-NMPC,28,2.7,6.29971313312134,6.29971313312134,4.4174354549523
3,2029,Symmetric-energy ET-NMPC,29,2.8,6.64887505915901,6.64887505915901,4.49599688831078
3,2029,Symmetric-energy ET-NMPC,30,2.9,6.99803698519667,6.99803698519667,4.57455832166925
3,2029,Symmetric-energy ET-NMPC,31,3,7.34719891123433,7.34719891123433,4.65311975502772
3,2029,Symmetric-energy ET-NMPC,32,3.1,7.7121355056286,7.67598926818593,4.74649096711986
3,2029,Symmetric-energy ET-NMPC,33,3.2,8.09183476283612,7.98322093832607,4.85343569554983
3,2029,Symmetric-energy ET-NMPC,34,3.3,8.48460240482171,8.2682591165554,4.97379688680673
3,2029,Symmetric-energy ET-NMPC,35,3.4,8.89137003277696,8.52929477910915,5.10186124454449
3,2029,Symmetric-energy ET-NMPC,36,3.5,9.30691549199996,8.7681005648117,5.24431744144072
3,2029,Symmetric-energy ET-NMPC,37,3.6,9.72060594726082,9.01438614576845,5.37923823242141
3,2029,Symmetric-energy ET-NMPC,38,3.7,10.1290152385828,9.26416903778341,5.52349618755227
3,2029,Symmetric-energy ET-NMPC,39,3.8,10.5330418466016,9.51619278747298,5.67596431407463
3,2029,Symmetric-energy ET-NMPC,40,3.9,10.9331712959279,9.77247001176723,5.83158696053027
3,2029,Symmetric-energy ET-NMPC,41,4,11.3350632344092,10.0174868898594,6.00025705045045
3,2029,Symmetric-energy ET-NMPC,42,4.1,11.7462041104157,10.2564414861348,6.15473643741019
3,2029,Symmetric-energy ET-NMPC,43,4.2,12.165925414083,10.4816569242434,6.30676286171002
3,2029,Symmetric-energy ET-NMPC,44,4.3,12.5852250702731,10.7076917887374,6.45873666982185
3,2029,Symmetric-energy ET-NMPC,45,4.4,13.0016450481797,10.9369821776631,6.61372157084974
3,2029,Symmetric-energy ET-NMPC,46,4.5,13.4164648460406,11.1744271811102,6.7605016977085
3,2029,Symmetric-energy ET-NMPC,47,4.6,13.8307371408499,11.4200389522993,6.89486435474816
3,2029,Symmetric-energy ET-NMPC,48,4.7,14.2436888444833,11.6730125437773,7.01926392259709
3,2029,Symmetric-energy ET-NMPC,49,4.8,14.6564433044838,11.9332572298011,7.12838064517459
3,2029,Symmetric-energy ET-NMPC,50,4.9,15.0679341607944,12.2007299167597,7.22395070797631
3,2029,Symmetric-energy ET-NMPC,51,5,15.4767662861486,12.4734772376366,7.31595718727432
3,2029,Symmetric-energy ET-NMPC,52,5.1,15.8841943897502,12.7523195540718,7.39500972019197
3,2029,Symmetric-energy ET-NMPC,53,5.2,16.2894901150114,13.0378461514302,7.4598937497054
3,2029,Symmetric-energy ET-NMPC,54,5.3,16.6915957253252,13.3289205213956,7.51978355938511
3,2029,Symmetric-energy ET-NMPC,55,5.4,17.0880196628133,13.6305223834852,7.56319298889582
3,2029,Symmetric-energy ET-NMPC,56,5.5,17.469214586204,13.9520094016304,7.59975153844691
3,2029,Symmetric-energy ET-NMPC,57,5.6,17.8416589244836,14.2853891089344,7.61171755872847
3,2029,Symmetric-energy ET-NMPC,58,5.7,18.2130657476793,14.6196732501845,7.59407996840488
3,2029,Symmetric-energy ET-NMPC,59,5.8,18.6005577308946,14.9352922287149,7.57876254906442
3,2029,Symmetric-energy ET-NMPC,60,5.9,19.0029988204599,15.2320020183442,7.58087682616336
3,2029,Symmetric-energy ET-NMPC,61,6,19.4169205407151,15.5120874992425,7.56601301471007
3,2029,Symmetric-energy ET-NMPC,62,6.1,19.8385488538522,15.7785978786103,7.53134626911175
3,2029,Symmetric-energy ET-NMPC,63,6.2,20.2718128906126,16.0238052042296,7.48491737818425
3,2029,Symmetric-energy ET-NMPC,64,6.3,20.7127202410282,16.2507267027665,7.42082883122625
3,2029,Symmetric-energy ET-NMPC,65,6.4,21.1583531100574,16.4554321597954,7.33714138191259
3,2029,Symmetric-energy ET-NMPC,66,6.5,21.6088775060164,16.6397231234743,7.23202214719599
3,2029,Symmetric-energy ET-NMPC,67,6.6,22.0648472678637,16.8057420779436,7.11148467153869
3,2029,Symmetric-energy ET-NMPC,68,6.7,22.5267382554498,16.9711303774622,7.01503040274214
3,2029,Symmetric-energy ET-NMPC,69,6.8,22.986597639534,17.1527450625027,6.94056260401462
3,2029,Symmetric-energy ET-NMPC,70,6.9,23.4487400093253,17.3163300005656,6.84225493349677
3,2029,Symmetric-energy ET-NMPC,71,7,23.8968948054036,17.4986812201334,6.76271357481971
3,2029,Symmetric-energy ET-NMPC,72,7.1,24.3258949882306,17.6939243667379,6.70232682416466
3,2029,Symmetric-energy ET-NMPC,73,7.2,24.7336880178774,17.8898840974295,6.66314722233331
3,2029,Symmetric-energy ET-NMPC,74,7.3,25.1535236928215,18.1052728618351,6.64339665401319
3,2029,Symmetric-energy ET-NMPC,75,7.4,25.5620422382899,18.3403075238948,6.64329198312223
3,2029,Symmetric-energy ET-NMPC,76,7.5,25.9592937698592,18.5950024810796,6.66284760707613
3,2029,Symmetric-energy ET-NMPC,77,7.6,26.3414892528806,18.8680456727245,6.70075146512283
3,2029,Symmetric-energy ET-NMPC,78,7.7,26.7221343908649,19.1622737227898,6.7598401810631
3,2029,Symmetric-energy ET-NMPC,79,7.8,27.1112480542348,19.4672061810523,6.83471843476065
3,2029,Symmetric-energy ET-NMPC,80,7.9,27.4969930535077,19.7730551456105,6.9222238998166
3,2029,Symmetric-energy ET-NMPC,81,8,27.8792981789827,20.0795793795168,7.02165068224321
3,2029,Symmetric-energy ET-NMPC,82,8.1,28.2581244604376,20.3865689445253,7.13232161544116
3,2029,Symmetric-energy ET-NMPC,83,8.2,28.633460680629,20.6938422086412,7.25358934804955
3,2029,Symmetric-energy ET-NMPC,84,8.3,29.0071637222435,21.0033181147939,7.37429850345646
3,2029,Symmetric-energy ET-NMPC,85,8.4,29.3774754182526,21.3128046787285,7.50501695870611
3,2029,Symmetric-energy ET-NMPC,86,8.5,29.7444243026073,21.622173950297,7.6451567820256
3,2029,Symmetric-energy ET-NMPC,87,8.6,30.0989984361643,21.9390006102698,7.79974672782668
3,2029,Symmetric-energy ET-NMPC,88,8.7,30.4417050423649,22.2620403156035,7.96766793209928
3,2029,Symmetric-energy ET-NMPC,89,8.8,30.7632330197422,22.5983648355547,8.15071321896364
3,2029,Symmetric-energy ET-NMPC,90,8.9,31.0628301439328,22.946650280567,8.3480424159146
3,2029,Symmetric-energy ET-NMPC,91,9,31.3399331666559,23.3055553652682,8.55875799429774
3,2029,Symmetric-energy ET-NMPC,92,9.1,31.5941662851715,23.6737441407395,8.7819228371086
3,2029,Symmetric-energy ET-NMPC,93,9.2,31.8253348891547,24.0499066583494,9.01657755553089
3,2029,Symmetric-energy ET-NMPC,94,9.3,32.033415272974,24.4327770320951,9.26175673649327
3,2029,Symmetric-energy ET-NMPC,95,9.4,32.2185411680367,24.8211485225228,9.51650364697547
3,2029,Symmetric-energy ET-NMPC,96,9.5,32.3809879869827,25.2138854710208,9.77988306966981
3,2029,Symmetric-energy ET-NMPC,97,9.6,32.5211556309554,25.6099321221561,10.0509920545959
3,2029,Symmetric-energy ET-NMPC,98,9.7,32.643260844762,26.0076055651055,10.328383744331
3,2029,Symmetric-energy ET-NMPC,99,9.8,32.7663955493305,26.4070921133034,10.6026980573729
3,2029,Symmetric-energy ET-NMPC,100,9.9,32.9035096519478,26.807405066963,10.8690610840786
3,2029,Symmetric-energy ET-NMPC,101,10,33.0555032607982,27.2131933764659,11.1185280974078
3,2029,Symmetric-energy ET-NMPC,102,10.1,33.2213014857403,27.6260793694992,11.3466423349359
3,2029,Symmetric-energy ET-NMPC,103,10.2,33.3998221540964,28.0454834800134,11.5521430966218
3,2029,Symmetric-energy ET-NMPC,104,10.3,33.5902218078116,28.4700734837124,11.7350947312797
3,2029,Symmetric-energy ET-NMPC,105,10.4,33.79164852193,28.8985951022841,11.8957076238385
3,2029,Symmetric-energy ET-NMPC,106,10.5,34.0032546578803,29.3298825294954,12.0343221914627
3,2029,Symmetric-energy ET-NMPC,107,10.6,34.2242079061312,29.7628656715373,12.1513916614152
3,2029,Symmetric-energy ET-NMPC,108,10.7,34.4537005439212,30.1965742387766,12.247464591543
3,2029,Symmetric-energy ET-NMPC,109,10.8,34.6909568802717,30.6301390812831,12.3231676839759
3,2029,Symmetric-energy ET-NMPC,110,10.9,34.9352389560596,31.0627911767034,12.3791893920647
3,2029,Symmetric-energy ET-NMPC,111,11,35.1858507001636,31.4938586122678,12.416265256358
3,2029,Symmetric-energy ET-NMPC,112,11.1,35.4422297826695,31.9226775772311,12.4358627393906
3,2029,Symmetric-energy ET-NMPC,113,11.2,35.7039936429402,32.3486562683757,12.4405356557071
3,2029,Symmetric-energy ET-NMPC,114,11.3,35.970831774548,32.7714329148738,12.4329647445383
3,2029,Symmetric-energy ET-NMPC,115,11.4,36.2424894944695,33.1908466992566,12.4158136315513
3,2029,Symmetric-energy ET-NMPC,116,11.5,36.5187492774656,33.6068921935072,12.3915921738583
3,2029,Symmetric-energy ET-NMPC,117,11.6,36.7994129715281,34.019668573039,12.3625482186214
3,2029,Symmetric-energy ET-NMPC,118,11.7,37.0805518033341,34.4318586918494,12.3299865355291
3,2029,Symmetric-energy ET-NMPC,119,11.8,37.3568463007547,34.8471445751846,12.2953601612233
3,2029,Symmetric-energy ET-NMPC,120,11.9,37.624410649103,35.26807355968,12.2603157678823
3,2029,Symmetric-energy ET-NMPC,121,12,37.8803305373006,35.6962595448031,12.2262309770057
3,2029,Symmetric-energy ET-NMPC,122,12.1,38.1278720389023,36.1294358489356,12.1933448929751
3,2029,Symmetric-energy ET-NMPC,123,12.2,38.3692084541541,36.5647303459678,12.1618024910916
3,2029,Symmetric-energy ET-NMPC,124,12.3,38.5993482426651,36.9886171356229,12.1325017760301
3,2029,Symmetric-energy ET-NMPC,125,12.4,38.8146913036544,37.3927386259552,12.1059994941065
3,2029,Symmetric-energy ET-NMPC,126,12.5,39.0133151720482,37.7721290626551,12.0824710287849
3,2029,Symmetric-energy ET-NMPC,127,12.6,39.1958987647668,38.1263087719231,12.0616125407337
3,2029,Symmetric-energy ET-NMPC,128,12.7,39.3616391294096,38.4558037203794,12.0433937973005
3,2029,Symmetric-energy ET-NMPC,129,12.8,39.5100535463298,38.7609421099199,12.0277381717539
3,2029,Symmetric-energy ET-NMPC,130,12.9,39.6409785737799,39.0418287813464,12.0145270143463
3,2029,Symmetric-energy ET-NMPC,131,13,39.7545561443658,39.2983484804559,12.0036215890232
3,2029,Symmetric-energy ET-NMPC,132,13.1,39.8554907293761,39.5276985133362,11.9941176460332
4,2030,Asymmetric ET-NMPC,1,0,0,0,3
4,2030,Asymmetric ET-NMPC,2,0.1,0,0,3
4,2030,Asymmetric ET-NMPC,3,0.2,0.0209497155622598,0.0209497155622598,3.00471368600151
4,2030,Asymmetric ET-NMPC,4,0.3,0.0628491466867795,0.0628491466867795,3.01414105800453
4,2030,Asymmetric ET-NMPC,5,0.4,0.125698293373559,0.125698293373559,3.02828211600905
4,2030,Asymmetric ET-NMPC,6,0.5,0.209497155622598,0.209497155622598,3.04713686001508
4,2030,Asymmetric ET-NMPC,7,0.6,0.314245733433897,0.314245733433897,3.07070529002263
4,2030,Asymmetric ET-NMPC,8,0.7,0.439944026807456,0.439944026807456,3.09898740603168
4,2030,Asymmetric ET-NMPC,9,0.8,0.586592035743275,0.586592035743275,3.13198320804224
4,2030,Asymmetric ET-NMPC,10,0.9,0.754189760241354,0.754189760241354,3.16969269605431
4,2030,Asymmetric ET-NMPC,11,1,0.942737200301692,0.942737200301692,3.21211587006788
4,2030,Asymmetric ET-NMPC,12,1.1,1.15223435592429,1.15223435592429,3.25925273008297
4,2030,Asymmetric ET-NMPC,13,1.2,1.38268122710915,1.38268122710915,3.31110327609956
4,2030,Asymmetric ET-NMPC,14,1.3,1.63407781385627,1.63407781385627,3.36766750811766
4,2030,Asymmetric ET-NMPC,15,1.4,1.90642411616564,1.90642411616564,3.42894542613727
4,2030,Asymmetric ET-NMPC,16,1.5,2.19972013403728,2.19972013403728,3.49493703015839
4,2030,Asymmetric ET-NMPC,17,1.6,2.5104742482108,2.5104742482108,3.56485670584743
4,2030,Asymmetric ET-NMPC,18,1.7,2.83432193461074,2.83432193461074,3.63772243528742
4,2030,Asymmetric ET-NMPC,19,1.8,3.16798980018048,3.16798980018048,3.71279770504061
4,2030,Asymmetric ET-NMPC,20,1.9,3.50902280012758,3.50902280012758,3.78953013002871
4,2030,Asymmetric ET-NMPC,21,2,3.85557965085769,3.85557965085769,3.86750542144298
4,2030,Asymmetric ET-NMPC,22,2.1,4.20474157689536,4.20474157689536,3.94606685480146
4,2030,Asymmetric ET-NMPC,23,2.2,4.55390350293302,4.55390350293302,4.02462828815993
4,2030,Asymmetric ET-NMPC,24,2.3,4.90306542897069,4.90306542897069,4.1031897215184
4,2030,Asymmetric ET-NMPC,25,2.4,5.25222735500835,5.25222735500835,4.18175115487688
4,2030,Asymmetric ET-NMPC,26,2.5,5.60138928104601,5.60138928104601,4.26031258823535
4,2030,Asymmetric ET-NMPC,27,2.6,5.95055120708368,5.95055120708368,4.33887402159383
4,2030,Asymmetric ET-NMPC,28,2.7,6.29971313312134,6.29971313312134,4.4174354549523
4,2030,Asymmetric ET-NMPC,29,2.8,6.64887505915901,6.64887505915901,4.49599688831078
4,2030,Asymmetric ET-NMPC,30,2.9,6.99803698519667,6.99803698519667,4.57455832166925
4,2030,Asymmetric ET-NMPC,31,3,7.36484585272636,7.32582021310965,4.66405362992915
4,2030,Asymmetric ET-NMPC,32,3.1,7.74831694383852,7.63105758305177,4.76294786773941
4,2030,Asymmetric ET-NMPC,33,3.2,8.14872847751018,7.91248131166831,4.86527718257278
4,2030,Asymmetric ET-NMPC,34,3.3,8.56325480829424,8.16976874643002,4.97468969100048
4,2030,Asymmetric ET-NMPC,35,3.4,8.99033992958575,8.40250177853442,5.09059324978498
4,2030,Asymmetric ET-NMPC,36,3.5,9.41550244714131,8.64134362737622,5.20100794494667
4,2030,Asymmetric ET-NMPC,37,3.6,9.84234374195377,8.88234886853474,5.29961313130592
4,2030,Asymmetric ET-NMPC,38,3.7,10.2656557625745,9.12999789396191,5.39696246824773
4,2030,Asymmetric ET-NMPC,39,3.8,10.6865406238596,9.38453406084932,5.48678046915643
4,2030,Asymmetric ET-NMPC,40,3.9,11.1044929972955,9.64521939647209,5.57256490440297
4,2030,Asymmetric ET-NMPC,41,4,11.5213632105171,9.90649866555896,5.66174095989975
4,2030,Asymmetric ET-NMPC,42,4.1,11.9349202052933,10.1730708726629,5.7506784124798
4,2030,Asymmetric ET-NMPC,43,4.2,12.348295834832,10.4392848339865,5.84151186281547
4,2030,Asymmetric ET-NMPC,44,4.3,12.7604551740396,10.7076779347592,5.93145530371916
4,2030,Asymmetric ET-NMPC,45,4.4,13.1724501258574,10.9738802303477,6.02839083642054
4,2030,Asymmetric ET-NMPC,46,4.5,13.5819190984004,11.2430142857973,6.12789973412204
4,2030,Asymmetric ET-NMPC,47,4.6,13.9896309084613,11.5151369140786,6.22649159541997
4,2030,Asymmetric ET-NMPC,48,4.7,14.3957671885266,11.7907578299111,6.32181437743099
4,2030,Asymmetric ET-NMPC,49,4.8,14.798746931603,12.0704913112839,6.41854341169234
4,2030,Asymmetric ET-NMPC,50,4.9,15.1987322024927,12.3551985892089,6.51316660635303
4,2030,Asymmetric ET-NMPC,51,5,15.5908503804415,12.6476833789642,6.61658798849415
4,2030,Asymmetric ET-NMPC,52,5.1,15.978949037416,12.9451706673678,6.72089880141801
4,2030,Asymmetric ET-NMPC,53,5.2,16.3612779929954,13.2490186792166,6.82814130894717
4,2030,Asymmetric ET-NMPC,54,5.3,16.7415628707987,13.5577612762696,6.92844794122569
4,2030,Asymmetric ET-NMPC,55,5.4,17.1182865207053,13.8687179699935,7.0351495167966
4,2030,Asymmetric ET-NMPC,56,5.5,17.4935695580044,14.1833544208177,7.13597880682877
4,2030,Asymmetric ET-NMPC,57,5.6,17.878938064966,14.4816027291719,7.24795675289842
4,2030,Asymmetric ET-NMPC,58,5.7,18.2745766993235,14.7604148170897,7.37339155921097
4,2030,Asymmetric ET-NMPC,59,5.8,18.6798006932967,15.0175234308534,7.51370789980208
4,2030,Asymmetric ET-NMPC,60,5.9,19.0937636746425,15.2529605130995,7.66603659171131
4,2030,Asymmetric ET-NMPC,61,6,19.515963067392,15.4687372069254,7.82474415663352
4,2030,Asymmetric ET-NMPC,62,6.1,19.943478244075,15.6664075369021,7.99254527210233
4,2030,Asymmetric ET-NMPC,63,6.2,20.379414869983,15.8519988057553,8.15227986171086
4,2030,Asymmetric ET-NMPC,64,6.3,20.8195458622131,16.0279653511195,8.31140397864834
4,2030,Asymmetric ET-NMPC,65,6.4,21.2643903366464,16.212456701751,8.44585224047544
4,2030,Asymmetric ET-NMPC,66,6.5,21.6994485016371,16.4066705416641,8.59752747728463
4,2030,Asymmetric ET-NMPC,67,6.6,22.1107660412082,16.6071402310634,8.75577900451361
4,2030,Asymmetric ET-NMPC,68,6.7,22.5402916816625,16.8117748964465,8.90950726449185
4,2030,Asymmetric ET-NMPC,69,6.8,22.966847505877,17.0270838689304,9.05678990161028
4,2030,Asymmetric ET-NMPC,70,6.9,23.3902940874095,17.2520037419781,9.19857862928868
4,2030,Asymmetric ET-NMPC,71,7,23.8135775213462,17.4850178199656,9.32716935218266
4,2030,Asymmetric ET-NMPC,72,7.1,24.2226168726273,17.7183789545181,9.46047185634559
4,2030,Asymmetric ET-NMPC,73,7.2,24.6133574451617,17.9413323793712,9.61514804234373
4,2030,Asymmetric ET-NMPC,74,7.3,24.9811829603055,18.1525896962632,9.75439370005058
4,2030,Asymmetric ET-NMPC,75,7.4,25.3282130126338,18.346755454418,9.88039445888213
4,2030,Asymmetric ET-NMPC,76,7.5,25.6827081621708,18.5614671662645,10.02694116891
4,2030,Asymmetric ET-NMPC,77,7.6,26.0517128388666,18.7947459688945,10.1920549670634
4,2030,Asymmetric ET-NMPC,78,7.7,26.4236778597863,19.0491344440084,10.3782784333739
4,2030,Asymmetric ET-NMPC,79,7.8,26.7955672944036,19.3163021392791,10.57907602057
4,2030,Asymmetric ET-NMPC,80,7.9,27.1677204310706,19.5892989201146,10.771364347107
4,2030,Asymmetric ET-NMPC,81,8,27.5357977830348,19.8636672129444,10.969458019042
4,2030,Asymmetric ET-NMPC,82,8.1,27.899953388048,20.1392787896103,11.1729990570298
4,2030,Asymmetric ET-NMPC,83,8.2,28.2603416853157,20.4160177300234,11.3816514810547
4,2030,Asymmetric ET-NMPC,84,8.3,28.6171164126798,20.6937792708056,11.5951001174444
4,2030,Asymmetric ET-NMPC,85,8.4,28.9704297376314,20.9724688008006,11.8130492864788
4,2030,Asymmetric ET-NMPC,86,8.5,29.3284933787806,21.2589478662812,12.012348493523
4,2030,Asymmetric ET-NMPC,87,8.6,29.692191478529,21.5532898857951,12.1886620431662
4,2030,Asymmetric ET-NMPC,88,8.7,30.0604758343099,21.8545361660715,12.3423412932513
4,2030,Asymmetric ET-NMPC,89,8.8,30.4318792268525,22.1615614135544,12.4757392595624
4,2030,Asymmetric ET-NMPC,90,8.9,30.8023192477129,22.4788103440686,12.585863312487
4,2030,Asymmetric ET-NMPC,91,9,31.1649880917716,22.8104587800526,12.677953618483
4,2030,Asymmetric ET-NMPC,92,9.1,31.5116927128252,23.1621314360326,12.756198418796
4,2030,Asymmetric ET-NMPC,93,9.2,31.8371724771,23.5307762437535,12.846552880712
4,2030,Asymmetric ET-NMPC,94,9.3,32.1407203459939,23.9145345541626,12.9494521055971
4,2030,Asymmetric ET-NMPC,95,9.4,32.4228893296138,24.3099265425164,13.0679672532722
4,2030,Asymmetric ET-NMPC,96,9.5,32.6810075071326,24.7191269196026,13.1941815861623
4,2030,Asymmetric ET-NMPC,97,9.6,32.9159636788685,25.1382450037582,13.332513176542
4,2030,Asymmetric ET-NMPC,98,9.7,33.1259065879442,25.5693238628547,13.4742699829708
4,2030,Asymmetric ET-NMPC,99,9.8,33.3112862742057,26.0132445048266,13.6105374976353
4,2030,Asymmetric ET-NMPC,100,9.9,33.474348921155,26.4695704668757,13.73373323429
4,2030,Asymmetric ET-NMPC,101,10,33.6161757846532,26.9368122321774,13.8412984403186
4,2030,Asymmetric ET-NMPC,102,10.1,33.737699916941,27.4105763666215,13.9451224750416
4,2030,Asymmetric ET-NMPC,103,10.2,33.8720009998518,27.885065187699,14.0277274252652
4,2030,Asymmetric ET-NMPC,104,10.3,34.019423411988,28.3587600636318,14.0900154410867
4,2030,Asymmetric ET-NMPC,105,10.4,34.1789406020728,28.8307064625647,14.1326870077518
4,2030,Asymmetric ET-NMPC,106,10.5,34.3492568969815,29.3001914166424,14.1566919568919
4,2030,Asymmetric ET-NMPC,107,10.6,34.5290688683572,29.7666961026767,14.1630976463987
4,2030,Asymmetric ET-NMPC,108,10.7,34.7176913503294,30.2296350725236,14.1526540123687
4,2030,Asymmetric ET-NMPC,109,10.8,34.9144684282185,30.6885196152549,14.1261255736724
4,2030,Asymmetric ET-NMPC,110,10.9,35.118776482107,31.1429503598335,14.0842816075834
4,2030,Asymmetric ET-NMPC,111,11,35.3300261661143,31.5926094657812,14.0278878185179
4,2030,Asymmetric ET-NMPC,112,11.1,35.5476634764843,32.0372526806802,13.9576994107918
4,2030,Asymmetric ET-NMPC,113,11.2,35.7711700616095,32.4767014861588,13.874455469456
4,2030,Asymmetric ET-NMPC,114,11.3,36.0000629213688,32.9108355017948,13.7788745340188
4,2030,Asymmetric ET-NMPC,115,11.4,36.2338936431506,33.3395852804119,13.6716513047875
4,2030,Asymmetric ET-NMPC,116,11.5,36.4723344847171,33.7629671400412,13.5537794845342
4,2030,Asymmetric ET-NMPC,117,11.6,36.7157897920607,34.1814769446306,13.4289633926678
4,2030,Asymmetric ET-NMPC,118,11.7,36.9646361758794,34.5957921640423,13.3008291809044
4,2030,Asymmetric ET-NMPC,119,11.8,37.2176639146307,35.0074571585366,13.1723422332
4,2030,Asymmetric ET-NMPC,120,11.9,37.4703021182851,35.4199939037181,13.0459010534788
4,2030,Asymmetric ET-NMPC,121,12,37.7187947899929,35.8364112997576,12.9240489119987
4,2030,Asymmetric ET-NMPC,122,12.1,37.9646867572624,36.2555893348542,12.8064610073281
4,2030,Asymmetric ET-NMPC,123,12.2,38.2092312185223,36.6765769150397,12.6925862348953
4,2030,Asymmetric ET-NMPC,124,12.3,38.4469561612623,37.0879708636411,12.5848930793044
4,2030,Asymmetric ET-NMPC,125,12.4,38.672860725891,37.4810561051593,12.4854466313903
4,2030,Asymmetric ET-NMPC,126,12.5,38.8834324786623,37.8501547060357,12.3954630557286
4,2030,Asymmetric ET-NMPC,127,12.6,39.0786201077365,38.1950184477734,12.3141972974888
4,2030,Asymmetric ET-NMPC,128,12.7,39.2578947748813,38.5159105012111,12.2414248191031
4,2030,Asymmetric ET-NMPC,129,12.8,39.4204407792575,38.8134020087256,12.177170925839
4,2030,Asymmetric ET-NMPC,130,12.9,39.5657877179973,39.0877945429463,12.121321172864
4,2030,Asymmetric ET-NMPC,131,13,39.6937743540594,39.3391297661794,12.0736555692624
4,2030,Asymmetric ET-NMPC,132,13.1,39.8044941072681,39.5672231415307,12.0338430710062
4,2030,Symmetric-energy ET-NMPC,1,0,0,0,3
4,2030,Symmetric-energy ET-NMPC,2,0.1,0,0,3
4,2030,Symmetric-energy ET-NMPC,3,0.2,0.0209497155622598,0.0209497155622598,3.00471368600151
4,2030,Symmetric-energy ET-NMPC,4,0.3,0.0628491466867795,0.0628491466867795,3.01414105800453
4,2030,Symmetric-energy ET-NMPC,5,0.4,0.125698293373559,0.125698293373559,3.02828211600905
4,2030,Symmetric-energy ET-NMPC,6,0.5,0.209497155622598,0.209497155622598,3.04713686001508
4,2030,Symmetric-energy ET-NMPC,7,0.6,0.314245733433897,0.314245733433897,3.07070529002263
4,2030,Symmetric-energy ET-NMPC,8,0.7,0.439944026807456,0.439944026807456,3.09898740603168
4,2030,Symmetric-energy ET-NMPC,9,0.8,0.586592035743275,0.586592035743275,3.13198320804224
4,2030,Symmetric-energy ET-NMPC,10,0.9,0.754189760241354,0.754189760241354,3.16969269605431
4,2030,Symmetric-energy ET-NMPC,11,1,0.942737200301692,0.942737200301692,3.21211587006788
4,2030,Symmetric-energy ET-NMPC,12,1.1,1.15223435592429,1.15223435592429,3.25925273008297
4,2030,Symmetric-energy ET-NMPC,13,1.2,1.38268122710915,1.38268122710915,3.31110327609956
4,2030,Symmetric-energy ET-NMPC,14,1.3,1.63407781385627,1.63407781385627,3.36766750811766
4,2030,Symmetric-energy ET-NMPC,15,1.4,1.90642411616564,1.90642411616564,3.42894542613727
4,2030,Symmetric-energy ET-NMPC,16,1.5,2.19972013403728,2.19972013403728,3.49493703015839
4,2030,Symmetric-energy ET-NMPC,17,1.6,2.5104742482108,2.5104742482108,3.56485670584743
4,2030,Symmetric-energy ET-NMPC,18,1.7,2.83432193461074,2.83432193461074,3.63772243528742
4,2030,Symmetric-energy ET-NMPC,19,1.8,3.16798980018048,3.16798980018048,3.71279770504061
4,2030,Symmetric-energy ET-NMPC,20,1.9,3.50902280012758,3.50902280012758,3.78953013002871
4,2030,Symmetric-energy ET-NMPC,21,2,3.85557965085769,3.85557965085769,3.86750542144298
4,2030,Symmetric-energy ET-NMPC,22,2.1,4.20474157689536,4.20474157689536,3.94606685480146
4,2030,Symmetric-energy ET-NMPC,23,2.2,4.55390350293302,4.55390350293302,4.02462828815993
4,2030,Symmetric-energy ET-NMPC,24,2.3,4.90306542897069,4.90306542897069,4.1031897215184
4,2030,Symmetric-energy ET-NMPC,25,2.4,5.25222735500835,5.25222735500835,4.18175115487688
4,2030,Symmetric-energy ET-NMPC,26,2.5,5.60138928104601,5.60138928104601,4.26031258823535
4,2030,Symmetric-energy ET-NMPC,27,2.6,5.95055120708368,5.95055120708368,4.33887402159383
4,2030,Symmetric-energy ET-NMPC,28,2.7,6.29971313312134,6.29971313312134,4.4174354549523
4,2030,Symmetric-energy ET-NMPC,29,2.8,6.64887505915901,6.64887505915901,4.49599688831078
4,2030,Symmetric-energy ET-NMPC,30,2.9,6.99803698519667,6.99803698519667,4.57455832166925
4,2030,Symmetric-energy ET-NMPC,31,3,7.36482438108627,7.3258302135344,4.66410498923682
4,2030,Symmetric-energy ET-NMPC,32,3.1,7.74825585830484,7.63108549699953,4.76309748488476
4,2030,Symmetric-energy ET-NMPC,33,3.2,8.14861286638393,7.91252822174833,4.86558777109731
4,2030,Symmetric-energy ET-NMPC,34,3.3,8.56306440511633,8.16984301929609,4.97521904859283
4,2030,Symmetric-energy ET-NMPC,35,3.4,8.99006286755392,8.40260875962156,5.09137593907579
4,2030,Symmetric-energy ET-NMPC,36,3.5,9.41518754272519,8.64140015153943,5.20204518370341
4,2030,Symmetric-energy ET-NMPC,37,3.6,9.84194472439132,8.88228435453004,5.30130800980643
4,2030,Symmetric-energy ET-NMPC,38,3.7,10.2651891971618,9.12982874157501,5.3992155820968
4,2030,Symmetric-energy ET-NMPC,39,3.8,10.6860267656202,9.38427455889529,5.48950991759045
4,2030,Symmetric-energy ET-NMPC,40,3.9,11.1039408321102,9.64487862670649,5.57572681193255
4,2030,Symmetric-energy ET-NMPC,41,4,11.5207625426562,9.90610015893174,5.66529786037705
4,2030,Symmetric-energy ET-NMPC,42,4.1,11.9342802804976,10.1726248766112,5.75455958429247
4,2030,Symmetric-energy ET-NMPC,43,4.2,12.3476147583583,10.4388108065857,5.84566205459514
4,2030,Symmetric-energy ET-NMPC,44,4.3,12.7597409787142,10.707186098288,5.93581016216749
4,2030,Symmetric-energy ET-NMPC,45,4.4,13.1716982811378,10.973379428756,6.03293014875235
4,2030,Symmetric-energy ET-NMPC,46,4.5,13.5811424044609,11.2425028269064,6.1325700325545
4,2030,Symmetric-energy ET-NMPC,47,4.6,13.988826766174,11.5146321750014,6.23125680532565
4,2030,Symmetric-energy ET-NMPC,48,4.7,14.3949300301424,11.7902527244448,6.32672120559507
4,2030,Symmetric-energy ET-NMPC,49,4.8,14.7978834217253,12.0699910154986,6.42354606154671
4,2030,Symmetric-energy ET-NMPC,50,4.9,15.1978583550006,12.3546949835155,6.51822289792658
4,2030,Symmetric-energy ET-NMPC,51,5,15.590026324036,12.6471227782216,6.62161665473008
4,2030,Symmetric-energy ET-NMPC,52,5.1,15.9782017784788,12.9445348531637,6.72585615898279
4,2030,Symmetric-energy ET-NMPC,53,5.2,16.3606178346006,13.2483159076186,6.83297772998696
4,2030,Symmetric-energy ET-NMPC,54,5.3,16.7409809168492,13.5569941441306,6.93318587320012
4,2030,Symmetric-energy ET-NMPC,55,5.4,17.1177494763159,13.8678677924538,7.03997083176445
4,2030,Symmetric-energy ET-NMPC,56,5.5,17.493051753525,14.1824489956308,7.14090084379977
4,2030,Symmetric-energy ET-NMPC,57,5.6,17.8784004458004,14.4806351784137,7.2531121879631
4,2030,Symmetric-energy ET-NMPC,58,5.7,18.2740009497099,14.7593810484652,7.37881414194863
4,2030,Symmetric-energy ET-NMPC,59,5.8,18.6791856178956,15.0164117264995,7.51938659734621
4,2030,Symmetric-energy ET-NMPC,60,5.9,19.0931102035736,15.2517577812353,7.67196009403422
4,2030,Symmetric-energy ET-NMPC,61,6,19.5152513885187,15.4674275815827,7.83096750641259
4,2030,Symmetric-energy ET-NMPC,62,6.1,19.9427062992928,15.6649875009201,7.99905194211811
4,2030,Symmetric-energy ET-NMPC,63,6.2,20.3785477833589,15.8504180204773,8.1592322254985
4,2030,Symmetric-energy ET-NMPC,64,6.3,20.8185684551603,16.0261963138256,8.31886868742071
4,2030,Symmetric-energy ET-NMPC,65,6.4,21.2631928218021,16.2104483914915,8.45436903599655
4,2030,Symmetric-energy ET-NMPC,66,6.5,21.6979921359221,16.4045744715181,8.60689648104906
4,2030,Symmetric-energy ET-NMPC,67,6.6,22.1093361412624,16.6051565324435,8.76585494158011
4,2030,Symmetric-energy ET-NMPC,68,6.7,22.5386189038514,16.8099424263108,8.92005950512137
4,2030,Symmetric-energy ET-NMPC,69,6.8,22.9650085293465,17.0253583308686,9.06766667071179
4,2030,Symmetric-energy ET-NMPC,70,6.9,23.3883258385903,17.2504202716459,9.20961588172811
4,2030,Symmetric-energy ET-NMPC,71,7,23.8114379221949,17.4835076793413,9.3386369074628
4,2030,Symmetric-energy ET-NMPC,72,7.1,24.2401857755547,17.6969205052628,9.48226922963142
4,2030,Symmetric-energy ET-NMPC,73,7.2,24.6443423160221,17.9057662023009,9.64246683670523
4,2030,Symmetric-energy ET-NMPC,74,7.3,25.0573909805438,18.1274097190569,9.81643508730537
4,2030,Symmetric-energy ET-NMPC,75,7.4,25.4638674818659,18.3546480345457,9.99847794447563
4,2030,Symmetric-energy ET-NMPC,76,7.5,25.85608657797,18.5946657691234,10.1948339164741
4,2030,Symmetric-energy ET-NMPC,77,7.6,26.2296533047495,18.8502290439343,10.40728464773
4,2030,Symmetric-energy ET-NMPC,78,7.7,26.5912544483315,19.1175093215649,10.6259301739819
4,2030,Symmetric-energy ET-NMPC,79,7.8,26.9547182367668,19.3939985157061,10.8295175017294
4,2030,Symmetric-energy ET-NMPC,80,7.9,27.3144477979161,19.6715625757071,11.0382106626885
4,2030,Symmetric-energy ET-NMPC,81,8,27.6705957381456,19.950099937644,11.2516950477745
4,2030,Symmetric-energy ET-NMPC,82,8.1,28.0233130183874,20.2295189456471,11.4696756390788
4,2030,Symmetric-energy ET-NMPC,83,8.2,28.3727482127501,20.5097368959608,11.6918758759434
4,2030,Symmetric-energy ET-NMPC,84,8.3,28.71904691707,20.7906791769408,11.9180365315494
4,2030,Symmetric-energy ET-NMPC,85,8.4,29.0663870522692,21.0761990565421,12.1367446220084
4,2030,Symmetric-energy ET-NMPC,86,8.5,29.420263678896,21.3701352312049,12.3326345358678
4,2030,Symmetric-energy ET-NMPC,87,8.6,29.7797489856827,21.6715712994799,12.5055698155171
4,2030,Symmetric-energy ET-NMPC,88,8.7,30.1438138489572,21.9795497960192,12.6559228035097
4,2030,Symmetric-energy ET-NMPC,89,8.8,30.5115027354757,22.2931665991274,12.7841779536557
4,2030,Symmetric-energy ET-NMPC,90,8.9,30.8775958037463,22.6171423265753,12.8891331507106
4,2030,Symmetric-energy ET-NMPC,91,9,31.2357749541307,22.9555258316679,12.9740112969626
4,2030,Symmetric-energy ET-NMPC,92,9.1,31.5768191918652,23.3141611616338,13.045211914996
4,2030,Symmetric-energy ET-NMPC,93,9.2,31.8962256422081,23.6899535076103,13.1274288973342
4,2030,Symmetric-energy ET-NMPC,94,9.3,32.1931685836209,24.0812924458993,13.2205885716788
4,2030,Symmetric-energy ET-NMPC,95,9.4,32.4687438059957,24.4840370334072,13.3294696721788
4,2030,Symmetric-energy ET-NMPC,96,9.5,32.7198059751359,24.9013268276617,13.4427702230942
4,2030,Symmetric-energy ET-NMPC,97,9.6,32.9465940375651,25.3300239299522,13.564367793906
4,2030,Symmetric-energy ET-NMPC,98,9.7,33.148235311589,25.7711162855068,13.6859339507147
4,2030,Symmetric-energy ET-NMPC,99,9.8,33.3259757730881,26.2246438578576,13.7987216693002
4,2030,Symmetric-energy ET-NMPC,100,9.9,33.4822742936241,26.6894634489174,13.8962589454837
4,2030,Symmetric-energy ET-NMPC,101,10,33.6178684071827,27.1639030343347,13.9770136119577
4,2030,Symmetric-energy ET-NMPC,102,10.1,33.7604551773021,27.6381038560537,14.0463143599185
4,2030,Symmetric-energy ET-NMPC,103,10.2,33.9155780255486,28.1108584951825,14.0957102416703
4,2030,Symmetric-energy ET-NMPC,104,10.3,34.0820203224555,28.5813640903397,14.1260655826533
4,2030,Symmetric-energy ET-NMPC,105,10.4,34.258367655348,29.0490687380546,14.1384744781557
4,2030,Symmetric-energy ET-NMPC,106,10.5,34.4437723198951,29.5133994403801,14.1337724315784
4,2030,Symmetric-energy ET-NMPC,107,10.6,34.6375675840305,29.9738342233195,14.1127199671569
4,2030,Symmetric-energy ET-NMPC,108,10.7,34.8391180236207,30.4299431416554,14.0760856264982
4,2030,Symmetric-energy ET-NMPC,109,10.8,35.0478218676088,30.8813805762206,14.0246371262497
4,2030,Symmetric-energy ET-NMPC,110,10.9,35.2631123764796,31.3278773074631,13.9591339524343
4,2030,Symmetric-energy ET-NMPC,111,11,35.4844584132794,31.7692326068091,13.8803213155527
4,2030,Symmetric-energy ET-NMPC,112,11.1,35.7113643406772,32.2053065311777,13.7889252948652
4,2030,Symmetric-energy ET-NMPC,113,11.2,35.9433693959296,32.6360125602802,13.685649107716
4,2030,Symmetric-energy ET-NMPC,114,11.3,36.18004686687,33.061310768148,13.571171122349
4,2030,Symmetric-energy ET-NMPC,115,11.4,36.4219076790977,33.4817249711328,13.4496999511304
4,2030,Symmetric-energy ET-NMPC,116,11.5,36.6690142057775,33.8976773634881,13.3235176553587
4,2030,Symmetric-energy ET-NMPC,117,11.6,36.921682367263,34.3098848699022,13.1960665987631
4,2030,Symmetric-energy ET-NMPC,118,11.7,37.1785170772118,34.7199639094914,13.0700859928943
4,2030,Symmetric-energy ET-NMPC,119,11.8,37.4346825193245,35.1315802536727,12.9478106827532
4,2030,Symmetric-energy ET-NMPC,120,11.9,37.6862664748377,35.5477058834023,12.8314278076793
4,2030,Symmetric-energy ET-NMPC,121,12,37.9314934485694,35.9694357162032,12.7218482499137
4,2030,Symmetric-energy ET-NMPC,122,12.1,38.1727848602427,36.3948195857752,12.6177952914712
4,2030,Symmetric-energy ET-NMPC,123,12.2,38.4087574574551,36.8173669659286,12.5196373969846
4,2030,Symmetric-energy ET-NMPC,124,12.3,38.6341766488509,37.2256754463908,12.4291928559238
4,2030,Symmetric-energy ET-NMPC,125,12.4,38.8452323182024,37.6126111574067,12.3475350065823
4,2030,Symmetric-energy ET-NMPC,126,12.5,39.0407584335508,37.9753284405438,12.2743801392793
4,2030,Symmetric-energy ET-NMPC,127,12.6,39.2208449455674,38.3135322498895,12.2090168219913
4,2030,Symmetric-energy ET-NMPC,128,12.7,39.3845453631149,38.6278220587322,12.1513746761164
4,2030,Symmetric-energy ET-NMPC,129,12.8,39.5313247155899,38.9185180274684,12.1012829120755
4,2030,Symmetric-energy ET-NMPC,130,12.9,39.6609571624291,39.1857019386329,12.0584827031405
4,2030,Symmetric-energy ET-NMPC,131,13,39.7735065206598,39.4292297945736,12.0226509326851
4,2030,Symmetric-energy ET-NMPC,132,13.1,39.8692990979137,39.6487598018762,11.9934004654471
5,2031,Asymmetric ET-NMPC,1,0,0,0,3
5,2031,Asymmetric ET-NMPC,2,0.1,0,0,3
5,2031,Asymmetric ET-NMPC,3,0.2,0.0209497155622598,0.0209497155622598,3.00471368600151
5,2031,Asymmetric ET-NMPC,4,0.3,0.0628491466867795,0.0628491466867795,3.01414105800453
5,2031,Asymmetric ET-NMPC,5,0.4,0.125698293373559,0.125698293373559,3.02828211600905
5,2031,Asymmetric ET-NMPC,6,0.5,0.209497155622598,0.209497155622598,3.04713686001508
5,2031,Asymmetric ET-NMPC,7,0.6,0.314245733433897,0.314245733433897,3.07070529002263
5,2031,Asymmetric ET-NMPC,8,0.7,0.439944026807456,0.439944026807456,3.09898740603168
5,2031,Asymmetric ET-NMPC,9,0.8,0.586592035743275,0.586592035743275,3.13198320804224
5,2031,Asymmetric ET-NMPC,10,0.9,0.754189760241354,0.754189760241354,3.16969269605431
5,2031,Asymmetric ET-NMPC,11,1,0.942737200301692,0.942737200301692,3.21211587006788
5,2031,Asymmetric ET-NMPC,12,1.1,1.15223435592429,1.15223435592429,3.25925273008297
5,2031,Asymmetric ET-NMPC,13,1.2,1.38268122710915,1.38268122710915,3.31110327609956
5,2031,Asymmetric ET-NMPC,14,1.3,1.63407781385627,1.63407781385627,3.36766750811766
5,2031,Asymmetric ET-NMPC,15,1.4,1.90642411616564,1.90642411616564,3.42894542613727
5,2031,Asymmetric ET-NMPC,16,1.5,2.19972013403728,2.19972013403728,3.49493703015839
5,2031,Asymmetric ET-NMPC,17,1.6,2.5104742482108,2.5104742482108,3.56485670584743
5,2031,Asymmetric ET-NMPC,18,1.7,2.83432193461074,2.83432193461074,3.63772243528742
5,2031,Asymmetric ET-NMPC,19,1.8,3.16798980018048,3.16798980018048,3.71279770504061
5,2031,Asymmetric ET-NMPC,20,1.9,3.50902280012758,3.50902280012758,3.78953013002871
5,2031,Asymmetric ET-NMPC,21,2,3.85557965085769,3.85557965085769,3.86750542144298
5,2031,Asymmetric ET-NMPC,22,2.1,4.20474157689536,4.20474157689536,3.94606685480146
5,2031,Asymmetric ET-NMPC,23,2.2,4.55390350293302,4.55390350293302,4.02462828815993
5,2031,Asymmetric ET-NMPC,24,2.3,4.90306542897069,4.90306542897069,4.1031897215184
5,2031,Asymmetric ET-NMPC,25,2.4,5.25222735500835,5.25222735500835,4.18175115487688
5,2031,Asymmetric ET-NMPC,26,2.5,5.60138928104601,5.60138928104601,4.26031258823535
5,2031,Asymmetric ET-NMPC,27,2.6,5.95055120708368,5.95055120708368,4.33887402159383
5,2031,Asymmetric ET-NMPC,28,2.7,6.29971313312134,6.29971313312134,4.4174354549523
5,2031,Asymmetric ET-NMPC,29,2.8,6.64887505915901,6.64887505915901,4.49599688831078
5,2031,Asymmetric ET-NMPC,30,2.9,6.99803698519667,6.99803698519667,4.57455832166925
5,2031,Asymmetric ET-NMPC,31,3,7.34719891123433,7.34719891123433,4.65311975502772
5,2031,Asymmetric ET-NMPC,32,3.1,7.71284651617674,7.67557865361773,4.74514460923625
5,2031,Asymmetric ET-NMPC,33,3.2,8.09487910944418,7.98154763258866,4.84729196157023
5,2031,Asymmetric ET-NMPC,34,3.3,8.49218584168872,8.26415267068089,4.95811503208376
5,2031,Asymmetric ET-NMPC,35,3.4,8.90590902793315,8.5225501805437,5.06795060036862
5,2031,Asymmetric ET-NMPC,36,3.5,9.33527600084707,8.76040738237194,5.16317640626795
5,2031,Asymmetric ET-NMPC,37,3.6,9.76286867401426,9.00594943504508,5.24608362080803
5,2031,Asymmetric ET-NMPC,38,3.7,10.1898119439138,9.25831429340628,5.30957710513385
5,2031,Asymmetric ET-NMPC,39,3.8,10.6155485909014,9.51675283306742,5.35382446245151
5,2031,Asymmetric ET-NMPC,40,3.9,11.0394789883174,9.7806073600472,5.37958890964059
5,2031,Asymmetric ET-NMPC,41,4,11.4640189511816,10.0446706240411,5.38562319005865
5,2031,Asymmetric ET-NMPC,42,4.1,11.8961681642767,10.2957473561919,5.37121721234907
5,2031,Asymmetric ET-NMPC,43,4.2,12.3289008564965,10.5440181131449,5.3379899896822
5,2031,Asymmetric ET-NMPC,44,4.3,12.7688884195755,10.7758134503619,5.28620325411921
5,2031,Asymmetric ET-NMPC,45,4.4,13.2079312211478,11.0128811507354,5.25394920278906
5,2031,Asymmetric ET-NMPC,46,4.5,13.645073476558,11.2505394506688,5.20470307596052
5,2031,Asymmetric ET-NMPC,47,4.6,14.0858325029817,11.4767008944404,5.13700904389623
5,2031,Asymmetric ET-NMPC,48,4.7,14.5252726939086,11.7102755702772,5.08868524638463
5,2031,Asymmetric ET-NMPC,49,4.8,14.9606036054617,11.9546465755167,5.0609398099206
5,2031,Asymmetric ET-NMPC,50,4.9,15.3887458308507,12.212814271547,5.05433106077193
5,2031,Asymmetric ET-NMPC,51,5,15.8037540705321,12.4907685840134,5.03175759896556
5,2031,Asymmetric ET-NMPC,52,5.1,16.2130831181435,12.7778988641533,5.02932182223463
5,2031,Asymmetric ET-NMPC,53,5.2,16.6037994894359,13.0836417985035,5.04127831368825
5,2031,Asymmetric ET-NMPC,54,5.3,16.9770388922855,13.406388004772,5.07071177049967
5,2031,Asymmetric ET-NMPC,55,5.4,17.3364928770661,13.7477710073145,5.11918812817477
5,2031,Asymmetric ET-NMPC,56,5.5,17.6857717221096,14.0979772994785,5.19239906542984
5,2031,Asymmetric ET-NMPC,57,5.6,18.0055397224723,14.4506316609592,5.27041801712324
5,2031,Asymmetric ET-NMPC,58,5.7,18.3049441342165,14.7948806388042,5.36880050938599
5,2031,Asymmetric ET-NMPC,59,5.8,18.5870280358661,15.1218091099874,5.44986249417811
5,2031,Asymmetric ET-NMPC,60,5.9,18.8513892403825,15.4322508494582,5.51320179058023
5,2031,Asymmetric ET-NMPC,61,6,19.0984299408846,15.7253720790014,5.55922057669719
5,2031,Asymmetric ET-NMPC,62,6.1,19.3322160888345,15.999462848233,5.58620890257354
5,2031,Asymmetric ET-NMPC,63,6.2,19.5486817248793,16.2562331050895,5.59587672850314
5,2031,Asymmetric ET-NMPC,64,6.3,19.7697668684528,16.492043159729,5.58458435230547
5,2031,Asymmetric ET-NMPC,65,6.4,20.0070344516567,16.7099908426219,5.55542960439533
5,2031,Asymmetric ET-NMPC,66,6.5,20.2616225430007,16.9106180172756,5.5089543486373
5,2031,Asymmetric ET-NMPC,67,6.6,20.4988901268323,17.0939246835497,5.44515858454413
5,2031,Asymmetric ET-NMPC,68,6.7,20.7534782187275,17.259910841683,5.36404231242821
5,2031,Asymmetric ET-NMPC,69,6.8,21.0253868187309,17.4085764916586,5.26560553235118
5,2031,Asymmetric ET-NMPC,70,6.9,21.3146159268159,17.5399216334843,5.14984824427855
5,2031,Asymmetric ET-NMPC,71,7,21.6211655462909,17.653946263886,5.0167704547929
5,2031,Asymmetric ET-NMPC,72,7.1,21.948862496972,17.7468235630553,4.88605502950619
5,2031,Asymmetric ET-NMPC,73,7.2,22.2967010681738,17.8195592417009,4.76475396800469
5,2031,Asymmetric ET-NMPC,74,7.3,22.6618601475953,17.8749744121526,4.66077341431665
5,2031,Asymmetric ET-NMPC,75,7.4,23.0443397352776,17.9130690745685,4.57411336855913
5,2031,Asymmetric ET-NMPC,76,7.5,23.446386773068,17.9707311849131,4.49903908465923
5,2031,Asymmetric ET-NMPC,77,7.6,23.8505685345903,18.0495527193714,4.44512423661583
5,2031,Asymmetric ET-NMPC,78,7.7,24.2475851919305,18.1533178489362,4.37616019107803
5,2031,Asymmetric ET-NMPC,79,7.8,24.6316944629206,18.2762209360759,4.32635698992323
5,2031,Asymmetric ET-NMPC,80,7.9,24.9955382354526,18.4079907708811,4.29681928550741
5,2031,Asymmetric ET-NMPC,81,8,25.3382191156861,18.5376956558304,4.2884444724738
5,2031,Asymmetric ET-NMPC,82,8.1,25.6610011774738,18.6570046068229,4.299968442861
5,2031,Asymmetric ET-NMPC,83,8.2,25.9664627316678,18.7936340661966,4.3288129215002
5,2031,Asymmetric ET-NMPC,84,8.3,26.2546037782465,18.9475840339566,4.37497790836503
5,2031,Asymmetric ET-NMPC,85,8.4,26.5346358634796,19.1219575757789,4.44156646907023
5,2031,Asymmetric ET-NMPC,86,8.5,26.8236428549841,19.3165727957477,4.52839670765144
5,2031,Asymmetric ET-NMPC,87,8.6,27.1282431966774,19.5293104802443,4.63334941045051
5,2031,Asymmetric ET-NMPC,88,8.7,27.450164046287,19.759368673085,4.75562262121617
5,2031,Asymmetric ET-NMPC,89,8.8,27.7894054040036,20.0067473742381,4.89521633978958
5,2031,Asymmetric ET-NMPC,90,8.9,28.1459672698974,20.2714465836582,5.05213056614576
5,2031,Asymmetric ET-NMPC,91,9,28.5198496442709,20.5534663016331,5.22636529969465
5,2031,Asymmetric ET-NMPC,92,9.1,28.8899395949316,20.8366513561609,5.40758244378445
5,2031,Asymmetric ET-NMPC,93,9.2,29.2561338691335,21.1207000030086,5.59524735730239
5,2031,Asymmetric ET-NMPC,94,9.3,29.6185691864994,21.4055047376587,5.78896597759145
5,2031,Asymmetric ET-NMPC,95,9.4,29.9772505496716,21.6910718560596,5.98846309687188
5,2031,Asymmetric ET-NMPC,96,9.5,30.3292536891058,21.9858585602547,6.18643932993601
5,2031,Asymmetric ET-NMPC,97,9.6,30.670914229558,22.2859034084142,6.39438442891862
5,2031,Asymmetric ET-NMPC,98,9.7,30.9988024819919,22.6073072407832,6.59234621930842
5,2031,Asymmetric ET-NMPC,99,9.8,31.3070868974135,22.948590325728,6.78852617531503
5,2031,Asymmetric ET-NMPC,100,9.9,31.5918712802438,23.3064122216704,6.99066807122008
5,2031,Asymmetric ET-NMPC,101,10,31.8540143574928,23.6831854563459,7.1889681889272
5,2031,Asymmetric ET-NMPC,102,10.1,32.0954396940887,24.0787619627648,7.37667283569685
5,2031,Asymmetric ET-NMPC,103,10.2,32.3169682463988,24.4918848183937,7.55061134974258
5,2031,Asymmetric ET-NMPC,104,10.3,32.5141817366581,24.9192600105738,7.71930421968305
5,2031,Asymmetric ET-NMPC,105,10.4,32.6929946098133,25.3612856803538,7.86976771575273
5,2031,Asymmetric ET-NMPC,106,10.5,32.8468748481993,25.8135755294664,8.01726268049369
5,2031,Asymmetric ET-NMPC,107,10.6,32.9817910673875,26.277534181914,8.14587054424629
5,2031,Asymmetric ET-NMPC,108,10.7,33.0922095084344,26.7485779078905,8.27206712143815
5,2031,Asymmetric ET-NMPC,109,10.8,33.1820358170212,27.2204034765841,8.41103426508231
5,2031,Asymmetric ET-NMPC,110,10.9,33.2529978407798,27.7007514316571,8.53032480637268
5,2031,Asymmetric ET-NMPC,111,11,33.3363994055511,28.1839402731881,8.62816509671143
5,2031,Asymmetric ET-NMPC,112,11.1,33.4397643266866,28.66164271675,8.73359786435831
5,2031,Asymmetric ET-NMPC,113,11.2,33.5613787694984,29.1375896411767,8.82678827388797
5,2031,Asymmetric ET-NMPC,114,11.3,33.6997193064918,29.6095604015672,8.91681880849069
5,2031,Asymmetric ET-NMPC,115,11.4,33.8558264439739,30.0719287979791,9.02565826653155
5,2031,Asymmetric ET-NMPC,116,11.5,34.031169638122,30.5222646223555,9.15392521297183
5,2031,Asymmetric ET-NMPC,117,11.6,34.2239252160807,30.9554651274014,9.29960450335173
5,2031,Asymmetric ET-NMPC,118,11.7,34.4340013512499,31.37134508875,9.46260421705063
5,2031,Asymmetric ET-NMPC,119,11.8,34.6616906028609,31.7696119392781,9.64232387262835
5,2031,Asymmetric ET-NMPC,120,11.9,34.907883387023,32.1493752801619,9.83671456818202
5,2031,Asymmetric ET-NMPC,121,12,35.1769327426478,32.5191149883815,10.0389643948904
5,2031,Asymmetric ET-NMPC,122,12.1,35.4512903475804,32.8887134233106,10.23422038459
5,2031,Asymmetric ET-NMPC,123,12.2,35.7311894677281,33.2588105457951,10.4204584109683
5,2031,Asymmetric ET-NMPC,124,12.3,36.0166427181866,33.6297733483939,10.5962510185794
5,2031,Asymmetric ET-NMPC,125,12.4,36.307500911034,34.0017524262435,10.7606684060289
5,2031,Asymmetric ET-NMPC,126,12.5,36.6035129791548,34.3747522123327,10.91314140398
5,2031,Asymmetric ET-NMPC,127,12.6,36.901955765465,34.750756786117,11.0529715287486
5,2031,Asymmetric ET-NMPC,128,12.7,37.1976195853463,35.1335483685946,11.1796739754395
5,2031,Asymmetric ET-NMPC,129,12.8,37.4854554831164,35.5261963247639,11.2935953451246
5,2031,Asymmetric ET-NMPC,130,12.9,37.7620073458919,35.9300949443948,11.3955020291825
5,2031,Asymmetric ET-NMPC,131,13,38.0293004107054,36.3424653157602,11.4877250974599
5,2031,Asymmetric ET-NMPC,132,13.1,38.2884387464576,36.7578082854003,11.5720694317128
5,2031,Asymmetric ET-NMPC,133,13.2,38.5344231125508,37.1630542624244,11.6480517341448
5,2031,Asymmetric ET-NMPC,134,13.3,38.7636834556988,37.5498377608621,11.7155123015494
5,2031,Asymmetric ET-NMPC,135,13.4,38.9749190623686,37.9139940080831,11.7750282873249
5,2031,Asymmetric ET-NMPC,136,13.5,39.1689232209833,38.2545654960671,11.827700565797
5,2031,Asymmetric ET-NMPC,137,13.6,39.3453693516438,38.5716848131937,11.8739144128466
5,2031,Asymmetric ET-NMPC,138,13.7,39.5037294717218,38.8657013744747,11.9138705531637
5,2031,Asymmetric ET-NMPC,139,13.8,39.6437696168386,39.1367337480177,11.9478178973086
5,2031,Asymmetric ET-NMPC,140,13.9,39.7655427249412,39.3846625681495,11.9760607538778
5,2031,Asymmetric ET-NMPC,141,14,39.8693557499956,39.6091636614972,11.9989578612356
5,2031,Symmetric-energy ET-NMPC,1,0,0,0,3
5,2031,Symmetric-energy ET-NMPC,2,0.1,0,0,3
5,2031,Symmetric-energy ET-NMPC,3,0.2,0.0209497155622598,0.0209497155622598,3.00471368600151
5,2031,Symmetric-energy ET-NMPC,4,0.3,0.0628491466867795,0.0628491466867795,3.01414105800453
5,2031,Symmetric-energy ET-NMPC,5,0.4,0.125698293373559,0.125698293373559,3.02828211600905
5,2031,Symmetric-energy ET-NMPC,6,0.5,0.209497155622598,0.209497155622598,3.04713686001508
5,2031,Symmetric-energy ET-NMPC,7,0.6,0.314245733433897,0.314245733433897,3.07070529002263
5,2031,Symmetric-energy ET-NMPC,8,0.7,0.439944026807456,0.439944026807456,3.09898740603168
5,2031,Symmetric-energy ET-NMPC,9,0.8,0.586592035743275,0.586592035743275,3.13198320804224
5,2031,Symmetric-energy ET-NMPC,10,0.9,0.754189760241354,0.754189760241354,3.16969269605431
5,2031,Symmetric-energy ET-NMPC,11,1,0.942737200301692,0.942737200301692,3.21211587006788
5,2031,Symmetric-energy ET-NMPC,12,1.1,1.15223435592429,1.15223435592429,3.25925273008297
5,2031,Symmetric-energy ET-NMPC,13,1.2,1.38268122710915,1.38268122710915,3.31110327609956
5,2031,Symmetric-energy ET-NMPC,14,1.3,1.63407781385627,1.63407781385627,3.36766750811766
5,2031,Symmetric-energy ET-NMPC,15,1.4,1.90642411616564,1.90642411616564,3.42894542613727
5,2031,Symmetric-energy ET-NMPC,16,1.5,2.19972013403728,2.19972013403728,3.49493703015839
5,2031,Symmetric-energy ET-NMPC,17,1.6,2.5104742482108,2.5104742482108,3.56485670584743
5,2031,Symmetric-energy ET-NMPC,18,1.7,2.83432193461074,2.83432193461074,3.63772243528742
5,2031,Symmetric-energy ET-NMPC,19,1.8,3.16798980018048,3.16798980018048,3.71279770504061
5,2031,Symmetric-energy ET-NMPC,20,1.9,3.50902280012758,3.50902280012758,3.78953013002871
5,2031,Symmetric-energy ET-NMPC,21,2,3.85557965085769,3.85557965085769,3.86750542144298
5,2031,Symmetric-energy ET-NMPC,22,2.1,4.20474157689536,4.20474157689536,3.94606685480146
5,2031,Symmetric-energy ET-NMPC,23,2.2,4.55390350293302,4.55390350293302,4.02462828815993
5,2031,Symmetric-energy ET-NMPC,24,2.3,4.90306542897069,4.90306542897069,4.1031897215184
5,2031,Symmetric-energy ET-NMPC,25,2.4,5.25222735500835,5.25222735500835,4.18175115487688
5,2031,Symmetric-energy ET-NMPC,26,2.5,5.60138928104601,5.60138928104601,4.26031258823535
5,2031,Symmetric-energy ET-NMPC,27,2.6,5.95055120708368,5.95055120708368,4.33887402159383
5,2031,Symmetric-energy ET-NMPC,28,2.7,6.29971313312134,6.29971313312134,4.4174354549523
5,2031,Symmetric-energy ET-NMPC,29,2.8,6.64887505915901,6.64887505915901,4.49599688831078
5,2031,Symmetric-energy ET-NMPC,30,2.9,6.99803698519667,6.99803698519667,4.57455832166925
5,2031,Symmetric-energy ET-NMPC,31,3,7.34719891123433,7.34719891123433,4.65311975502772
5,2031,Symmetric-energy ET-NMPC,32,3.1,7.712823466343,7.67559149142662,4.74519036910327
5,2031,Symmetric-energy ET-NMPC,33,3.2,8.0948144084667,7.98158200333667,4.84742894673652
5,2031,Symmetric-energy ET-NMPC,34,3.3,8.49206469964707,8.26421524935885,4.95838233514839
5,2031,Symmetric-energy ET-NMPC,35,3.4,8.90568923903211,8.52261764349661,5.06857735827732
5,2031,Symmetric-energy ET-NMPC,36,3.5,9.33500175221413,8.760278167207,5.16453694088918
5,2031,Symmetric-energy ET-NMPC,37,3.6,9.76256662616277,9.00564364010851,5.24810764911345
5,2031,Symmetric-energy ET-NMPC,38,3.7,10.1894826186525,9.25786347959642,5.31235629054028
5,2031,Symmetric-energy ET-NMPC,39,3.8,10.6152182691237,9.51617826017618,5.35732995007468
5,2031,Symmetric-energy ET-NMPC,40,3.9,11.0391705995966,9.7799286088607,5.38379077121487
5,2031,Symmetric-energy ET-NMPC,41,4,11.4637828445893,10.0438599453176,5.39047590683286
5,2031,Symmetric-energy ET-NMPC,42,4.1,11.8960840761341,10.2947112393148,5.37671823607134
5,2031,Symmetric-energy ET-NMPC,43,4.2,12.3289952589,10.5427518337432,5.34410272822806
5,2031,Symmetric-energy ET-NMPC,44,4.3,12.7691837695993,10.7742989695875,5.29291680310532
5,2031,Symmetric-energy ET-NMPC,45,4.4,13.2083374021893,11.0112323634452,5.26118899419789
5,2031,Symmetric-energy ET-NMPC,46,4.5,13.6457450551462,11.2484841871815,5.21234109487212
5,2031,Symmetric-energy ET-NMPC,47,4.6,14.0868301400703,11.474123128842,5.14502827392519
5,2031,Symmetric-energy ET-NMPC,48,4.7,14.5265779430662,11.707193814792,5.09707073946951
5,2031,Symmetric-energy ET-NMPC,49,4.8,14.962163328867,11.9511542100062,5.06970840689883
5,2031,Symmetric-energy ET-NMPC,50,4.9,15.3905173968875,12.2089798172708,5.06348356561843
5,2031,Symmetric-energy ET-NMPC,51,5,15.8060114641497,12.4861690111569,5.04044379863659
5,2031,Symmetric-energy ET-NMPC,52,5.1,16.2157725059539,12.7726786443773,5.03759446687079
5,2031,Symmetric-energy ET-NMPC,53,5.2,16.6068450683941,13.0778767351717,5.04893958093999
5,2031,Symmetric-energy ET-NMPC,54,5.3,16.9803174483866,13.3998219827371,5.07788487449399
5,2031,Symmetric-energy ET-NMPC,55,5.4,17.3399471825953,13.7405291535732,5.12570796963848
5,2031,Symmetric-energy ET-NMPC,56,5.5,17.6895049752871,14.0906198047055,5.19813645545835
5,2031,Symmetric-energy ET-NMPC,57,5.6,18.0095989899366,14.4434119955107,5.27552351636298
5,2031,Symmetric-energy ET-NMPC,58,5.7,18.3093078966272,14.7879037875339,5.37329563928774
5,2031,Symmetric-energy ET-NMPC,59,5.8,18.5916962932555,15.1150750728856,5.4537472547192
5,2031,Symmetric-energy ET-NMPC,60,5.9,18.8563546545403,15.4257754143594,5.5164688432334
5,2031,Symmetric-energy ET-NMPC,61,6,19.1003897950047,15.7158525334159,5.57216437594675
5,2031,Symmetric-energy ET-NMPC,62,6.1,19.327104447417,15.9886091343334,5.61053939062411
5,2031,Symmetric-energy ET-NMPC,63,6.2,19.5364985867089,16.2440452216495,5.63159390779613
5,2031,Symmetric-energy ET-NMPC,64,6.3,19.7429130100806,16.4783730013722,5.63154011751403
5,2031,Symmetric-energy ET-NMPC,65,6.4,19.9543767023024,16.6917901990084,5.61057574520076
5,2031,Symmetric-energy ET-NMPC,66,6.5,20.1831609027002,16.8878868883679,5.57229086511307
5,2031,Symmetric-energy ET-NMPC,67,6.6,20.3946245961238,17.0666630690661,5.51668547643364
5,2031,Symmetric-energy ET-NMPC,68,6.7,20.6234087976236,17.228118741606,5.4437595797616
5,2031,Symmetric-energy ET-NMPC,69,6.8,20.8695135072448,17.3722539059717,5.35351317515806
5,2031,Symmetric-energy ET-NMPC,70,6.9,21.1329387250001,17.4990685621507,5.24594626264827
5,2031,Symmetric-energy ET-NMPC,71,7,21.4136844596114,17.608562701432,5.12105885966506
5,2031,Symmetric-energy ET-NMPC,72,7.1,21.7154141908681,17.6970728440301,4.99177330161615
5,2031,Symmetric-energy ET-NMPC,73,7.2,22.0362862608585,17.7664406478653,4.87541607425961
5,2031,Symmetric-energy ET-NMPC,74,7.3,22.374478839079,17.8184879434568,4.77637935465639
5,2031,Symmetric-energy ET-NMPC,75,7.4,22.7299919255683,17.8532147308139,4.69466314277683
5,2031,Symmetric-energy ET-NMPC,76,7.5,23.1056521060143,17.8785506027583,4.59279983897771
5,2031,Symmetric-energy ET-NMPC,77,7.6,23.5024859961833,17.90205673005,4.51211024649886
5,2031,Symmetric-energy ET-NMPC,78,7.7,23.901884743818,17.9498278249127,4.41396691932045
5,2031,Symmetric-energy ET-NMPC,79,7.8,24.2936048239577,18.0181054773099,4.33633015605666
5,2031,Symmetric-energy ET-NMPC,80,7.9,24.6680043977423,18.1037036386101,4.27601390176188
5,2031,Symmetric-energy ET-NMPC,81,8,25.0261657747294,18.2071388444843,4.23353471016328
5,2031,Symmetric-energy ET-NMPC,82,8.1,25.3670066440423,18.3278945586717,4.20837602680447
5,2031,Symmetric-energy ET-NMPC,83,8.2,25.6905270055173,18.4659707810989,4.20053785159481
5,2031,Symmetric-energy ET-NMPC,84,8.3,25.9929677639535,18.6006851665396,4.21377924914659
5,2031,Symmetric-energy ET-NMPC,85,8.4,26.2757758639504,18.7240365627794,4.24665330314189
5,2031,Symmetric-energy ET-NMPC,86,8.5,26.5412634558909,18.8647084671786,4.29684786514848
5,2031,Symmetric-energy ET-NMPC,87,8.6,26.7894305398352,19.0227008797784,4.36436293518541
5,2031,Symmetric-energy ET-NMPC,88,8.7,27.0202771157442,19.1980138005773,4.4491985132149
5,2031,Symmetric-energy ET-NMPC,89,8.8,27.2452980292859,19.3941361143257,4.55484348390869
5,2031,Symmetric-energy ET-NMPC,90,8.9,27.486716110882,19.6080226180494,4.67825264426378
5,2031,Symmetric-energy ET-NMPC,91,9,27.7454547005206,19.8392296300672,4.81898231250926
5,2031,Symmetric-energy ET-NMPC,92,9.1,28.0215137983583,20.0877571503752,4.97703248849244
5,2031,Symmetric-energy ET-NMPC,93,9.2,28.314893404518,20.3536051790441,5.15240317201984
5,2031,Symmetric-energy ET-NMPC,94,9.3,28.6255935192168,20.6367737162858,5.34509436266239
5,2031,Symmetric-energy ET-NMPC,95,9.4,28.953614143155,20.9372627628137,5.55510605900639
5,2031,Symmetric-energy ET-NMPC,96,9.5,29.2847293320492,21.241980507534,5.77307355139031
5,2031,Symmetric-energy ET-NMPC,97,9.6,29.6136903201223,21.546019453686,5.9952108682661
5,2031,Symmetric-energy ET-NMPC,98,9.7,29.9425696408189,21.851383759943,6.21564460634244
5,2031,Symmetric-energy ET-NMPC,99,9.8,30.2699342937547,22.1587749574217,6.43551510395609
5,2031,Symmetric-energy ET-NMPC,100,9.9,30.5906807993995,22.4692176749192,6.66078604808658
5,2031,Symmetric-energy ET-NMPC,101,10,30.9005635448082,22.7884487486419,6.88896186991653
5,2031,Symmetric-energy ET-NMPC,102,10.1,31.1961083376482,23.126304018374,7.10920512665641
5,2031,Symmetric-energy ET-NMPC,103,10.2,31.4718762170992,23.484505873949,7.31970722631226
5,2031,Symmetric-energy ET-NMPC,104,10.3,31.7281347766417,23.8622170537253,7.51842914320552
5,2031,Symmetric-energy ET-NMPC,105,10.4,31.9670728284807,24.2572487425223,7.69983055259596
5,2031,Symmetric-energy ET-NMPC,106,10.5,32.1871213627457,24.6711699501674,7.86758014146647
5,2031,Symmetric-energy ET-NMPC,107,10.6,32.3898493856144,25.102411669699,8.01800922939276
5,2031,Symmetric-energy ET-NMPC,108,10.7,32.5740444942766,25.5480406946828,8.15024740102599
5,2031,Symmetric-energy ET-NMPC,109,10.8,32.7331729878771,26.0028595433331,8.28373124812693
5,2031,Symmetric-energy ET-NMPC,110,10.9,32.8731674720905,26.4689609790784,8.39840904016153
5,2031,Symmetric-energy ET-NMPC,111,11,32.9938721320285,26.9446224349142,8.49420342674807
5,2031,Symmetric-energy ET-NMPC,112,11.1,33.0922395612752,27.4282389596493,8.57444621998525
5,2031,Symmetric-energy ET-NMPC,113,11.2,33.1928174904414,27.9151299797115,8.62756132845154
5,2031,Symmetric-energy ET-NMPC,114,11.3,33.3109878297927,28.3999021611066,8.659681462995
5,2031,Symmetric-energy ET-NMPC,115,11.4,33.4496881188743,28.8797249431628,8.68275368933939
5,2031,Symmetric-energy ET-NMPC,116,11.5,33.6017377922352,29.3543051654338,8.72342935110452
5,2031,Symmetric-energy ET-NMPC,117,11.6,33.764790646173,29.8235966169436,8.77981463608745
5,2031,Symmetric-energy ET-NMPC,118,11.7,33.9443155496528,30.2841015197631,8.85535299395807
5,2031,Symmetric-energy ET-NMPC,119,11.8,34.1417719982234,30.7335152045988,8.95042291980373
5,2031,Symmetric-energy ET-NMPC,120,11.9,34.3581127636653,31.169600441643,9.06455590907542
5,2031,Symmetric-energy ET-NMPC,121,12,34.5926560274199,31.590279864958,9.19689136956709
5,2031,Symmetric-energy ET-NMPC,122,12.1,34.8447487136067,31.9950434290345,9.34727665730226
5,2031,Symmetric-energy ET-NMPC,123,12.2,35.1099566802705,32.3848544662104,9.5137461431365
5,2031,Symmetric-energy ET-NMPC,124,12.3,35.3772281250172,32.7699999898518,9.68761074690041
5,2031,Symmetric-energy ET-NMPC,125,12.4,35.6470936979837,33.1512286539718,9.86604078411592
5,2031,Symmetric-energy ET-NMPC,126,12.5,35.9202718917022,33.5295398209705,10.0456357044248
5,2031,Symmetric-energy ET-NMPC,127,12.6,36.1973656538878,33.9058913720554,10.2233392692564
5,2031,Symmetric-energy ET-NMPC,128,12.7,36.4788139406409,34.2811070262268,10.3965445657934
5,2031,Symmetric-energy ET-NMPC,129,12.8,36.7648714092096,34.6558196884401,10.5631625283698
5,2031,Symmetric-energy ET-NMPC,130,12.9,37.0520503100396,35.0331953407171,10.721642482896
5,2031,Symmetric-energy ET-NMPC,131,13,37.3351823535177,35.4173832481104,10.8707595435183
5,2031,Symmetric-energy ET-NMPC,132,13.1,37.6102980827402,35.811091331356,11.0097029878453
5,2031,Symmetric-energy ET-NMPC,133,13.2,37.8766173261228,36.2139761549744,11.1391552164938
5,2031,Symmetric-energy ET-NMPC,134,13.3,38.1369977228374,36.6229325903909,11.2614527346133
5,2031,Symmetric-energy ET-NMPC,135,13.4,38.3881604898882,37.0276913794179,11.3758412028707
5,2031,Symmetric-energy ET-NMPC,136,13.5,38.6254752241997,37.4181554552643,11.4809111996059
5,2031,Symmetric-energy ET-NMPC,137,13.6,38.8456683283093,37.7874856149857,11.5758457405037
5,2031,Symmetric-energy ET-NMPC,138,13.7,39.048780123855,38.1339723339263,11.6614847926551
5,2031,Symmetric-energy ET-NMPC,139,13.8,39.235365877128,38.4568958157061,11.7386583984916
5,2031,Symmetric-energy ET-NMPC,140,13.9,39.4046214758058,38.7568426466277,11.8073621013157
5,2031,Symmetric-energy ET-NMPC,141,14,39.5560990193148,39.0341227917383,11.8676895216252
5,2031,Symmetric-energy ET-NMPC,142,14.1,39.6896299661114,39.2888051644947,11.9198157011096
5,2031,Symmetric-energy ET-NMPC,143,14.2,39.8053034633615,39.5207300427126,11.9639915385873
5,2031,Symmetric-energy ET-NMPC,144,14.3,39.9074804241092,39.7264366142081,12.0026497773978
6,2032,Asymmetric ET-NMPC,1,0,0,0,3
6,2032,Asymmetric ET-NMPC,2,0.1,0,0,3
6,2032,Asymmetric ET-NMPC,3,0.2,0.0209497155622598,0.0209497155622598,3.00471368600151
6,2032,Asymmetric ET-NMPC,4,0.3,0.0628491466867795,0.0628491466867795,3.01414105800453
6,2032,Asymmetric ET-NMPC,5,0.4,0.125698293373559,0.125698293373559,3.02828211600905
6,2032,Asymmetric ET-NMPC,6,0.5,0.209497155622598,0.209497155622598,3.04713686001508
6,2032,Asymmetric ET-NMPC,7,0.6,0.314245733433897,0.314245733433897,3.07070529002263
6,2032,Asymmetric ET-NMPC,8,0.7,0.439944026807456,0.439944026807456,3.09898740603168
6,2032,Asymmetric ET-NMPC,9,0.8,0.586592035743275,0.586592035743275,3.13198320804224
6,2032,Asymmetric ET-NMPC,10,0.9,0.754189760241354,0.754189760241354,3.16969269605431
6,2032,Asymmetric ET-NMPC,11,1,0.942737200301692,0.942737200301692,3.21211587006788
6,2032,Asymmetric ET-NMPC,12,1.1,1.15223435592429,1.15223435592429,3.25925273008297
6,2032,Asymmetric ET-NMPC,13,1.2,1.38268122710915,1.38268122710915,3.31110327609956
6,2032,Asymmetric ET-NMPC,14,1.3,1.63407781385627,1.63407781385627,3.36766750811766
6,2032,Asymmetric ET-NMPC,15,1.4,1.90642411616564,1.90642411616564,3.42894542613727
6,2032,Asymmetric ET-NMPC,16,1.5,2.19972013403728,2.19972013403728,3.49493703015839
6,2032,Asymmetric ET-NMPC,17,1.6,2.5104742482108,2.5104742482108,3.56485670584743
6,2032,Asymmetric ET-NMPC,18,1.7,2.83432193461074,2.83432193461074,3.63772243528742
6,2032,Asymmetric ET-NMPC,19,1.8,3.16798980018048,3.16798980018048,3.71279770504061
6,2032,Asymmetric ET-NMPC,20,1.9,3.50902280012758,3.50902280012758,3.78953013002871
6,2032,Asymmetric ET-NMPC,21,2,3.85557965085769,3.85557965085769,3.86750542144298
6,2032,Asymmetric ET-NMPC,22,2.1,4.20474157689536,4.20474157689536,3.94606685480146
6,2032,Asymmetric ET-NMPC,23,2.2,4.55390350293302,4.55390350293302,4.02462828815993
6,2032,Asymmetric ET-NMPC,24,2.3,4.90306542897069,4.90306542897069,4.1031897215184
6,2032,Asymmetric ET-NMPC,25,2.4,5.25222735500835,5.25222735500835,4.18175115487688
6,2032,Asymmetric ET-NMPC,26,2.5,5.60138928104601,5.60138928104601,4.26031258823535
6,2032,Asymmetric ET-NMPC,27,2.6,5.95055120708368,5.95055120708368,4.33887402159383
6,2032,Asymmetric ET-NMPC,28,2.7,6.29971313312134,6.29971313312134,4.4174354549523
6,2032,Asymmetric ET-NMPC,29,2.8,6.64887505915901,6.64887505915901,4.49599688831078
6,2032,Asymmetric ET-NMPC,30,2.9,7.01581722779246,6.97659722784014,4.58516877308119
6,2032,Asymmetric ET-NMPC,31,3,7.39996906015646,7.28156020442759,4.6822509681651
6,2032,Asymmetric ET-NMPC,32,3.1,7.80005572580853,7.5628880290123,4.78610333974053
6,2032,Asymmetric ET-NMPC,33,3.2,8.21569363373361,7.81989866166631,4.89188927547138
6,2032,Asymmetric ET-NMPC,34,3.3,8.64097081820112,8.06340185978465,4.99111381314993
6,2032,Asymmetric ET-NMPC,35,3.4,9.065185178224,8.30304479141821,5.10342339452414
6,2032,Asymmetric ET-NMPC,36,3.5,9.47770915018179,8.56245822950537,5.21535480521824
6,2032,Asymmetric ET-NMPC,37,3.6,9.88596374135602,8.8265718386063,5.33185454887821
6,2032,Asymmetric ET-NMPC,38,3.7,10.295355372862,9.0973038289441,5.42726252265713
6,2032,Asymmetric ET-NMPC,39,3.8,10.7090382958325,9.35484507242699,5.53923996300952
6,2032,Asymmetric ET-NMPC,40,3.9,11.1264130855799,9.61524654907998,5.62862315964226
6,2032,Asymmetric ET-NMPC,41,4,11.5500984978087,9.85861502456058,5.73474788158181
6,2032,Asymmetric ET-NMPC,42,4.1,11.9818578862183,10.0799234623003,5.85560484623595
6,2032,Asymmetric ET-NMPC,43,4.2,12.4190458493578,10.2811777126698,5.99111651213258
6,2032,Asymmetric ET-NMPC,44,4.3,12.8605455244746,10.4622437204537,6.14042537890559
6,2032,Asymmetric ET-NMPC,45,4.4,13.2972938900447,10.6523531630471,6.29244269702629
6,2032,Asymmetric ET-NMPC,46,4.5,13.7363828001618,10.8529399233919,6.42269583743582
6,2032,Asymmetric ET-NMPC,47,4.6,14.1736549112886,11.0644891780145,6.54118640119239
6,2032,Asymmetric ET-NMPC,48,4.7,14.6060238070229,11.2834123342198,6.66418961122623
6,2032,Asymmetric ET-NMPC,49,4.8,15.0377930991394,11.5114269253822,6.7718215052085
6,2032,Asymmetric ET-NMPC,50,4.9,15.4656747173597,11.7466490714088,6.8794684411047
6,2032,Asymmetric ET-NMPC,51,5,15.8884211918205,11.9919258023818,6.98494234107111
6,2032,Asymmetric ET-NMPC,52,5.1,16.3066574682149,12.2434325485762,7.09367492002724
6,2032,Asymmetric ET-NMPC,53,5.2,16.7253816966766,12.5019854900335,7.18210792836095
6,2032,Asymmetric ET-NMPC,54,5.3,17.1397224885876,12.7650644653599,7.27756032958673
6,2032,Asymmetric ET-NMPC,55,5.4,17.5465660371585,13.042556412183,7.36402735471527
6,2032,Asymmetric ET-NMPC,56,5.5,17.9426804144757,13.3300589313913,7.46618263618179
6,2032,Asymmetric ET-NMPC,57,5.6,18.3346578335861,13.6190615121712,7.5794575725539
6,2032,Asymmetric ET-NMPC,58,5.7,18.7150506904809,13.9214325126126,7.69724149554647
6,2032,Asymmetric ET-NMPC,59,5.8,19.089874977898,14.2260060879428,7.82663118127468
6,2032,Asymmetric ET-NMPC,60,5.9,19.4603234808735,14.5314702038171,7.96612878181417
6,2032,Asymmetric ET-NMPC,61,6,19.8248728808307,14.8389903458834,8.11624572694161
6,2032,Asymmetric ET-NMPC,62,6.1,20.1863671036601,15.1465745781791,8.2734521737054
6,2032,Asymmetric ET-NMPC,63,6.2,20.5458852006156,15.4552155037088,8.43310027751368
6,2032,Asymmetric ET-NMPC,64,6.3,20.9063504757502,15.7583916308765,8.60087697833278
6,2032,Asymmetric ET-NMPC,65,6.4,21.2714122897579,16.0483139445938,8.78163904283271
6,2032,Asymmetric ET-NMPC,66,6.5,21.6552051220126,16.3250059368119,8.94333197202963
6,2032,Asymmetric ET-NMPC,67,6.6,22.055800588046,16.5822004742936,9.09621834317833
6,2032,Asymmetric ET-NMPC,68,6.7,22.4697152009353,16.8160735089445,9.25106696893889
6,2032,Asymmetric ET-NMPC,69,6.8,22.8862466098627,17.0570641981959,9.38680595770413
6,2032,Asymmetric ET-NMPC,70,6.9,23.3052251356136,17.3047417359831,9.50131723328572
6,2032,Asymmetric ET-NMPC,71,7,23.7245146047548,17.5569853684927,9.60412526276612
6,2032,Asymmetric ET-NMPC,72,7.1,24.134850301462,17.8026972913537,9.69234033189248
6,2032,Asymmetric ET-NMPC,73,7.2,24.5242995892433,18.0313820167903,9.77707093467072
6,2032,Asymmetric ET-NMPC,74,7.3,24.8917065853576,18.2422029401724,9.87154945795684
6,2032,Asymmetric ET-NMPC,75,7.4,25.279491996089,18.461356960438,9.98640639418471
6,2032,Asymmetric ET-NMPC,76,7.5,25.6845979155855,18.6978314892487,10.1185838373295
6,2032,Asymmetric ET-NMPC,77,7.6,26.0947356261218,18.9442434299341,10.2637327742309
6,2032,Asymmetric ET-NMPC,78,7.7,26.4996071881271,19.1940404107755,10.4176174279229
6,2032,Asymmetric ET-NMPC,79,7.8,26.8920650905743,19.4542785626738,10.5857034151536
6,2032,Asymmetric ET-NMPC,80,7.9,27.2797314970732,19.7168599147486,10.7611052133622
6,2032,Asymmetric ET-NMPC,81,8,27.6627493775023,19.981578140157,10.9433730503719
6,2032,Asymmetric ET-NMPC,82,8.1,28.0412687720563,20.2482453742161,11.1320835541224
6,2032,Asymmetric ET-NMPC,83,8.2,28.4154446410959,20.5166906714657,11.3268386347057
6,2032,Asymmetric ET-NMPC,84,8.3,28.7854350242765,20.7867585603445,11.527264311081
6,2032,Asymmetric ET-NMPC,85,8.4,29.1513994743376,21.0583076943805,11.733009515389
6,2032,Asymmetric ET-NMPC,86,8.5,29.5221690992735,21.3381142660394,11.9180451002947
6,2032,Asymmetric ET-NMPC,87,8.6,29.8976821999045,21.6256122415601,12.0803251832561
6,2032,Asymmetric ET-NMPC,88,8.7,30.2769204361413,21.9198814573082,12.2202679888554
6,2032,Asymmetric ET-NMPC,89,8.8,30.6559372623952,22.2221341814213,12.3426997501865
6,2032,Asymmetric ET-NMPC,90,8.9,31.0265225890065,22.537964484286,12.4563559664388
6,2032,Asymmetric ET-NMPC,91,9,31.3825074343928,22.8654664155668,12.5829153393142
6,2032,Asymmetric ET-NMPC,92,9.1,31.7359039914642,23.1918995064324,12.7191222063879
6,2032,Asymmetric ET-NMPC,93,9.2,32.0696985854615,23.5315275006271,12.871549220324
6,2032,Asymmetric ET-NMPC,94,9.3,32.3822076833194,23.8840074996197,13.0391675787047
6,2032,Asymmetric ET-NMPC,95,9.4,32.6727323754333,24.2479652712437,13.2211844563469
6,2032,Asymmetric ET-NMPC,96,9.5,32.9407605039341,24.6220199461769,13.4167452461105
6,2032,Asymmetric ET-NMPC,97,9.6,33.1859650674101,25.0048043909791,13.6249537734766
6,2032,Asymmetric ET-NMPC,98,9.7,33.4081969921378,25.394985669517,13.8448890855808
6,2032,Asymmetric ET-NMPC,99,9.8,33.607474123929,25.7912826479056,14.0756212455958
6,2032,Asymmetric ET-NMPC,100,9.9,33.7887048880649,26.1904835004359,14.3160252586027
6,2032,Asymmetric ET-NMPC,101,10,33.9597432160082,26.6043214042922,14.5384754321385
6,2032,Asymmetric ET-NMPC,102,10.1,34.1373109434568,27.0277661159324,14.7363750995277
6,2032,Asymmetric ET-NMPC,103,10.2,34.3266516326562,27.4559848522318,14.9118140270654
6,2032,Asymmetric ET-NMPC,104,10.3,34.5269199596635,27.8877417631064,15.0650412019064
6,2032,Asymmetric ET-NMPC,105,10.4,34.7372765091505,28.3218926108145,15.1964305603882
6,2032,Asymmetric ET-NMPC,106,10.5,34.9568984366188,28.757391081419,15.306463696653
6,2032,Asymmetric ET-NMPC,107,10.6,35.1849883399016,29.1932920542615,15.395712438355
6,2032,Asymmetric ET-NMPC,108,10.7,35.4207813430048,29.6287522088279,15.4648218694956
6,2032,Asymmetric ET-NMPC,109,10.8,35.6635504719634,30.0630283933221,15.5144942522232
6,2032,Asymmetric ET-NMPC,110,10.9,35.9126104589901,30.4954741902842,15.54547417398
6,2032,Asymmetric ET-NMPC,111,11,36.1673201410776,30.9255351038031,15.558535127781
6,2032,Asymmetric ET-NMPC,112,11.1,36.4270836482818,31.3527427533855,15.554467639209
6,2032,Asymmetric ET-NMPC,113,11.2,36.6913505597289,31.7767084281872,15.5340689602294
6,2032,Asymmetric ET-NMPC,114,11.3,36.9581172022823,32.1980035193637,15.4973810252734
6,2032,Asymmetric ET-NMPC,115,11.4,37.2231290217991,32.6185706052513,15.4436031321905
6,2032,Asymmetric ET-NMPC,116,11.5,37.4822057841697,33.0402420377549,15.3723821085387
6,2032,Asymmetric ET-NMPC,117,11.6,37.7327893299888,33.4638056322991,15.284054491445
6,2032,Asymmetric ET-NMPC,118,11.7,37.9728539542427,33.8896789684898,15.1791694224234
6,2032,Asymmetric ET-NMPC,119,11.8,38.2008044037248,34.3179943690691,15.0584030769148
6,2032,Asymmetric ET-NMPC,120,11.9,38.4154474771586,34.7486464595231,14.9225092653762
6,2032,Asymmetric ET-NMPC,121,12,38.6159465218268,35.1813499443727,14.7722833445564
6,2032,Asymmetric ET-NMPC,122,12.1,38.801743295791,35.6157076663366,14.6085368082425
6,2032,Asymmetric ET-NMPC,123,12.2,38.9725073117797,36.049006874372,14.4266262611064
6,2032,Asymmetric ET-NMPC,124,12.3,39.1289754522964,36.4774255949876,14.2217479537401
6,2032,Asymmetric ET-NMPC,125,12.4,39.2729074976739,36.9000871632971,13.9977841238446
6,2032,Asymmetric ET-NMPC,126,12.5,39.4032573382373,37.3064967412713,13.7666387028061
6,2032,Asymmetric ET-NMPC,127,12.6,39.5195867346644,37.6897571552782,13.5374559842113
6,2032,Asymmetric ET-NMPC,128,12.7,39.6228645891244,38.0472528120213,13.3163871139893
6,2032,Asymmetric ET-NMPC,129,12.8,39.7144579152614,38.3796198803412,13.1068084936223
6,2032,Asymmetric ET-NMPC,130,12.9,39.7949139346437,38.6879236309137,12.9112625899288
6,2032,Asymmetric ET-NMPC,131,13,39.8648036250239,38.9729435864656,12.7314080080681
6,2032,Asymmetric ET-NMPC,132,13.1,39.9246841779893,39.2351804329399,12.5683089360166
6,2032,Asymmetric ET-NMPC,133,13.2,39.9751212108137,39.4748769794634,12.4226097146966
6,2032,Asymmetric ET-NMPC,134,13.3,40.0166925784278,39.6920367607133,12.294616260555
6,2032,Symmetric-energy ET-NMPC,1,0,0,0,3
6,2032,Symmetric-energy ET-NMPC,2,0.1,0,0,3
6,2032,Symmetric-energy ET-NMPC,3,0.2,0.0209497155622598,0.0209497155622598,3.00471368600151
6,2032,Symmetric-energy ET-NMPC,4,0.3,0.0628491466867795,0.0628491466867795,3.01414105800453
6,2032,Symmetric-energy ET-NMPC,5,0.4,0.125698293373559,0.125698293373559,3.02828211600905
6,2032,Symmetric-energy ET-NMPC,6,0.5,0.209497155622598,0.209497155622598,3.04713686001508
6,2032,Symmetric-energy ET-NMPC,7,0.6,0.314245733433897,0.314245733433897,3.07070529002263
6,2032,Symmetric-energy ET-NMPC,8,0.7,0.439944026807456,0.439944026807456,3.09898740603168
6,2032,Symmetric-energy ET-NMPC,9,0.8,0.586592035743275,0.586592035743275,3.13198320804224
6,2032,Symmetric-energy ET-NMPC,10,0.9,0.754189760241354,0.754189760241354,3.16969269605431
6,2032,Symmetric-energy ET-NMPC,11,1,0.942737200301692,0.942737200301692,3.21211587006788
6,2032,Symmetric-energy ET-NMPC,12,1.1,1.15223435592429,1.15223435592429,3.25925273008297
6,2032,Symmetric-energy ET-NMPC,13,1.2,1.38268122710915,1.38268122710915,3.31110327609956
6,2032,Symmetric-energy ET-NMPC,14,1.3,1.63407781385627,1.63407781385627,3.36766750811766
6,2032,Symmetric-energy ET-NMPC,15,1.4,1.90642411616564,1.90642411616564,3.42894542613727
6,2032,Symmetric-energy ET-NMPC,16,1.5,2.19972013403728,2.19972013403728,3.49493703015839
6,2032,Symmetric-energy ET-NMPC,17,1.6,2.5104742482108,2.5104742482108,3.56485670584743
6,2032,Symmetric-energy ET-NMPC,18,1.7,2.83432193461074,2.83432193461074,3.63772243528742
6,2032,Symmetric-energy ET-NMPC,19,1.8,3.16798980018048,3.16798980018048,3.71279770504061
6,2032,Symmetric-energy ET-NMPC,20,1.9,3.50902280012758,3.50902280012758,3.78953013002871
6,2032,Symmetric-energy ET-NMPC,21,2,3.85557965085769,3.85557965085769,3.86750542144298
6,2032,Symmetric-energy ET-NMPC,22,2.1,4.20474157689536,4.20474157689536,3.94606685480146
6,2032,Symmetric-energy ET-NMPC,23,2.2,4.55390350293302,4.55390350293302,4.02462828815993
6,2032,Symmetric-energy ET-NMPC,24,2.3,4.90306542897069,4.90306542897069,4.1031897215184
6,2032,Symmetric-energy ET-NMPC,25,2.4,5.25222735500835,5.25222735500835,4.18175115487688
6,2032,Symmetric-energy ET-NMPC,26,2.5,5.60138928104601,5.60138928104601,4.26031258823535
6,2032,Symmetric-energy ET-NMPC,27,2.6,5.95055120708368,5.95055120708368,4.33887402159383
6,2032,Symmetric-energy ET-NMPC,28,2.7,6.29971313312134,6.29971313312134,4.4174354549523
6,2032,Symmetric-energy ET-NMPC,29,2.8,6.64887505915901,6.64887505915901,4.49599688831078
6,2032,Symmetric-energy ET-NMPC,30,2.9,7.01579697857045,6.97660638705822,4.58521842029067
6,2032,Symmetric-energy ET-NMPC,31,3,7.39991238734391,7.28158438859972,4.68239748860558
6,2032,Symmetric-energy ET-NMPC,32,3.1,7.79994974255452,7.56293177816472,4.78638672276495
6,2032,Symmetric-energy ET-NMPC,33,3.2,8.2155229468349,7.81995374389875,4.8923990853193
6,2032,Symmetric-energy ET-NMPC,34,3.3,8.64077405800654,8.06335786302594,4.99197783425301
6,2032,Symmetric-energy ET-NMPC,35,3.4,9.06489191747071,8.30295945129961,5.10473917594538
6,2032,Symmetric-energy ET-NMPC,36,3.5,9.47733585573416,8.56229488195114,5.21714527986562
6,2032,Symmetric-energy ET-NMPC,37,3.6,9.88556471290405,8.82627556364743,5.33403582638209
6,2032,Symmetric-energy ET-NMPC,38,3.7,10.2949456780682,9.09688925869994,5.42982441344404
6,2032,Symmetric-energy ET-NMPC,39,3.8,10.7085732515923,9.35436389058188,5.54215893332903
6,2032,Symmetric-energy ET-NMPC,40,3.9,11.125920326251,9.61469230739438,5.63188370512426
6,2032,Symmetric-energy ET-NMPC,41,4,11.5495309779715,9.85804488635678,5.73834279614666
6,2032,Symmetric-energy ET-NMPC,42,4.1,11.9812092756094,10.0793337123663,5.85952490221766
6,2032,Symmetric-energy ET-NMPC,43,4.2,12.4182892207515,10.2806056746658,5.99535832500686
6,2032,Symmetric-energy ET-NMPC,44,4.3,12.8596404185058,10.4617653114459,6.14499223240283
6,2032,Symmetric-energy ET-NMPC,45,4.4,13.2962079688051,10.6519213630099,6.29746993595088
6,2032,Symmetric-energy ET-NMPC,46,4.5,13.7351389372689,10.8525609236404,6.42817330864398
6,2032,Symmetric-energy ET-NMPC,47,4.6,14.1722642115641,11.064129609728,6.54716988691223
6,2032,Symmetric-energy ET-NMPC,48,4.7,14.6044451206247,11.2829858827145,6.67095031193158
6,2032,Symmetric-energy ET-NMPC,49,4.8,15.0360384400232,11.5109477002593,6.77939668758469
6,2032,Symmetric-energy ET-NMPC,50,4.9,15.4636963476159,11.7460642628948,6.88815750795626
6,2032,Symmetric-energy ET-NMPC,51,5,15.8862359115308,11.9911900388106,6.99480492193446
6,2032,Symmetric-energy ET-NMPC,52,5.1,16.3042567245381,12.2424963984575,7.10482180015665
6,2032,Symmetric-energy ET-NMPC,53,5.2,16.722799652016,12.5008885525879,7.19457319313796
6,2032,Symmetric-energy ET-NMPC,54,5.3,17.1371173689812,12.7637429456135,7.29074178195931
6,2032,Symmetric-energy ET-NMPC,55,5.4,17.5440033070168,13.0410124739631,7.3777213317264
6,2032,Symmetric-energy ET-NMPC,56,5.5,17.9402142252879,13.3282252228829,7.48031638570423
6,2032,Symmetric-energy ET-NMPC,57,5.6,18.3322771556964,13.6169486391186,7.59400652387222
6,2032,Symmetric-energy ET-NMPC,58,5.7,18.7128565419758,13.9191074782898,7.71173233518798
6,2032,Symmetric-energy ET-NMPC,59,5.8,19.0879385204273,14.2234103716326,7.84101210369055
6,2032,Symmetric-energy ET-NMPC,60,5.9,19.4586649488064,14.52859423412,7.98038471713582
6,2032,Symmetric-energy ET-NMPC,61,6,19.8235257581172,14.8358160650549,8.13035583577555
6,2032,Symmetric-energy ET-NMPC,62,6.1,20.1853058276001,15.1431078681649,8.28747658254822
6,2032,Symmetric-energy ET-NMPC,63,6.2,20.5450700333189,15.4514479486459,8.44715159954362
6,2032,Symmetric-energy ET-NMPC,64,6.3,20.9056230082062,15.7545542827636,8.61486594752145
6,2032,Symmetric-energy ET-NMPC,65,6.4,21.270693697885,16.044525771445,8.79553118294133
6,2032,Symmetric-energy ET-NMPC,66,6.5,21.6545021011149,16.3211517457268,8.95730009207641
6,2032,Symmetric-energy ET-NMPC,67,6.6,22.0549983098373,16.5785064091927,9.11017704910832
6,2032,Symmetric-energy ET-NMPC,68,6.7,22.4687497018794,16.8129685235518,9.26457038611977
6,2032,Symmetric-energy ET-NMPC,69,6.8,22.885098803205,17.0544957376418,9.39991450560499
6,2032,Symmetric-energy ET-NMPC,70,6.9,23.3039064391075,17.3025881451089,9.51415250920707
6,2032,Symmetric-energy ET-NMPC,71,7,23.7229742938492,17.5551225085307,9.61715021992613
6,2032,Symmetric-energy ET-NMPC,72,7.1,24.1332121157146,17.8011225038014,9.70605161150405
6,2032,Symmetric-energy ET-NMPC,73,7.2,24.5226884433208,18.0300612647782,9.7918793934146
6,2032,Symmetric-energy ET-NMPC,74,7.3,24.8901728434881,18.2411655291624,9.88762109779876
6,2032,Symmetric-energy ET-NMPC,75,7.4,25.2371089224698,18.4317214834421,9.99081487896063
6,2032,Symmetric-energy ET-NMPC,76,7.5,25.6013655098272,18.6395979465127,10.111329167183
6,2032,Symmetric-energy ET-NMPC,77,7.6,25.982942603542,18.8647949195383,10.24916396332
6,2032,Symmetric-energy ET-NMPC,78,7.7,26.3818401955348,19.1073124068859,10.4043192710841
6,2032,Symmetric-energy ET-NMPC,79,7.8,26.7736124665429,19.365558124374,10.5770144854594
6,2032,Symmetric-energy ET-NMPC,80,7.9,27.1587537971426,19.6278866705413,10.7582598697584
6,2032,Symmetric-energy ET-NMPC,81,8,27.5393112862406,19.8923155725806,10.9460186332229
6,2032,Symmetric-energy ET-NMPC,82,8.1,27.9154405305798,20.1586640351206,11.1398878882774
6,2032,Symmetric-energy ET-NMPC,83,8.2,28.2873006688118,20.4267673496565,11.3394891165526
6,2032,Symmetric-energy ET-NMPC,84,8.3,28.6550527331525,20.6964755202877,11.5444669735711
6,2032,Symmetric-energy ET-NMPC,85,8.4,29.01911291933,20.9679335522519,11.7536814991722
6,2032,Symmetric-energy ET-NMPC,86,8.5,29.3873622414615,21.2473604096133,11.9442413798787
6,2032,Symmetric-energy ET-NMPC,87,8.6,29.7517322886956,21.5277917307155,12.1406917370265
6,2032,Symmetric-energy ET-NMPC,88,8.7,30.1214657490293,21.8162160012178,12.3142100602516
6,2032,Symmetric-energy ET-NMPC,89,8.8,30.4955128325936,22.1116867081065,12.4651598553749
6,2032,Symmetric-energy ET-NMPC,90,8.9,30.8680555079924,22.418097061005,12.5967829940827
6,2032,Symmetric-energy ET-NMPC,91,9,31.2284537548928,22.7386822035993,12.7284578587265
6,2032,Symmetric-energy ET-NMPC,92,9.1,31.5859706104431,23.0585153190879,12.8694843677037
6,2032,Symmetric-energy ET-NMPC,93,9.2,31.940634325562,23.3775234248436,13.0193091908812
6,2032,Symmetric-energy ET-NMPC,94,9.3,32.2740652990549,23.7126908436564,13.1820561947921
6,2032,Symmetric-energy ET-NMPC,95,9.4,32.5887391243812,24.0581961863958,13.3598382011736
6,2032,Symmetric-energy ET-NMPC,96,9.5,32.8872189326365,24.4108114789012,13.5510769513139
6,2032,Symmetric-energy ET-NMPC,97,9.6,33.1638304361487,24.7735104349021,13.755858648349
6,2032,Symmetric-energy ET-NMPC,98,9.7,33.4176453740801,25.1454277587544,13.9732419078273
6,2032,Symmetric-energy ET-NMPC,99,9.8,33.6515837011928,25.5234691192637,14.2020597149402
6,2032,Symmetric-energy ET-NMPC,100,9.9,33.8711990566858,25.9041923370549,14.4404269254923
6,2032,Symmetric-energy ET-NMPC,101,10,34.0845299474595,26.2991262013063,14.6606930688488
6,2032,Symmetric-energy ET-NMPC,102,10.1,34.3017138014362,26.7047323151406,14.8564348732547
6,2032,Symmetric-energy ET-NMPC,103,10.2,34.5291828737119,27.1149818390178,15.0295046548937
6,2032,Symmetric-energy ET-NMPC,104,10.3,34.7660531788793,27.5287194145734,15.1802152288536
6,2032,Symmetric-energy ET-NMPC,105,10.4,35.0114600605843,27.9448816724647,15.3089958078187
6,2032,Symmetric-energy ET-NMPC,106,10.5,35.2645714858473,28.3624987450227,15.4163763791968
6,2032,Symmetric-energy ET-NMPC,107,10.6,35.5245950009462,28.7806964041479,15.5029701982474
6,2032,Symmetric-energy ET-NMPC,108,10.7,35.7907828472583,29.1986958512661,15.5694569840368
6,2032,Symmetric-energy ET-NMPC,109,10.8,36.0624354050314,29.6158115596277,15.6165672132161
6,2032,Symmetric-energy ET-NMPC,110,10.9,36.3389031518146,30.0314475819724,15.6450677731781
6,2032,Symmetric-energy ET-NMPC,111,11,36.6195045576404,30.4451500335939,15.6557041527725
6,2032,Symmetric-energy ET-NMPC,112,11.1,36.9000669365116,30.8589355403612,15.6475613061291
6,2032,Symmetric-energy ET-NMPC,113,11.2,37.1762364343981,31.2748426986919,15.6201451779111
6,2032,Symmetric-energy ET-NMPC,114,11.3,37.4439886641881,31.6945276275164,15.5735264696488
6,2032,Symmetric-energy ET-NMPC,115,11.4,37.7007827240259,32.1185578961341,15.5082950191972
6,2032,Symmetric-energy ET-NMPC,116,11.5,37.9449864377399,32.5468833780342,15.4252177794544
6,2032,Symmetric-energy ET-NMPC,117,11.6,38.1754003692356,32.9791915184888,15.3251223656264
6,2032,Symmetric-energy ET-NMPC,118,11.7,38.3911828929906,33.4149916622144,15.2088634426541
6,2032,Symmetric-energy ET-NMPC,119,11.8,38.5918042874516,33.8536751913071,15.0773042643833
6,2032,Symmetric-energy ET-NMPC,120,11.9,38.7770152855371,34.2945620552178,14.9313054307606
6,2032,Symmetric-energy ET-NMPC,121,12,38.946813988292,34.7369420129235,14.7717172934727
6,2032,Symmetric-energy ET-NMPC,122,12.1,39.1013622282076,35.1801269441964,14.5993747327641
6,2032,Symmetric-energy ET-NMPC,123,12.2,39.2408698208368,35.6230921382548,14.4141195885666
6,2032,Symmetric-energy ET-NMPC,124,12.3,39.3653980418483,36.0626060008962,14.2108456681592
6,2032,Symmetric-energy ET-NMPC,125,12.4,39.4760726479593,36.4981961183082,13.9917283909418
6,2032,Symmetric-energy ET-NMPC,126,12.5,39.5749582056764,36.9249363155271,13.7643781560832
6,2032,Symmetric-energy ET-NMPC,127,12.6,39.6621668894417,37.333284444885,13.5380770956359
6,2032,Symmetric-energy ET-NMPC,128,12.7,39.7380390735053,37.7166611676474,13.319733014603
6,2032,Symmetric-energy ET-NMPC,129,12.8,39.804290454855,38.0740537857094,13.1128896491156
6,2032,Symmetric-energy ET-NMPC,130,12.9,39.8618190529191,38.4063090847754,12.9199037092709
6,2032,Symmetric-energy ET-NMPC,131,13,39.9112241861744,38.7142284817837,12.7424668269713
6,2032,Symmetric-energy ET-NMPC,132,13.1,39.9530599848511,38.9983220377842,12.5816141080303
6,2032,Symmetric-energy ET-NMPC,133,13.2,39.9878512090304,39.2588294728806,12.437909825486
6,2032,Symmetric-energy ET-NMPC,134,13.3,40.0161168966913,39.4957467245319,12.3115526066175
6,2032,Symmetric-energy ET-NMPC,135,13.4,40.038381417562,39.7088527214811,12.2024293700708
7,2033,Asymmetric ET-NMPC,1,0,0,0,3
7,2033,Asymmetric ET-NMPC,2,0.1,0,0,3
7,2033,Asymmetric ET-NMPC,3,0.2,0.0209497155622598,0.0209497155622598,3.00471368600151
7,2033,Asymmetric ET-NMPC,4,0.3,0.0628491466867795,0.0628491466867795,3.01414105800453
7,2033,Asymmetric ET-NMPC,5,0.4,0.125698293373559,0.125698293373559,3.02828211600905
7,2033,Asymmetric ET-NMPC,6,0.5,0.209497155622598,0.209497155622598,3.04713686001508
7,2033,Asymmetric ET-NMPC,7,0.6,0.314245733433897,0.314245733433897,3.07070529002263
7,2033,Asymmetric ET-NMPC,8,0.7,0.439944026807456,0.439944026807456,3.09898740603168
7,2033,Asymmetric ET-NMPC,9,0.8,0.586592035743275,0.586592035743275,3.13198320804224
7,2033,Asymmetric ET-NMPC,10,0.9,0.754189760241354,0.754189760241354,3.16969269605431
7,2033,Asymmetric ET-NMPC,11,1,0.942737200301692,0.942737200301692,3.21211587006788
7,2033,Asymmetric ET-NMPC,12,1.1,1.15223435592429,1.15223435592429,3.25925273008297
7,2033,Asymmetric ET-NMPC,13,1.2,1.38268122710915,1.38268122710915,3.31110327609956
7,2033,Asymmetric ET-NMPC,14,1.3,1.63407781385627,1.63407781385627,3.36766750811766
7,2033,Asymmetric ET-NMPC,15,1.4,1.90642411616564,1.90642411616564,3.42894542613727
7,2033,Asymmetric ET-NMPC,16,1.5,2.19972013403728,2.19972013403728,3.49493703015839
7,2033,Asymmetric ET-NMPC,17,1.6,2.5104742482108,2.5104742482108,3.56485670584743
7,2033,Asymmetric ET-NMPC,18,1.7,2.83432193461074,2.83432193461074,3.63772243528742
7,2033,Asymmetric ET-NMPC,19,1.8,3.16798980018048,3.16798980018048,3.71279770504061
7,2033,Asymmetric ET-NMPC,20,1.9,3.50902280012758,3.50902280012758,3.78953013002871
7,2033,Asymmetric ET-NMPC,21,2,3.85557965085769,3.85557965085769,3.86750542144298
7,2033,Asymmetric ET-NMPC,22,2.1,4.20474157689536,4.20474157689536,3.94606685480146
7,2033,Asymmetric ET-NMPC,23,2.2,4.55390350293302,4.55390350293302,4.02462828815993
7,2033,Asymmetric ET-NMPC,24,2.3,4.90306542897069,4.90306542897069,4.1031897215184
7,2033,Asymmetric ET-NMPC,25,2.4,5.25222735500835,5.25222735500835,4.18175115487688
7,2033,Asymmetric ET-NMPC,26,2.5,5.60138928104601,5.60138928104601,4.26031258823535
7,2033,Asymmetric ET-NMPC,27,2.6,5.95055120708368,5.95055120708368,4.33887402159383
7,2033,Asymmetric ET-NMPC,28,2.7,6.29971313312134,6.29971313312134,4.4174354549523
7,2033,Asymmetric ET-NMPC,29,2.8,6.64887505915901,6.64887505915901,4.49599688831078
7,2033,Asymmetric ET-NMPC,30,2.9,6.99803698519667,6.99803698519667,4.57455832166925
7,2033,Asymmetric ET-NMPC,31,3,7.34719891123433,7.34719891123433,4.65311975502772
7,2033,Asymmetric ET-NMPC,32,3.1,7.71232741029242,7.67587560283712,4.74614024509651
7,2033,Asymmetric ET-NMPC,33,3.2,8.09268842140901,7.98272631132678,4.85181968454315
7,2033,Asymmetric ET-NMPC,34,3.3,8.48715097506066,8.266788524127,4.96890065236313
7,2033,Asymmetric ET-NMPC,35,3.4,8.89502727183391,8.52706021190248,5.09497830729471
7,2033,Asymmetric ET-NMPC,36,3.5,9.31215054718907,8.76475151448443,5.23466015233506
7,2033,Asymmetric ET-NMPC,37,3.6,9.72392165985579,9.00616234334018,5.38354051532625
7,2033,Asymmetric ET-NMPC,38,3.7,10.1311371839983,9.25230374902443,5.53713063644465
7,2033,Asymmetric ET-NMPC,39,3.8,10.5360248858645,9.50489288267562,5.68634416947296
7,2033,Asymmetric ET-NMPC,40,3.9,10.9440806535445,9.76243627864385,5.81734756506362
7,2033,Asymmetric ET-NMPC,41,4,11.3573399698733,10.0105181687847,5.95028406588858
7,2033,Asymmetric ET-NMPC,42,4.1,11.7723827570696,10.2472780729684,6.09753973663597
7,2033,Asymmetric ET-NMPC,43,4.2,12.1922634738888,10.4781927804629,6.2402933057895
7,2033,Asymmetric ET-NMPC,44,4.3,12.61305082984,10.6983549112458,6.39671145448318
7,2033,Asymmetric ET-NMPC,45,4.4,13.0324450425196,10.927199868536,6.54415120452943
7,2033,Asymmetric ET-NMPC,46,4.5,13.4537906475906,11.1649011642988,6.67050774405172
7,2033,Asymmetric ET-NMPC,47,4.6,13.8750976639131,11.4093157138278,6.783476438724
7,2033,Asymmetric ET-NMPC,48,4.7,14.2963397414329,11.647621644299,6.90903676537648
7,2033,Asymmetric ET-NMPC,49,4.8,14.717738831862,11.8960516680042,7.01250332957664
7,2033,Asymmetric ET-NMPC,50,4.9,15.1304316764133,12.1583008399241,7.11695421699958
7,2033,Asymmetric ET-NMPC,51,5,15.5426857398788,12.427057277046,7.20536555485701
7,2033,Asymmetric ET-NMPC,52,5.1,15.9537342501134,12.7016851346112,7.28032329016853
7,2033,Asymmetric ET-NMPC,53,5.2,16.3641723716786,12.9816066387965,7.33675466318607
7,2033,Asymmetric ET-NMPC,54,5.3,16.7683315316323,13.271472957344,7.38806636552846
7,2033,Asymmetric ET-NMPC,55,5.4,17.1694941297964,13.5667529848191,7.43140543806805
7,2033,Asymmetric ET-NMPC,56,5.5,17.5644977916526,13.8703543662327,7.47381190365871
7,2033,Asymmetric ET-NMPC,57,5.6,17.9587278100644,14.1740221442993,7.52247989259512
7,2033,Asymmetric ET-NMPC,58,5.7,18.3549485320624,14.4727439928912,7.58391601090708
7,2033,Asymmetric ET-NMPC,59,5.8,18.7573565650147,14.7586231369653,7.66354571641239
7,2033,Asymmetric ET-NMPC,60,5.9,19.1643633731355,15.032464732769,7.760273367842
7,2033,Asymmetric ET-NMPC,61,6,19.5760935297138,15.2939547668527,7.87027900514679
7,2033,Asymmetric ET-NMPC,62,6.1,19.9947376462407,15.5424966698331,7.9841386826466
7,2033,Asymmetric ET-NMPC,63,6.2,20.4218815774455,15.7770629875612,8.0960614445065
7,2033,Asymmetric ET-NMPC,64,6.3,20.8561006050486,16.0007031692988,8.2030142620469
7,2033,Asymmetric ET-NMPC,65,6.4,21.2859697485394,16.2176309005564,8.29012569728907
7,2033,Asymmetric ET-NMPC,66,6.5,21.6905624534517,16.4208968273821,8.36860829990698
7,2033,Asymmetric ET-NMPC,67,6.6,22.0706548072775,16.6081358387517,8.44054332453053
7,2033,Asymmetric ET-NMPC,68,6.7,22.4226186453251,16.7908798605959,8.50306656562042
7,2033,Asymmetric ET-NMPC,69,6.8,22.7463101559404,16.9806032598316,8.55838121511488
7,2033,Asymmetric ET-NMPC,70,6.9,23.0444248801495,17.1859883154483,8.61296066631284
7,2033,Asymmetric ET-NMPC,71,7,23.3213758774471,17.4125367425664,8.66548868632548
7,2033,Asymmetric ET-NMPC,72,7.1,23.5742212445214,17.6567680243721,8.72051375292062
7,2033,Asymmetric ET-NMPC,73,7.2,23.855210677867,17.8941343586997,8.76774240817225
7,2033,Asymmetric ET-NMPC,74,7.3,24.1563351658524,18.1133672843476,8.80806857653649
7,2033,Asymmetric ET-NMPC,75,7.4,24.4638215952307,18.3067204153448,8.84405038340547
7,2033,Asymmetric ET-NMPC,76,7.5,24.7692222131732,18.4702695039234,8.87731770208025
7,2033,Asymmetric ET-NMPC,77,7.6,25.0667498766837,18.6049016473654,8.90923340228616
7,2033,Asymmetric ET-NMPC,78,7.7,25.3835224671725,18.7521538379904,8.96039402895858
7,2033,Asymmetric ET-NMPC,79,7.8,25.7176155659273,18.9167265368505,9.02887516335694
7,2033,Asymmetric ET-NMPC,80,7.9,26.0690291727022,19.0986197441728,9.11467680550006
7,2033,Asymmetric ET-NMPC,81,8,26.4374555885765,19.2979852775738,9.21795077284458
7,2033,Asymmetric ET-NMPC,82,8.1,26.8173306753622,19.5169585652558,9.34083249137126
7,2033,Asymmetric ET-NMPC,83,8.2,27.2145262701835,19.753252361321,9.48103471770614
7,2033,Asymmetric ET-NMPC,84,8.3,27.6202465782382,20.0014851152838,9.63521490933934
7,2033,Asymmetric ET-NMPC,85,8.4,28.0207740012141,20.2529061596324,9.79758868155327
7,2033,Asymmetric ET-NMPC,86,8.5,28.4244517795163,20.5125340883849,9.93772286694957
7,2033,Asymmetric ET-NMPC,87,8.6,28.8231616041653,20.7748203409289,10.0868416030452
7,2033,Asymmetric ET-NMPC,88,8.7,29.2170031638204,21.0395144132643,10.2444038890115
7,2033,Asymmetric ET-NMPC,89,8.8,29.6060915932182,21.3063887674757,10.4098979166168
7,2033,Asymmetric ET-NMPC,90,8.9,29.9905542379091,21.5752370163485,10.5828403750106
7,2033,Asymmetric ET-NMPC,91,9,30.3581745547923,21.856948796786,10.7712382926675
7,2033,Asymmetric ET-NMPC,92,9.1,30.7219615335411,22.1395482173718,10.9656517736234
7,2033,Asymmetric ET-NMPC,93,9.2,31.0698360190995,22.4324381648525,11.1734950341882
7,2033,Asymmetric ET-NMPC,94,9.3,31.3959352763743,22.7411516478998,11.3933933283827
7,2033,Asymmetric ET-NMPC,95,9.4,31.6999390093693,23.0621437703148,11.6269437248126
7,2033,Asymmetric ET-NMPC,96,9.5,31.9833860399334,23.403692619952,11.8530885185612
7,2033,Asymmetric ET-NMPC,97,9.6,32.2440978967953,23.7638995487329,12.0817373675629
7,2033,Asymmetric ET-NMPC,98,9.7,32.4803314930205,24.138537037953,12.3137727952144
7,2033,Asymmetric ET-NMPC,99,9.8,32.6936722335921,24.5305798355813,12.5391351106979
7,2033,Asymmetric ET-NMPC,100,9.9,32.8872339341884,24.9402227295359,12.7506216764528
7,2033,Asymmetric ET-NMPC,101,10,33.0611886161751,25.3660520617918,12.9466041971156
7,2033,Asymmetric ET-NMPC,102,10.1,33.216941795004,25.8067094012214,13.1242613289497
7,2033,Asymmetric ET-NMPC,103,10.2,33.3541140836229,26.2605176180513,13.2831382170511
7,2033,Asymmetric ET-NMPC,104,10.3,33.4724686971632,26.7257610790584,13.4229262975297
7,2033,Asymmetric ET-NMPC,105,10.4,33.5861648943159,27.1988054383834,13.5382614997177
7,2033,Asymmetric ET-NMPC,106,10.5,33.7137318908448,27.6729436849568,13.632705051816
7,2033,Asymmetric ET-NMPC,107,10.6,33.8547226843799,28.1469313925349,13.7065782486007
7,2033,Asymmetric ET-NMPC,108,10.7,34.0083080549104,28.6197001528371,13.7604413458128
7,2033,Asymmetric ET-NMPC,109,10.8,34.1733404590146,29.0904045375005,13.7951067154818
7,2033,Asymmetric ET-NMPC,110,10.9,34.3484546845117,29.5584454533848,13.811620621339
7,2033,Asymmetric ET-NMPC,111,11,34.5327373920833,30.0232457191365,13.810848191853
7,2033,Asymmetric ET-NMPC,112,11.1,34.7255160531187,30.4842631421007,13.7935472215663
7,2033,Asymmetric ET-NMPC,113,11.2,34.9261489838912,30.9410490439656,13.7604856585808
7,2033,Asymmetric ET-NMPC,114,11.3,35.1340278833221,31.3932406518699,13.7124324285918
7,2033,Asymmetric ET-NMPC,115,11.4,35.3485793757477,31.8405532063701,13.6501497208438
7,2033,Asymmetric ET-NMPC,116,11.5,35.5692657130974,32.2827720401079,13.5743866454392
7,2033,Asymmetric ET-NMPC,117,11.6,35.7955847902027,32.7197448263396,13.485874163658
7,2033,Asymmetric ET-NMPC,118,11.7,36.0271929851377,33.1514188139161,13.3857981301193
7,2033,Asymmetric ET-NMPC,119,11.8,36.2643768236044,33.5781207021091,13.2777734783834
7,2033,Asymmetric ET-NMPC,120,11.9,36.5073986244429,34.0003788939773,13.1653527342238
7,2033,Asymmetric ET-NMPC,121,12,36.7564356654927,34.4188057526435,13.0517766974382
7,2033,Asymmetric ET-NMPC,122,12.1,37.0115483985083,34.8339905876401,12.9397988146124
7,2033,Asymmetric ET-NMPC,123,12.2,37.2697624925101,35.2482266543864,12.8314753976362
7,2033,Asymmetric ET-NMPC,124,12.3,37.5262189771638,35.6649407121468,12.7286188687043
7,2033,Asymmetric ET-NMPC,125,12.4,37.7802000247116,36.084569541911,12.631638083405
7,2033,Asymmetric ET-NMPC,126,12.5,38.033017052932,36.5060013372446,12.5395577265221
7,2033,Asymmetric ET-NMPC,127,12.6,38.2819664745115,36.9226321362141,12.4529532256904
7,2033,Asymmetric ET-NMPC,128,12.7,38.5210566444697,37.3239657285501,12.3734289411992
7,2033,Asymmetric ET-NMPC,129,12.8,38.7459016291593,37.7032854898183,12.301928721634
7,2033,Asymmetric ET-NMPC,130,12.9,38.9549844121313,38.0582710302894,12.2381355569675
7,2033,Asymmetric ET-NMPC,131,13,39.1481272676215,38.3888408268244,12.1813986065779
7,2033,Asymmetric ET-NMPC,132,13.1,39.3242573239235,38.6957006621067,12.1316188396112
7,2033,Asymmetric ET-NMPC,133,13.2,39.4827438544488,38.9792612560117,12.0886104350929
7,2033,Asymmetric ET-NMPC,134,13.3,39.6232810928403,39.2396801280831,12.0521046164041
7,2033,Asymmetric ET-NMPC,135,13.4,39.7458589056581,39.4768738703534,12.0217674587359
7,2033,Asymmetric ET-NMPC,136,13.5,39.8546541223234,39.687693217547,11.9952291597956
7,2033,Symmetric-energy ET-NMPC,1,0,0,0,3
7,2033,Symmetric-energy ET-NMPC,2,0.1,0,0,3
7,2033,Symmetric-energy ET-NMPC,3,0.2,0.0209497155622598,0.0209497155622598,3.00471368600151
7,2033,Symmetric-energy ET-NMPC,4,0.3,0.0628491466867795,0.0628491466867795,3.01414105800453
7,2033,Symmetric-energy ET-NMPC,5,0.4,0.125698293373559,0.125698293373559,3.02828211600905
7,2033,Symmetric-energy ET-NMPC,6,0.5,0.209497155622598,0.209497155622598,3.04713686001508
7,2033,Symmetric-energy ET-NMPC,7,0.6,0.314245733433897,0.314245733433897,3.07070529002263
7,2033,Symmetric-energy ET-NMPC,8,0.7,0.439944026807456,0.439944026807456,3.09898740603168
7,2033,Symmetric-energy ET-NMPC,9,0.8,0.586592035743275,0.586592035743275,3.13198320804224
7,2033,Symmetric-energy ET-NMPC,10,0.9,0.754189760241354,0.754189760241354,3.16969269605431
7,2033,Symmetric-energy ET-NMPC,11,1,0.942737200301692,0.942737200301692,3.21211587006788
7,2033,Symmetric-energy ET-NMPC,12,1.1,1.15223435592429,1.15223435592429,3.25925273008297
7,2033,Symmetric-energy ET-NMPC,13,1.2,1.38268122710915,1.38268122710915,3.31110327609956
7,2033,Symmetric-energy ET-NMPC,14,1.3,1.63407781385627,1.63407781385627,3.36766750811766
7,2033,Symmetric-energy ET-NMPC,15,1.4,1.90642411616564,1.90642411616564,3.42894542613727
7,2033,Symmetric-energy ET-NMPC,16,1.5,2.19972013403728,2.19972013403728,3.49493703015839
7,2033,Symmetric-energy ET-NMPC,17,1.6,2.5104742482108,2.5104742482108,3.56485670584743
7,2033,Symmetric-energy ET-NMPC,18,1.7,2.83432193461074,2.83432193461074,3.63772243528742
7,2033,Symmetric-energy ET-NMPC,19,1.8,3.16798980018048,3.16798980018048,3.71279770504061
7,2033,Symmetric-energy ET-NMPC,20,1.9,3.50902280012758,3.50902280012758,3.78953013002871
7,2033,Symmetric-energy ET-NMPC,21,2,3.85557965085769,3.85557965085769,3.86750542144298
7,2033,Symmetric-energy ET-NMPC,22,2.1,4.20474157689536,4.20474157689536,3.94606685480146
7,2033,Symmetric-energy ET-NMPC,23,2.2,4.55390350293302,4.55390350293302,4.02462828815993
7,2033,Symmetric-energy ET-NMPC,24,2.3,4.90306542897069,4.90306542897069,4.1031897215184
7,2033,Symmetric-energy ET-NMPC,25,2.4,5.25222735500835,5.25222735500835,4.18175115487688
7,2033,Symmetric-energy ET-NMPC,26,2.5,5.60138928104601,5.60138928104601,4.26031258823535
7,2033,Symmetric-energy ET-NMPC,27,2.6,5.95055120708368,5.95055120708368,4.33887402159383
7,2033,Symmetric-energy ET-NMPC,28,2.7,6.29971313312134,6.29971313312134,4.4174354549523
7,2033,Symmetric-energy ET-NMPC,29,2.8,6.64887505915901,6.64887505915901,4.49599688831078
7,2033,Symmetric-energy ET-NMPC,30,2.9,6.99803698519667,6.99803698519667,4.57455832166925
7,2033,Symmetric-energy ET-NMPC,31,3,7.34719891123433,7.34719891123433,4.65311975502772
7,2033,Symmetric-energy ET-NMPC,32,3.1,7.71230414248486,7.67588927807132,4.74618324336803
7,2033,Symmetric-energy ET-NMPC,33,3.2,8.09261102192213,7.98277086248775,4.85196779138307
7,2033,Symmetric-energy ET-NMPC,34,3.3,8.48699605658495,8.26687689272948,4.96920348566725
7,2033,Symmetric-energy ET-NMPC,35,3.4,8.89477320957568,8.52720329729692,5.09548870484891
7,2033,Symmetric-energy ET-NMPC,36,3.5,9.31172421932305,8.76500210222031,5.23550150371981
7,2033,Symmetric-energy ET-NMPC,37,3.6,9.72336565418756,9.00641513439865,5.38473647615304
7,2033,Symmetric-energy ET-NMPC,38,3.7,10.1304336214126,9.25253012866513,5.53875946033551
7,2033,Symmetric-energy ET-NMPC,39,3.8,10.5351311046592,9.50505385625546,5.68859842074897
7,2033,Symmetric-energy ET-NMPC,40,3.9,10.9430247544129,9.76254833082448,5.82020148323987
7,2033,Symmetric-energy ET-NMPC,41,4,11.3559641889997,10.0107070668736,5.95398588100598
7,2033,Symmetric-energy ET-NMPC,42,4.1,11.7706386290737,10.2476210058582,6.10202943630027
7,2033,Symmetric-energy ET-NMPC,43,4.2,12.1900838152574,10.4785429381085,6.24604609156303
7,2033,Symmetric-energy ET-NMPC,44,4.3,12.6103771139655,10.6988104059898,6.40363982765133
7,2033,Symmetric-energy ET-NMPC,45,4.4,13.0293158121679,10.9275546254373,6.55252384028462
7,2033,Symmetric-energy ET-NMPC,46,4.5,13.4502522020814,11.1651924893289,6.68035498395317
7,2033,Symmetric-energy ET-NMPC,47,4.6,13.871157086932,11.4094541045038,6.79513887333244
7,2033,Symmetric-energy ET-NMPC,48,4.7,14.2919164221476,11.6478508789005,6.92213714019538
7,2033,Symmetric-energy ET-NMPC,49,4.8,14.7129724933095,11.8962548266426,7.02705264755176
7,2033,Symmetric-energy ET-NMPC,50,4.9,15.1255393061511,12.1582637583022,7.13259858386545
7,2033,Symmetric-energy ET-NMPC,51,5,15.537660987526,12.4268071917,7.22226543459448
7,2033,Symmetric-energy ET-NMPC,52,5.1,15.9486394617249,12.7012533644939,7.29826538185706
7,2033,Symmetric-energy ET-NMPC,53,5.2,16.3590509921139,12.9810206411438,7.35564696984164
7,2033,Symmetric-energy ET-NMPC,54,5.3,16.7632805158372,13.2707077568155,7.40741440327537
7,2033,Symmetric-energy ET-NMPC,55,5.4,17.1645720056736,13.5657912523535,7.45089854803984
7,2033,Symmetric-energy ET-NMPC,56,5.5,17.5597455136704,13.8691924178923,7.49315527918696
7,2033,Symmetric-energy ET-NMPC,57,5.6,17.9542035920452,14.1726163354918,7.54149522781489
7,2033,Symmetric-energy ET-NMPC,58,5.7,18.3507082942643,14.4710525482409,7.60248578477389
7,2033,Symmetric-energy ET-NMPC,59,5.8,18.7534102555433,14.7566363065359,7.68168835657652
7,2033,Symmetric-energy ET-NMPC,60,5.9,19.1607623537412,15.0301070391828,7.77801086941412
7,2033,Symmetric-energy ET-NMPC,61,6,19.5728660295114,15.2911671834669,7.88763824502347
7,2033,Symmetric-energy ET-NMPC,62,6.1,19.9918740300199,15.5392074165663,8.00125311321383
7,2033,Symmetric-energy ET-NMPC,63,6.2,20.4192526198918,15.7733091878286,8.11325267397632
7,2033,Symmetric-energy ET-NMPC,64,6.3,20.853610389652,15.9966048598417,8.2203618272226
7,2033,Symmetric-energy ET-NMPC,65,6.4,21.2836616468994,16.2134192878068,8.30763533859392
7,2033,Symmetric-energy ET-NMPC,66,6.5,21.6883846978628,16.416808410161,8.38606333496092
7,2033,Symmetric-energy ET-NMPC,67,6.6,22.0684740388477,16.6043659949399,8.45796885091791
7,2033,Symmetric-energy ET-NMPC,68,6.7,22.4204764764946,16.7875515200493,8.52028213277
7,2033,Symmetric-energy ET-NMPC,69,6.8,22.7442743335936,16.9777471905493,8.57515501828012
7,2033,Symmetric-energy ET-NMPC,70,6.9,23.0424946198761,17.1836045554806,8.62932136386553
7,2033,Symmetric-energy ET-NMPC,71,7,23.3195548595254,17.4106215407279,8.68136099965316
7,2033,Symmetric-energy ET-NMPC,72,7.1,23.5724866949695,17.6552769509421,8.73599024452232
7,2033,Symmetric-energy ET-NMPC,73,7.2,23.8534890966128,17.8929799113377,8.78263783826082
7,2033,Symmetric-energy ET-NMPC,74,7.3,24.1546824025893,18.1124628395876,8.82219624091062
7,2033,Symmetric-energy ET-NMPC,75,7.4,24.4622667835017,18.3059979700917,8.85728279221412
7,2033,Symmetric-energy ET-NMPC,76,7.5,24.7677846984672,18.4697346154609,8.88958007799352
7,2033,Symmetric-energy ET-NMPC,77,7.6,25.0654413552746,18.6045528389685,8.92048974091458
7,2033,Symmetric-energy ET-NMPC,78,7.7,25.3823764903319,18.7518882735254,8.97067788157412
7,2033,Symmetric-energy ET-NMPC,79,7.8,25.716632133656,18.916544216314,9.03818652996227
7,2033,Symmetric-energy ET-NMPC,80,7.9,26.0682082850076,19.09852066756,9.12301568609252
7,2033,Symmetric-energy ET-NMPC,81,8,26.4370393239304,19.2978503445154,9.22519806706383
7,2033,Symmetric-energy ET-NMPC,82,8.1,26.8170696809262,19.5168596478698,9.34706007149443
7,2033,Symmetric-energy ET-NMPC,83,8.2,27.214408860769,19.7531952992462,9.48624842337255
7,2033,Symmetric-energy ET-NMPC,84,8.3,27.6204082749792,20.0015537853253,9.63948855536617
7,2033,Symmetric-energy ET-NMPC,85,8.4,28.0212132733983,20.2531022320499,9.80097766395479
7,2033,Symmetric-energy ET-NMPC,86,8.5,28.4251255324216,20.5128315843143,9.94024557333457
7,2033,Symmetric-energy ET-NMPC,87,8.6,28.8240705723745,20.7752225387052,10.0885487835182
7,2033,Symmetric-energy ET-NMPC,88,8.7,29.2181464394781,21.040023548366,10.2453436694334
7,2033,Symmetric-energy ET-NMPC,89,8.8,29.6074668909675,21.307006157906,10.4101158523264
7,2033,Symmetric-energy ET-NMPC,90,8.9,29.9921581284932,21.5759631795224,10.5823795231748
7,2033,Symmetric-energy ET-NMPC,91,9,30.3599706082985,21.8578426132374,10.7701505660648
7,2033,Symmetric-energy ET-NMPC,92,9.1,30.712559440484,22.1497092717846,10.9713841841474
7,2033,Symmetric-energy ET-NMPC,93,9.2,31.0468319881664,22.4553142116415,11.1832036464283
7,2033,Symmetric-energy ET-NMPC,94,9.3,31.3587238798394,22.7763632062051,11.406028669705
7,2033,Symmetric-energy ET-NMPC,95,9.4,31.6481676811159,23.1088427611987,11.6419939879488
7,2033,Symmetric-energy ET-NMPC,96,9.5,31.9172594168552,23.4616744283851,11.8694985167699
7,2033,Symmetric-energy ET-NMPC,97,9.6,32.1631297735132,23.8324985281074,12.0976152736775
7,2033,Symmetric-energy ET-NMPC,98,9.7,32.3843447505237,24.2173992812082,12.3276486282344
7,2033,Symmetric-energy ET-NMPC,99,9.8,32.5828403357234,24.6191454538154,12.5494582661036
7,2033,Symmetric-energy ET-NMPC,100,9.9,32.7617328005278,25.0377158585826,12.7563309377866
7,2033,Symmetric-energy ET-NMPC,101,10,32.9213238732204,25.4716645299275,12.9466444689788
7,2033,Symmetric-energy ET-NMPC,102,10.1,33.0625221883531,25.9195326386691,13.1183337027003
7,2033,Symmetric-energy ET-NMPC,103,10.2,33.1866949548101,26.3795664498082,13.2698263318254
7,2033,Symmetric-energy ET-NMPC,104,10.3,33.3139177606489,26.8461324021262,13.3968325120377
7,2033,Symmetric-energy ET-NMPC,105,10.4,33.4537655498662,27.314299689718,13.5029550199237
7,2033,Symmetric-energy ET-NMPC,106,10.5,33.6054831263182,27.7829503787716,13.5886772961713
7,2033,Symmetric-energy ET-NMPC,107,10.6,33.7683148934387,28.2510788604535,13.6545676615866
7,2033,Symmetric-energy ET-NMPC,108,10.7,33.9415143486885,28.7177923628046,13.701263008511
7,2033,Symmetric-energy ET-NMPC,109,10.8,34.1243520901099,29.182308953434,13.7294533852733
7,2033,Symmetric-energy ET-NMPC,110,10.9,34.3161222525532,29.6439535637241,13.7398677304995
7,2033,Symmetric-energy ET-NMPC,111,11,34.5161475090727,30.102152481064,13.7332609988683
7,2033,Symmetric-energy ET-NMPC,112,11.1,34.7237827486317,30.5564267476238,13.710402782952
7,2033,Symmetric-energy ET-NMPC,113,11.2,34.9384175769239,31.0063848497064,13.6720674617164
7,2033,Symmetric-energy ET-NMPC,114,11.3,35.1594777985187,31.4517150253981,13.6190258455376
7,2033,Symmetric-energy ET-NMPC,115,11.4,35.386426039883,31.8921774599576,13.5520382385975
7,2033,Symmetric-energy ET-NMPC,116,11.5,35.6187616691997,32.3275965829629,13.4718488211456
7,2033,Symmetric-energy ET-NMPC,117,11.6,35.8560202202148,32.7578536509225,13.3791814836365
7,2033,Symmetric-energy ET-NMPC,118,11.7,36.0983563402869,33.183137486468,13.2771674447392
7,2033,Symmetric-energy ET-NMPC,119,11.8,36.3460367601485,33.6038956814805,13.1693854845282
7,2033,Symmetric-energy ET-NMPC,120,11.9,36.5992727211669,34.0207019231696,13.0591851898999
7,2033,Symmetric-energy ET-NMPC,121,12,36.8581754864756,34.4341439534423,12.9494808339269
7,2033,Symmetric-energy ET-NMPC,122,12.1,37.12146129798,34.8455385691127,12.8425460329598
7,2033,Symmetric-energy ET-NMPC,123,12.2,37.3840883795024,35.2585185381482,12.7402007290787
7,2033,Symmetric-energy ET-NMPC,124,12.3,37.6418583134645,35.6760241780668,12.6440565572256
7,2033,Symmetric-energy ET-NMPC,125,12.4,37.8946902542104,36.0978872724197,12.554014681625
7,2033,Symmetric-energy ET-NMPC,126,12.5,38.1445595202297,36.5225486128058,12.4689964725143
7,2033,Symmetric-energy ET-NMPC,127,12.6,38.3879320287509,36.9408050435546,12.3898284657168
7,2033,Symmetric-energy ET-NMPC,128,12.7,38.6196504409549,37.3426845836856,12.3177455145625
7,2033,Symmetric-energy ET-NMPC,129,12.8,38.8359606461616,37.7217836106939,12.2533946547417
7,2033,Symmetric-energy ET-NMPC,130,12.9,39.03627056793,38.0765148983064,12.1961292876087
7,2033,Symmetric-energy ET-NMPC,131,13,39.2203865248597,38.4068536793233,12.1454031195696
7,2033,Symmetric-energy ET-NMPC,132,13.1,39.3874141430967,38.7133761376124,12.101062204262
7,2033,Symmetric-energy ET-NMPC,133,13.2,39.5368616309025,38.9963846347776,12.0628883503526
7,2033,Symmetric-energy ET-NMPC,134,13.3,39.6685541094842,39.2559408883411,12.0306095721422
7,2033,Symmetric-energy ET-NMPC,135,13.4,39.782602203915,39.4918849588771,12.0039111631501
7,2033,Symmetric-energy ET-NMPC,136,13.5,39.8834672891668,39.7011136604222,11.9807479102599
8,2034,Asymmetric ET-NMPC,1,0,0,0,3
8,2034,Asymmetric ET-NMPC,2,0.1,0,0,3
8,2034,Asymmetric ET-NMPC,3,0.2,0.0209497155622598,0.0209497155622598,3.00471368600151
8,2034,Asymmetric ET-NMPC,4,0.3,0.0628491466867795,0.0628491466867795,3.01414105800453
8,2034,Asymmetric ET-NMPC,5,0.4,0.125698293373559,0.125698293373559,3.02828211600905
8,2034,Asymmetric ET-NMPC,6,0.5,0.209497155622598,0.209497155622598,3.04713686001508
8,2034,Asymmetric ET-NMPC,7,0.6,0.314245733433897,0.314245733433897,3.07070529002263
8,2034,Asymmetric ET-NMPC,8,0.7,0.439944026807456,0.439944026807456,3.09898740603168
8,2034,Asymmetric ET-NMPC,9,0.8,0.586592035743275,0.586592035743275,3.13198320804224
8,2034,Asymmetric ET-NMPC,10,0.9,0.754189760241354,0.754189760241354,3.16969269605431
8,2034,Asymmetric ET-NMPC,11,1,0.942737200301692,0.942737200301692,3.21211587006788
8,2034,Asymmetric ET-NMPC,12,1.1,1.15223435592429,1.15223435592429,3.25925273008297
8,2034,Asymmetric ET-NMPC,13,1.2,1.38268122710915,1.38268122710915,3.31110327609956
8,2034,Asymmetric ET-NMPC,14,1.3,1.63407781385627,1.63407781385627,3.36766750811766
8,2034,Asymmetric ET-NMPC,15,1.4,1.90642411616564,1.90642411616564,3.42894542613727
8,2034,Asymmetric ET-NMPC,16,1.5,2.19972013403728,2.19972013403728,3.49493703015839
8,2034,Asymmetric ET-NMPC,17,1.6,2.5104742482108,2.5104742482108,3.56485670584743
8,2034,Asymmetric ET-NMPC,18,1.7,2.83432193461074,2.83432193461074,3.63772243528742
8,2034,Asymmetric ET-NMPC,19,1.8,3.16798980018048,3.16798980018048,3.71279770504061
8,2034,Asymmetric ET-NMPC,20,1.9,3.50902280012758,3.50902280012758,3.78953013002871
8,2034,Asymmetric ET-NMPC,21,2,3.85557965085769,3.85557965085769,3.86750542144298
8,2034,Asymmetric ET-NMPC,22,2.1,4.20474157689536,4.20474157689536,3.94606685480146
8,2034,Asymmetric ET-NMPC,23,2.2,4.55390350293302,4.55390350293302,4.02462828815993
8,2034,Asymmetric ET-NMPC,24,2.3,4.90306542897069,4.90306542897069,4.1031897215184
8,2034,Asymmetric ET-NMPC,25,2.4,5.25222735500835,5.25222735500835,4.18175115487688
8,2034,Asymmetric ET-NMPC,26,2.5,5.60138928104601,5.60138928104601,4.26031258823535
8,2034,Asymmetric ET-NMPC,27,2.6,5.95055120708368,5.95055120708368,4.33887402159383
8,2034,Asymmetric ET-NMPC,28,2.7,6.29971313312134,6.29971313312134,4.4174354549523
8,2034,Asymmetric ET-NMPC,29,2.8,6.64887505915901,6.64887505915901,4.49599688831078
8,2034,Asymmetric ET-NMPC,30,2.9,6.99803698519667,6.99803698519667,4.57455832166925
8,2034,Asymmetric ET-NMPC,31,3,7.34719891123433,7.34719891123433,4.65311975502772
8,2034,Asymmetric ET-NMPC,32,3.1,7.71290218586932,7.6755477888454,4.74503346180101
8,2034,Asymmetric ET-NMPC,33,3.2,8.09429114107727,7.98182365466249,4.84865565471051
8,2034,Asymmetric ET-NMPC,34,3.3,8.49185215787206,8.26444237942513,4.95852782743242
8,2034,Asymmetric ET-NMPC,35,3.4,8.90446103093902,8.52268827058273,5.07282121117196
8,2034,Asymmetric ET-NMPC,36,3.5,9.33172061711652,8.75616126009266,5.18657361417397
8,2034,Asymmetric ET-NMPC,37,3.6,9.75638563332547,8.99732585829146,5.29380821952066
8,2034,Asymmetric ET-NMPC,38,3.7,10.1778250451832,9.24527418606583,5.3982613137156
8,2034,Asymmetric ET-NMPC,39,3.8,10.5962773654808,9.49969941933602,5.49908520132632
8,2034,Asymmetric ET-NMPC,40,3.9,11.0128518248927,9.76076954341328,5.5902340360967
8,2034,Asymmetric ET-NMPC,41,4,11.4262234788786,10.0272384785337,5.68033499223355
8,2034,Asymmetric ET-NMPC,42,4.1,11.8375679505034,10.2976360909676,5.76797549002846
8,2034,Asymmetric ET-NMPC,43,4.2,12.2502126006216,10.5668833117451,5.85300681856331
8,2034,Asymmetric ET-NMPC,44,4.3,12.6699221049862,10.8258310503773,5.93540827852164
8,2034,Asymmetric ET-NMPC,45,4.4,13.0944701668361,11.0771169507321,6.01673686797452
8,2034,Asymmetric ET-NMPC,46,4.5,13.5176484628936,11.3307146840038,6.09802843841941
8,2034,Asymmetric ET-NMPC,47,4.6,13.938026955934,11.5900210063979,6.17575973041615
8,2034,Asymmetric ET-NMPC,48,4.7,14.3550752829173,11.8548949171551,6.25265254126717
8,2034,Asymmetric ET-NMPC,49,4.8,14.7685315466194,12.1245822739827,6.33216761891194
8,2034,Asymmetric ET-NMPC,50,4.9,15.1781072622489,12.4025856554834,6.40260804083578
8,2034,Asymmetric ET-NMPC,51,5,15.5841869659387,12.6843152945593,6.47828950961992
8,2034,Asymmetric ET-NMPC,52,5.1,15.9869536043971,12.9749510108769,6.53582137336067
8,2034,Asymmetric ET-NMPC,53,5.2,16.3855941791667,13.2717447035265,6.59058629051402
8,2034,Asymmetric ET-NMPC,54,5.3,16.7767884133629,13.5791941234038,6.64000213158467
8,2034,Asymmetric ET-NMPC,55,5.4,17.1634733975906,13.8946944055512,6.67056837011214
8,2034,Asymmetric ET-NMPC,56,5.5,17.5441278337384,14.217911898788,6.69572095063037
8,2034,Asymmetric ET-NMPC,57,5.6,17.9305952282565,14.532719407617,6.73495340351471
8,2034,Asymmetric ET-NMPC,58,5.7,18.320693011271,14.8452995711324,6.74578673466609
8,2034,Asymmetric ET-NMPC,59,5.8,18.7225048120062,15.1415975743502,6.77325981383573
8,2034,Asymmetric ET-NMPC,60,5.9,19.1366744611753,15.4193233153863,6.80975521728786
8,2034,Asymmetric ET-NMPC,61,6,19.5618736219511,15.6785308372559,6.8546677353837
8,2034,Asymmetric ET-NMPC,62,6.1,19.9960858997673,15.9247405774439,6.88365845166178
8,2034,Asymmetric ET-NMPC,63,6.2,20.4373274486415,16.1597720771505,6.891788008398
8,2034,Asymmetric ET-NMPC,64,6.3,20.8881905237592,16.3758538686042,6.88620706783634
8,2034,Asymmetric ET-NMPC,65,6.4,21.3469555524847,16.5734730018444,6.86426791115484
8,2034,Asymmetric ET-NMPC,66,6.5,21.7884000642173,16.7537716189316,6.8250082633922
8,2034,Asymmetric ET-NMPC,67,6.6,22.2471650820413,16.9167497270057,6.76842810650696
8,2034,Asymmetric ET-NMPC,68,6.7,22.7183437650244,17.0715852271374,6.70505132368133
8,2034,Asymmetric ET-NMPC,69,6.8,23.1804535406029,17.243907211454,6.6228339956054
8,2034,Asymmetric ET-NMPC,70,6.9,23.6311442905067,17.4349718746681,6.52099027993281
8,2034,Asymmetric ET-NMPC,71,7,24.0667466804115,17.6436756436542,6.43815191456228
8,2034,Asymmetric ET-NMPC,72,7.1,24.4812806634873,17.8559287390548,6.33425352745172
8,2034,Asymmetric ET-NMPC,73,7.2,24.8665422301361,18.0652450501533,6.2244813907307
8,2034,Asymmetric ET-NMPC,74,7.3,25.2691243011809,18.2918818712091,6.13202976388331
8,2034,Asymmetric ET-NMPC,75,7.4,25.6890267874848,18.5358392468186,6.05689869145
8,2034,Asymmetric ET-NMPC,76,7.5,26.1121288332306,18.7967130158508,6.002773507694
8,2034,Asymmetric ET-NMPC,77,7.6,26.5233133802804,19.0770543635195,5.96811590228947
8,2034,Asymmetric ET-NMPC,78,7.7,26.926082536747,19.3730318204059,5.95491167515583
8,2034,Asymmetric ET-NMPC,79,7.8,27.3258213663235,19.6733418364707,5.95968266876484
8,2034,Asymmetric ET-NMPC,80,7.9,27.7232438048415,19.9760169864397,5.98073400966356
8,2034,Asymmetric ET-NMPC,81,8,28.1180535430852,20.2806331422839,6.01726164559343
8,2034,Asymmetric ET-NMPC,82,8.1,28.5100120074636,20.5868125639951,6.06847418236646
8,2034,Asymmetric ET-NMPC,83,8.2,28.8989323810183,20.8942207674591,6.13359821385328
8,2034,Asymmetric ET-NMPC,84,8.3,29.2846738427823,21.2025632650565,6.21188249612994
8,2034,Asymmetric ET-NMPC,85,8.4,29.6671361079276,21.5115822764153,6.30260110700303
8,2034,Asymmetric ET-NMPC,86,8.5,30.0416633704361,21.8255382403722,6.40824665747164
8,2034,Asymmetric ET-NMPC,87,8.6,30.4031122630139,22.1488637638825,6.52996479047173
8,2034,Asymmetric ET-NMPC,88,8.7,30.7443639891809,22.4898192657838,6.66148134878772
8,2034,Asymmetric ET-NMPC,89,8.8,31.0696863992046,22.8511172932538,6.77822493483313
8,2034,Asymmetric ET-NMPC,90,8.9,31.3735560995988,23.2324324551703,6.88895863555201
8,2034,Asymmetric ET-NMPC,91,9,31.6601052675291,23.6310681501774,6.98237187759839
8,2034,Asymmetric ET-NMPC,92,9.1,31.9252474398435,24.0407107725583,7.0914248481643
8,2034,Asymmetric ET-NMPC,93,9.2,32.1684046895317,24.4596377491729,7.21541976817573
8,2034,Asymmetric ET-NMPC,94,9.3,32.3885425688358,24.8873256407807,7.35188361491734
8,2034,Asymmetric ET-NMPC,95,9.4,32.5900095978948,25.3293712161644,7.47023371202689
8,2034,Asymmetric ET-NMPC,96,9.5,32.7694335176039,25.7769564488319,7.60242492404285
8,2034,Asymmetric ET-NMPC,97,9.6,32.9269510515885,26.2287100870686,7.74770698359373
8,2034,Asymmetric ET-NMPC,98,9.7,33.0628342236132,26.6833508519934,7.90530628063876
8,2034,Asymmetric ET-NMPC,99,9.8,33.1774741880353,27.1396970740826,8.07443878532736
8,2034,Asymmetric ET-NMPC,100,9.9,33.2713643151941,27.5966728055283,8.25432159409955
8,2034,Asymmetric ET-NMPC,101,10,33.3488042906414,28.0524277336428,8.44482223898567
8,2034,Asymmetric ET-NMPC,102,10.1,33.4389960140458,28.5026944253572,8.64262355182729
8,2034,Asymmetric ET-NMPC,103,10.2,33.5412312724104,28.9473312415003,8.84718663177398
8,2034,Asymmetric ET-NMPC,104,10.3,33.6563278838243,29.3849913822124,9.05980453147409
8,2034,Asymmetric ET-NMPC,105,10.4,33.7875659040365,29.8121833177003,9.28404465345253
8,2034,Asymmetric ET-NMPC,106,10.5,33.9393611666532,30.2271767556068,9.51800756662838
8,2034,Asymmetric ET-NMPC,107,10.6,34.1156196556833,30.6301341475312,9.75582742563566
8,2034,Asymmetric ET-NMPC,108,10.7,34.3171054420583,31.0222955940172,9.99165125347945
8,2034,Asymmetric ET-NMPC,109,10.8,34.5395661389598,31.4089934218936,10.2174299687069
8,2034,Asymmetric ET-NMPC,110,10.9,34.7769792206822,31.7948821396394,10.4289126539168
8,2034,Asymmetric ET-NMPC,111,11,35.0251553288989,32.1822536519722,10.6247491437326
8,2034,Asymmetric ET-NMPC,112,11.1,35.2818014125027,32.5718441621774,10.8046158224946
8,2034,Asymmetric ET-NMPC,113,11.2,35.5463034270884,32.963284775853,10.9683623651922
8,2034,Asymmetric ET-NMPC,114,11.3,35.8180204847401,33.3561186035677,11.1161846381558
8,2034,Asymmetric ET-NMPC,115,11.4,36.0963119559814,33.749852675076,11.2485754911928
8,2034,Asymmetric ET-NMPC,116,11.5,36.380562393902,34.1440094455237,11.3662280680969
8,2034,Asymmetric ET-NMPC,117,11.6,36.6701934057316,34.5381497153362,11.4699937883454
8,2034,Asymmetric ET-NMPC,118,11.7,36.9623453587007,34.9337815422847,11.5601197772814
8,2034,Asymmetric ET-NMPC,119,11.8,37.2517064164055,35.3342556515498,11.6368704521469
8,2034,Asymmetric ET-NMPC,120,11.9,37.5334330245194,35.7422517589799,11.7014405272791
8,2034,Asymmetric ET-NMPC,121,12,37.8071906527947,36.1571025529325,11.7558057709363
8,2034,Asymmetric ET-NMPC,122,12.1,38.075565447341,36.5763606628047,11.8026844116873
8,2034,Asymmetric ET-NMPC,123,12.2,38.3346855070363,36.9894199053215,11.8430542193168
8,2034,Asymmetric ET-NMPC,124,12.3,38.5796755529714,37.3864141277844,11.8774493317764
8,2034,Asymmetric ET-NMPC,125,12.4,38.8070844768286,37.7609540431912,11.9064165469971
8,2034,Asymmetric ET-NMPC,126,12.5,39.0168821001828,38.1115970217376,11.931050345173
8,2034,Asymmetric ET-NMPC,127,12.6,39.2092271780081,38.438108760415,11.952065867939
8,2034,Asymmetric ET-NMPC,128,12.7,39.3833124379806,38.7410485724977,11.9697733204819
8,2034,Asymmetric ET-NMPC,129,12.8,39.5387222508134,39.0207053965985,11.9844591600845
8,2034,Asymmetric ET-NMPC,130,12.9,39.6753482054066,39.2771330839699,11.9963929320203
8,2034,Asymmetric ET-NMPC,131,13,39.7933632899937,39.51016345141,12.0058365357589
8,2034,Asymmetric ET-NMPC,132,13.1,39.8975223846868,39.7166182530487,12.0139569439748
8,2034,Symmetric-energy ET-NMPC,1,0,0,0,3
8,2034,Symmetric-energy ET-NMPC,2,0.1,0,0,3
8,2034,Symmetric-energy ET-NMPC,3,0.2,0.0209497155622598,0.0209497155622598,3.00471368600151
8,2034,Symmetric-energy ET-NMPC,4,0.3,0.0628491466867795,0.0628491466867795,3.01414105800453
8,2034,Symmetric-energy ET-NMPC,5,0.4,0.125698293373559,0.125698293373559,3.02828211600905
8,2034,Symmetric-energy ET-NMPC,6,0.5,0.209497155622598,0.209497155622598,3.04713686001508
8,2034,Symmetric-energy ET-NMPC,7,0.6,0.314245733433897,0.314245733433897,3.07070529002263
8,2034,Symmetric-energy ET-NMPC,8,0.7,0.439944026807456,0.439944026807456,3.09898740603168
8,2034,Symmetric-energy ET-NMPC,9,0.8,0.586592035743275,0.586592035743275,3.13198320804224
8,2034,Symmetric-energy ET-NMPC,10,0.9,0.754189760241354,0.754189760241354,3.16969269605431
8,2034,Symmetric-energy ET-NMPC,11,1,0.942737200301692,0.942737200301692,3.21211587006788
8,2034,Symmetric-energy ET-NMPC,12,1.1,1.15223435592429,1.15223435592429,3.25925273008297
8,2034,Symmetric-energy ET-NMPC,13,1.2,1.38268122710915,1.38268122710915,3.31110327609956
8,2034,Symmetric-energy ET-NMPC,14,1.3,1.63407781385627,1.63407781385627,3.36766750811766
8,2034,Symmetric-energy ET-NMPC,15,1.4,1.90642411616564,1.90642411616564,3.42894542613727
8,2034,Symmetric-energy ET-NMPC,16,1.5,2.19972013403728,2.19972013403728,3.49493703015839
8,2034,Symmetric-energy ET-NMPC,17,1.6,2.5104742482108,2.5104742482108,3.56485670584743
8,2034,Symmetric-energy ET-NMPC,18,1.7,2.83432193461074,2.83432193461074,3.63772243528742
8,2034,Symmetric-energy ET-NMPC,19,1.8,3.16798980018048,3.16798980018048,3.71279770504061
8,2034,Symmetric-energy ET-NMPC,20,1.9,3.50902280012758,3.50902280012758,3.78953013002871
8,2034,Symmetric-energy ET-NMPC,21,2,3.85557965085769,3.85557965085769,3.86750542144298
8,2034,Symmetric-energy ET-NMPC,22,2.1,4.20474157689536,4.20474157689536,3.94606685480146
8,2034,Symmetric-energy ET-NMPC,23,2.2,4.55390350293302,4.55390350293302,4.02462828815993
8,2034,Symmetric-energy ET-NMPC,24,2.3,4.90306542897069,4.90306542897069,4.1031897215184
8,2034,Symmetric-energy ET-NMPC,25,2.4,5.25222735500835,5.25222735500835,4.18175115487688
8,2034,Symmetric-energy ET-NMPC,26,2.5,5.60138928104601,5.60138928104601,4.26031258823535
8,2034,Symmetric-energy ET-NMPC,27,2.6,5.95055120708368,5.95055120708368,4.33887402159383
8,2034,Symmetric-energy ET-NMPC,28,2.7,6.29971313312134,6.29971313312134,4.4174354549523
8,2034,Symmetric-energy ET-NMPC,29,2.8,6.64887505915901,6.64887505915901,4.49599688831078
8,2034,Symmetric-energy ET-NMPC,30,2.9,6.99803698519667,6.99803698519667,4.57455832166925
8,2034,Symmetric-energy ET-NMPC,31,3,7.34719891123433,7.34719891123433,4.65311975502772
8,2034,Symmetric-energy ET-NMPC,32,3.1,7.71287928954509,7.67556045890763,4.74507928377867
8,2034,Symmetric-energy ET-NMPC,33,3.2,8.09422429366895,7.98186010591378,4.84879289944066
8,2034,Symmetric-energy ET-NMPC,34,3.3,8.49172459868926,8.26450775824065,4.95881022599824
8,2034,Symmetric-energy ET-NMPC,35,3.4,8.90426216679819,8.52278536782648,5.07328918164248
8,2034,Symmetric-energy ET-NMPC,36,3.5,9.33144610756161,8.75628844230642,5.18726371810675
8,2034,Symmetric-energy ET-NMPC,37,3.6,9.75603265669974,8.99747787089839,5.29475288884712
8,2034,Symmetric-energy ET-NMPC,38,3.7,10.1773939057374,9.24544648816817,5.3994728136881
8,2034,Symmetric-energy ET-NMPC,39,3.8,10.5957683505976,9.49988786633278,5.50057874311677
8,2034,Symmetric-energy ET-NMPC,40,3.9,11.012271754994,9.76097531948863,5.59200224081201
8,2034,Symmetric-energy ET-NMPC,41,4,11.425576753226,10.0274610624403,5.68235890763789
8,2034,Symmetric-energy ET-NMPC,42,4.1,11.8368697221466,10.2978604119866,5.77023544308086
8,2034,Symmetric-energy ET-NMPC,43,4.2,12.2494802752727,10.5670917236016,5.85548233331786
8,2034,Symmetric-energy ET-NMPC,44,4.3,12.6691700471494,10.8259992256551,5.93811042032522
8,2034,Symmetric-energy ET-NMPC,45,4.4,13.0937051330187,11.0772256238656,6.01969018318378
8,2034,Symmetric-energy ET-NMPC,46,4.5,13.5168790369555,11.3307620457906,6.10119558045511
8,2034,Symmetric-energy ET-NMPC,47,4.6,13.937268907555,11.589999673664,6.17909429027744
8,2034,Symmetric-energy ET-NMPC,48,4.7,14.3543308422962,11.8548110350108,6.25612860400531
8,2034,Symmetric-energy ET-NMPC,49,4.8,14.7678016996846,12.1244414284265,6.33576089040353
8,2034,Symmetric-energy ET-NMPC,50,4.9,15.177393234429,12.4024090561135,6.40625041177937
8,2034,Symmetric-energy ET-NMPC,51,5,15.5834882793334,12.6841055586678,6.4819728982197
8,2034,Symmetric-energy ET-NMPC,52,5.1,15.986209350329,12.9747427109746,6.53981565641132
8,2034,Symmetric-energy ET-NMPC,53,5.2,16.3848264637627,13.2715311264869,6.5947795836317
8,2034,Symmetric-energy ET-NMPC,54,5.3,16.7760003678606,13.5789956035278,6.64426263235316
8,2034,Symmetric-energy ET-NMPC,55,5.4,17.1627032586104,13.8944792506902,6.67477398530331
8,2034,Symmetric-energy ET-NMPC,56,5.5,17.5433641009787,14.2177029752457,6.699748912168
8,2034,Symmetric-energy ET-NMPC,57,5.6,17.9298746915845,14.5324849281476,6.73876026278412
8,2034,Symmetric-energy ET-NMPC,58,5.7,18.3260869890813,14.8347829268835,6.77915500591452
8,2034,Symmetric-energy ET-NMPC,59,5.8,18.7334394908584,15.1205158750918,6.82835481896453
8,2034,Symmetric-energy ET-NMPC,60,5.9,19.1509656649061,15.3914409151781,6.87601524950462
8,2034,Symmetric-energy ET-NMPC,61,6,19.5775691449338,15.647440101798,6.92575343682789
8,2034,Symmetric-energy ET-NMPC,62,6.1,20.0105950490949,15.895604335025,6.95580472086586
8,2034,Symmetric-energy ET-NMPC,63,6.2,20.4500389273593,16.13396399102,6.96439263387712
8,2034,Symmetric-energy ET-NMPC,64,6.3,20.8979868814691,16.3559302007416,6.95581171605589
8,2034,Symmetric-energy ET-NMPC,65,6.4,21.3532689086305,16.5608380643435,6.92877390590189
8,2034,Symmetric-energy ET-NMPC,66,6.5,21.7912304223509,16.7484254145411,6.88441559836615
8,2034,Symmetric-energy ET-NMPC,67,6.6,22.2465124433138,16.9186922562871,6.82273678229748
8,2034,Symmetric-energy ET-NMPC,68,6.7,22.7162669850952,17.0755487094531,6.75398561084634
8,2034,Symmetric-energy ET-NMPC,69,6.8,23.1768370031911,17.2494115243952,6.66653859825294
8,2034,Symmetric-energy ET-NMPC,70,6.9,23.6258185918875,17.4417231394939,6.55961911588529
8,2034,Symmetric-energy ET-NMPC,71,7,24.0603364824327,17.6516205904004,6.47223267769238
8,2034,Symmetric-energy ET-NMPC,72,7.1,24.4737386778005,17.8643938937851,6.3637309159239
8,2034,Symmetric-energy ET-NMPC,73,7.2,24.8583250804908,18.0734580226954,6.24775305108722
8,2034,Symmetric-energy ET-NMPC,74,7.3,25.2602319892669,18.2998426607145,6.14909569528298
8,2034,Symmetric-energy ET-NMPC,75,7.4,25.6794593837396,18.5435478180669,6.06775885867586
8,2034,Symmetric-energy ET-NMPC,76,7.5,26.1031251551077,18.802020685184,6.0069387046533
8,2034,Symmetric-energy ET-NMPC,77,7.6,26.5158236650134,19.08023841476,5.96586341281038
8,2034,Symmetric-energy ET-NMPC,78,7.7,26.9195878895031,19.3745030777045,5.94629918104912
8,2034,Symmetric-energy ET-NMPC,79,7.8,27.3202516128173,19.6736138738142,5.94515354994961
8,2034,Symmetric-energy ET-NMPC,80,7.9,27.7187106199225,19.9752637781261,5.96057285231001
8,2034,Symmetric-energy ET-NMPC,81,8,28.1146468511695,20.2790111692617,5.99175013834156
8,2034,Symmetric-energy ET-NMPC,82,8.1,28.5078021614306,20.5844618433544,6.03788892581858
8,2034,Symmetric-energy ET-NMPC,83,8.2,28.8979722840159,20.8912659623443,6.09820897234177
8,2034,Symmetric-energy ET-NMPC,84,8.3,29.2850009765828,21.1991148339504,6.17195084227224
8,2034,Symmetric-energy ET-NMPC,85,8.4,29.6687744425533,21.5077376289878,6.25837940931056
8,2034,Symmetric-energy ET-NMPC,86,8.5,30.0445901756565,21.8214806227107,6.3600055311588
8,2034,Symmetric-energy ET-NMPC,87,8.6,30.4073774011875,22.1445150113371,6.47847161388401
8,2034,Symmetric-energy ET-NMPC,88,8.7,30.7502126016273,22.4844691440318,6.60845320105376
8,2034,Symmetric-energy ET-NMPC,89,8.8,31.0760945958204,22.8451525462726,6.72553611700972
8,2034,Symmetric-energy ET-NMPC,90,8.9,31.3801394652081,23.2257937029967,6.83809289026987
8,2034,Symmetric-energy ET-NMPC,91,9,31.6668637894194,23.6237554055171,6.93332923027601
8,2034,Symmetric-energy ET-NMPC,92,9.1,31.9322087405273,24.0327809349858,7.04419028369181
8,2034,Symmetric-energy ET-NMPC,93,9.2,32.1755489137969,24.4510748636073,7.16995096654404
8,2034,Symmetric-energy ET-NMPC,94,9.3,32.3963586979124,24.8774729256718,7.30933436550716
8,2034,Symmetric-energy ET-NMPC,95,9.4,32.5985606433447,25.3183844146147,7.43062505839642
8,2034,Symmetric-energy ET-NMPC,96,9.5,32.7786879364012,25.7648331795554,7.56567193388437
8,2034,Symmetric-energy ET-NMPC,97,9.6,32.9368784335995,26.2154525567063,7.71371903291791
8,2034,Symmetric-energy ET-NMPC,98,9.7,33.0734053511803,26.6689656912507,7.87398829875395
8,2034,Symmetric-energy ET-NMPC,99,9.8,33.1886610542916,27.1241950952803,8.04569244141562
8,2034,Symmetric-energy ET-NMPC,100,9.9,33.2831401108496,27.5800686969636,8.2280464026015
8,2034,Symmetric-energy ET-NMPC,101,10,33.3594131878331,28.0351335974921,8.42065573268309
8,2034,Symmetric-energy ET-NMPC,102,10.1,33.4484927025276,28.4847364377119,8.62046095315571
8,2034,Symmetric-energy ET-NMPC,103,10.2,33.5496688973092,28.9287356479807,8.82692663768984
8,2034,Symmetric-energy ET-NMPC,104,10.3,33.6622565157154,29.3670441988193,9.03955222985458
8,2034,Symmetric-energy ET-NMPC,105,10.4,33.7906721358691,29.7950080825199,9.26395441956855
8,2034,Symmetric-energy ET-NMPC,106,10.5,33.9396634112081,30.2105552709938,9.49873545377758
8,2034,Symmetric-energy ET-NMPC,107,10.6,34.1131531068149,30.6139663326991,9.73781878822833
8,2034,Symmetric-energy ET-NMPC,108,10.7,34.3120924784408,31.006341166055,9.97544268552419
8,2034,Symmetric-energy ET-NMPC,109,10.8,34.5326688071992,31.3928544699717,10.2033758974237
8,2034,Symmetric-energy ET-NMPC,110,10.9,34.7686362497589,31.7784525872791,10.4169957887748
8,2034,Symmetric-energy ET-NMPC,111,11,35.0155558854984,32.1655916192587,10.6148696460783
8,2034,Symmetric-energy ET-NMPC,112,11.1,35.2710530198042,32.5550444228486,10.796659987234
8,2034,Symmetric-energy ET-NMPC,113,11.2,35.5345079391021,32.9464361950317,10.9622014810205
8,2034,Symmetric-energy ET-NMPC,114,11.3,35.8052731349409,33.3393014454459,11.1116775785725
8,2034,Symmetric-energy ET-NMPC,115,11.4,36.0827001149222,33.7331353899462,11.2455771489146
8,2034,Symmetric-energy ET-NMPC,116,11.5,36.3661651901268,34.1274478206436,11.3645950389009
8,2034,Symmetric-energy ET-NMPC,117,11.6,36.6550817005831,34.521786899171,11.4695899965505
8,2034,Symmetric-energy ET-NMPC,118,11.7,36.9468670978497,34.9174182460471,11.5608978237672
8,2034,Symmetric-energy ET-NMPC,119,11.8,37.2362604499793,35.3176565296656,11.6387489899068
8,2034,Symmetric-energy ET-NMPC,120,11.9,37.5183010322153,35.7252778449441,11.7043079199058
8,2034,Symmetric-energy ET-NMPC,121,12,37.7923401631135,36.1398330204975,11.7595035824021
8,2034,Symmetric-energy ET-NMPC,122,12.1,38.0609808415114,36.5588357771312,11.8071363006043
8,2034,Symmetric-energy ET-NMPC,123,12.2,38.3207043835182,36.9722412763984,11.8482898944446
8,2034,Symmetric-energy ET-NMPC,124,12.3,38.5665456137443,37.3699628377138,11.8835078754574
8,2034,Symmetric-energy ET-NMPC,125,12.4,38.7949786574842,37.745482446815,11.9133318144031
8,2034,Symmetric-energy ET-NMPC,126,12.5,39.0057844729414,38.0971197776067,11.9388063159346
8,2034,Symmetric-energy ET-NMPC,127,12.6,39.1991823876489,38.4245950941456,11.9606528622937
8,2034,Symmetric-energy ET-NMPC,128,12.7,39.374345865534,38.7284834418911,11.9791587175703
8,2034,Symmetric-energy ET-NMPC,129,12.8,39.5308433854061,39.0090893713895,11.9945805799766
8,2034,Symmetric-energy ET-NMPC,130,12.9,39.668551105384,39.2664825590022,12.0071542790997
8,2034,Symmetric-energy ET-NMPC,131,13,39.7876282410421,39.5005082502217,12.0171085431289
8,2034,Symmetric-energy ET-NMPC,132,13.1,39.8928012870928,39.7079926584028,12.0255672848859
9,2035,Asymmetric ET-NMPC,1,0,0,0,3
9,2035,Asymmetric ET-NMPC,2,0.1,0,0,3
9,2035,Asymmetric ET-NMPC,3,0.2,0.0209497155622598,0.0209497155622598,3.00471368600151
9,2035,Asymmetric ET-NMPC,4,0.3,0.0628491466867795,0.0628491466867795,3.01414105800453
9,2035,Asymmetric ET-NMPC,5,0.4,0.125698293373559,0.125698293373559,3.02828211600905
9,2035,Asymmetric ET-NMPC,6,0.5,0.209497155622598,0.209497155622598,3.04713686001508
9,2035,Asymmetric ET-NMPC,7,0.6,0.314245733433897,0.314245733433897,3.07070529002263
9,2035,Asymmetric ET-NMPC,8,0.7,0.439944026807456,0.439944026807456,3.09898740603168
9,2035,Asymmetric ET-NMPC,9,0.8,0.586592035743275,0.586592035743275,3.13198320804224
9,2035,Asymmetric ET-NMPC,10,0.9,0.754189760241354,0.754189760241354,3.16969269605431
9,2035,Asymmetric ET-NMPC,11,1,0.942737200301692,0.942737200301692,3.21211587006788
9,2035,Asymmetric ET-NMPC,12,1.1,1.15223435592429,1.15223435592429,3.25925273008297
9,2035,Asymmetric ET-NMPC,13,1.2,1.38268122710915,1.38268122710915,3.31110327609956
9,2035,Asymmetric ET-NMPC,14,1.3,1.63407781385627,1.63407781385627,3.36766750811766
9,2035,Asymmetric ET-NMPC,15,1.4,1.90642411616564,1.90642411616564,3.42894542613727
9,2035,Asymmetric ET-NMPC,16,1.5,2.19972013403728,2.19972013403728,3.49493703015839
9,2035,Asymmetric ET-NMPC,17,1.6,2.5104742482108,2.5104742482108,3.56485670584743
9,2035,Asymmetric ET-NMPC,18,1.7,2.83432193461074,2.83432193461074,3.63772243528742
9,2035,Asymmetric ET-NMPC,19,1.8,3.16798980018048,3.16798980018048,3.71279770504061
9,2035,Asymmetric ET-NMPC,20,1.9,3.50902280012758,3.50902280012758,3.78953013002871
9,2035,Asymmetric ET-NMPC,21,2,3.85557965085769,3.85557965085769,3.86750542144298
9,2035,Asymmetric ET-NMPC,22,2.1,4.20474157689536,4.20474157689536,3.94606685480146
9,2035,Asymmetric ET-NMPC,23,2.2,4.55390350293302,4.55390350293302,4.02462828815993
9,2035,Asymmetric ET-NMPC,24,2.3,4.90306542897069,4.90306542897069,4.1031897215184
9,2035,Asymmetric ET-NMPC,25,2.4,5.25222735500835,5.25222735500835,4.18175115487688
9,2035,Asymmetric ET-NMPC,26,2.5,5.60138928104601,5.60138928104601,4.26031258823535
9,2035,Asymmetric ET-NMPC,27,2.6,5.95055120708368,5.95055120708368,4.33887402159383
9,2035,Asymmetric ET-NMPC,28,2.7,6.29971313312134,6.29971313312134,4.4174354549523
9,2035,Asymmetric ET-NMPC,29,2.8,6.6665818175092,6.62746874168177,4.50678661315805
9,2035,Asymmetric ET-NMPC,30,2.9,7.05030436139625,6.9325988391734,4.60503442696372
9,2035,Asymmetric ET-NMPC,31,3,7.44979093334206,7.21531608784046,4.7074133121946
9,2035,Asymmetric ET-NMPC,32,3.1,7.85800801608614,7.48391909319463,4.81329644999574
9,2035,Asymmetric ET-NMPC,33,3.2,8.26601336824271,7.75200443490997,4.92128664477733
9,2035,Asymmetric ET-NMPC,34,3.3,8.67318293376823,8.02207305518051,5.02747461610613
9,2035,Asymmetric ET-NMPC,35,3.4,9.07803904201208,8.29735207677574,5.12902751802045
9,2035,Asymmetric ET-NMPC,36,3.5,9.47838915963981,8.57485477356763,5.24177518579539
9,2035,Asymmetric ET-NMPC,37,3.6,9.87632903491862,8.85677835257497,5.35206095669436
9,2035,Asymmetric ET-NMPC,38,3.7,10.272863671429,9.14354654446416,5.4546489002755
9,2035,Asymmetric ET-NMPC,39,3.8,10.6740528919885,9.41870657949585,5.57012255280366
9,2035,Asymmetric ET-NMPC,40,3.9,11.0720324925061,9.69341510404101,5.69719522537357
9,2035,Asymmetric ET-NMPC,41,4,11.4700519096841,9.96149061815279,5.83760912170502
9,2035,Asymmetric ET-NMPC,42,4.1,11.8815105579603,10.2185829351283,5.95846159917614
9,2035,Asymmetric ET-NMPC,43,4.2,12.2948961555762,10.4723440690373,6.07977785777711
9,2035,Asymmetric ET-NMPC,44,4.3,12.7143788380322,10.7209194821945,6.19043292134514
9,2035,Asymmetric ET-NMPC,45,4.4,13.1350874687743,10.9600081102091,6.31629346310939
9,2035,Asymmetric ET-NMPC,46,4.5,13.5529586181492,11.2061061773483,6.43802860130083
9,2035,Asymmetric ET-NMPC,47,4.6,13.969046005215,11.4483665289989,6.57286631243124
9,2035,Asymmetric ET-NMPC,48,4.7,14.3840678720838,11.6983197458208,6.69647957798617
9,2035,Asymmetric ET-NMPC,49,4.8,14.7979956837007,11.9430624997246,6.83346407047192
9,2035,Asymmetric ET-NMPC,50,4.9,15.2116217521932,12.1956075624368,6.95648629107929
9,2035,Asymmetric ET-NMPC,51,5,15.620631317243,12.459998355372,7.06966174914692
9,2035,Asymmetric ET-NMPC,52,5.1,16.0160297602095,12.7472053582607,7.17536041891815
9,2035,Asymmetric ET-NMPC,53,5.2,16.4003323820371,13.0511090235844,7.275130439762
9,2035,Asymmetric ET-NMPC,54,5.3,16.7635048564864,13.3761426887955,7.37755375601472
9,2035,Asymmetric ET-NMPC,55,5.4,17.1077118949174,13.7232825371979,7.48250822397922
9,2035,Asymmetric ET-NMPC,56,5.5,17.4349844922523,14.0860980595767,7.58860979679819
9,2035,Asymmetric ET-NMPC,57,5.6,17.7355747745644,14.4485238442554,7.70841911084436
9,2035,Asymmetric ET-NMPC,58,5.7,18.0160678002263,14.8013501858604,7.80812989340664
9,2035,Asymmetric ET-NMPC,59,5.8,18.3138813337579,15.1368560190657,7.92516118392657
9,2035,Asymmetric ET-NMPC,60,5.9,18.6290153856637,15.455041333545,8.05951296157343
9,2035,Asymmetric ET-NMPC,61,6,18.9614699454799,15.7559061394137,8.2111852469262
9,2035,Asymmetric ET-NMPC,62,6.1,19.2766039972361,16.0394504371873,8.38017804035096
9,2035,Asymmetric ET-NMPC,63,6.2,19.6090585623055,16.3056742214483,8.56649133117702
9,2035,Asymmetric ET-NMPC,64,6.3,19.9588336353461,16.5545774974884,8.77012513003813
9,2035,Asymmetric ET-NMPC,65,6.4,20.325929217727,16.786160264067,8.99107943432443
9,2035,Asymmetric ET-NMPC,66,6.5,20.7099929513513,17.0002261291843,9.22913584340885
9,2035,Asymmetric ET-NMPC,67,6.6,21.0998257431143,17.1913093449113,9.47716325950164
9,2035,Asymmetric ET-NMPC,68,6.7,21.5069790434565,17.365072051966,9.70787016861888
9,2035,Asymmetric ET-NMPC,69,6.8,21.9183574895854,17.516687881591,9.94824573781777
9,2035,Asymmetric ET-NMPC,70,6.9,22.345715288208,17.6505630689025,10.1706029868086
9,2035,Asymmetric ET-NMPC,71,7,22.7874317843175,17.7663414273727,10.3742740666768
9,2035,Asymmetric ET-NMPC,72,7.1,23.2418254760119,17.8638033440929,10.5587396399894
9,2035,Asymmetric ET-NMPC,73,7.2,23.6905577736409,17.9719373395612,10.7509540101301
9,2035,Asymmetric ET-NMPC,74,7.3,24.1231678986543,18.0972803314582,10.9246231385075
9,2035,Asymmetric ET-NMPC,75,7.4,24.5649839264789,18.2373709819176,11.1121683522858
9,2035,Asymmetric ET-NMPC,76,7.5,24.989479445378,18.3601411262674,11.317034075256
9,2035,Asymmetric ET-NMPC,77,7.6,25.3966544553845,18.4655907641803,11.539220307124
9,2035,Asymmetric ET-NMPC,78,7.7,25.7865089565597,18.5537198954844,11.7787270477787
9,2035,Asymmetric ET-NMPC,79,7.8,26.1590429483945,18.6245285212037,12.0355542977355
9,2035,Asymmetric ET-NMPC,80,7.9,26.5109600930269,18.6882737750075,12.3129983948958
9,2035,Asymmetric ET-NMPC,81,8,26.8455567285004,18.7693395347162,12.6077630012194
9,2035,Asymmetric ET-NMPC,82,8.1,27.1628328558,18.8677258023209,12.9198481157001
9,2035,Asymmetric ET-NMPC,83,8.2,27.4627884752377,18.983432578142,13.2492537383297
9,2035,Asymmetric ET-NMPC,84,8.3,27.7680676526738,19.1200158927105,13.5995358994693
9,2035,Asymmetric ET-NMPC,85,8.4,28.0930166527477,19.2762690308104,13.9385843559821
9,2035,Asymmetric ET-NMPC,86,8.5,28.4347499918026,19.4495707723641,14.2598083142306
9,2035,Asymmetric ET-NMPC,87,8.6,28.7884580992885,19.6373549608747,14.5591871265138
9,2035,Asymmetric ET-NMPC,88,8.7,29.152781435824,19.8387529783413,14.8361480353371
9,2035,Asymmetric ET-NMPC,89,8.8,29.5263658649899,20.0528526870918,15.0903054452186
9,2035,Asymmetric ET-NMPC,90,8.9,29.9078836657056,20.278715611898,15.3214549789302
9,2035,Asymmetric ET-NMPC,91,9,30.2960519048416,20.515393190855,15.5295634644495
9,2035,Asymmetric ET-NMPC,92,9.1,30.6896477937961,20.761941595233,15.7147556902495
9,2035,Asymmetric ET-NMPC,93,9.2,31.0875208525283,21.0174347708838,15.8772988117
9,2035,Asymmetric ET-NMPC,94,9.3,31.4886019049535,21.2809754633596,16.0175852785986
9,2035,Asymmetric ET-NMPC,95,9.4,31.8919090348913,21.5517041994545,16.136115065546
9,2035,Asymmetric ET-NMPC,96,9.5,32.2965508049777,21.8288061937439,16.2334779057995
9,2035,Asymmetric ET-NMPC,97,9.6,32.7017270662212,22.1115163236829,16.3103360852903
9,2035,Asymmetric ET-NMPC,98,9.7,33.1067277429641,22.3991223427202,16.367408229558
9,2035,Asymmetric ET-NMPC,99,9.8,33.5109299839793,22.690966544418,16.4054543895953
9,2035,Asymmetric ET-NMPC,100,9.9,33.9137940559863,22.9864461098236,16.4252626180287
9,2035,Asymmetric ET-NMPC,101,10,34.3148583250519,23.2850123734487,16.4276371293198
9,2035,Asymmetric ET-NMPC,102,10.1,34.7137336256929,23.5861692401977,16.4133880539637
9,2035,Asymmetric ET-NMPC,103,10.2,35.1088886728973,23.8909480774164,16.382366302684
9,2035,Asymmetric ET-NMPC,104,10.3,35.4963793641295,24.2030683373746,16.333051928187
9,2035,Asymmetric ET-NMPC,105,10.4,35.8728904515142,24.5249500980367,16.2649965593356
9,2035,Asymmetric ET-NMPC,106,10.5,36.2341207691424,24.8596131807107,16.1783173881275
9,2035,Asymmetric ET-NMPC,107,10.6,36.5773180890687,25.2079534149135,16.074035650364
9,2035,Asymmetric ET-NMPC,108,10.7,36.9006767914316,25.5696747222391,15.953218245025
9,2035,Asymmetric ET-NMPC,109,10.8,37.2028637275014,25.943944931918,15.8168185902759
9,2035,Asymmetric ET-NMPC,110,10.9,37.4832125604389,26.3293254981091,15.6655362348184
9,2035,Asymmetric ET-NMPC,111,11,37.7412427539157,26.7243743453599,15.5001372398394
9,2035,Asymmetric ET-NMPC,112,11.1,37.9756256416918,27.1294950044536,15.324234103161
9,2035,Asymmetric ET-NMPC,113,11.2,38.185027133104,27.547179244537,15.1462147475271
9,2035,Asymmetric ET-NMPC,114,11.3,38.3699216918957,27.9782731296557,14.9730903288496
9,2035,Asymmetric ET-NMPC,115,11.4,38.5314115290762,28.4223831390824,14.8097277504711
9,2035,Asymmetric ET-NMPC,116,11.5,38.670442586924,28.8784151475894,14.6590453952638
9,2035,Asymmetric ET-NMPC,117,11.6,38.7873421697687,29.3448327332787,14.5219719722728
9,2035,Asymmetric ET-NMPC,118,11.7,38.8820279510801,29.8198819973363,14.3980252113803
9,2035,Asymmetric ET-NMPC,119,11.8,38.9537835749689,30.3018576045242,14.2859955522885
9,2035,Asymmetric ET-NMPC,120,11.9,39.0046686053311,30.7884285994627,14.1827512760811
9,2035,Asymmetric ET-NMPC,121,12,39.0440621316565,31.2762522768314,14.0803979181387
9,2035,Asymmetric ET-NMPC,122,12.1,39.0792115903678,31.7632736291514,13.9728120550489
9,2035,Asymmetric ET-NMPC,123,12.2,39.1150829333968,32.2479789964147,13.8554495665977
9,2035,Asymmetric ET-NMPC,124,12.3,39.1546722790378,32.7292145758076,13.7256612742209
9,2035,Asymmetric ET-NMPC,125,12.4,39.1992333624928,33.2067868621463,13.5844556753144
9,2035,Asymmetric ET-NMPC,126,12.5,39.2487384873287,33.6815239534584,13.4355465192915
9,2035,Asymmetric ET-NMPC,127,12.6,39.3020921578995,34.1550520916618,13.2841381702274
9,2035,Asymmetric ET-NMPC,128,12.7,39.3578137631611,34.6290561216485,13.1350902508747
9,2035,Asymmetric ET-NMPC,129,12.8,39.41467270329,35.1046883493558,12.9917687769301
9,2035,Asymmetric ET-NMPC,130,12.9,39.4714856495779,35.5827855896472,12.8568787552093
9,2035,Asymmetric ET-NMPC,131,13,39.5288593160025,36.0626496099212,12.7286649320566
9,2035,Asymmetric ET-NMPC,132,13.1,39.5855209368444,36.5294351678684,12.6093014656864
9,2035,Asymmetric ET-NMPC,133,13.2,39.6403248779914,36.973470011115,12.5004868955375
9,2035,Asymmetric ET-NMPC,134,13.3,39.6923685419274,37.3897957398811,12.4028341283087
9,2035,Asymmetric ET-NMPC,135,13.4,39.7411209254264,37.7783948300601,12.3161540993772
9,2035,Asymmetric ET-NMPC,136,13.5,39.7860493582894,38.1393578886126,12.2405025407602
9,2035,Asymmetric ET-NMPC,137,13.6,39.8268000856033,38.4726439646487,12.1756459538954
9,2035,Asymmetric ET-NMPC,138,13.7,39.8631573675004,38.7781051120666,12.121107844862
9,2035,Asymmetric ET-NMPC,139,13.8,39.8950627640668,39.0555111659889,12.0762181784988
9,2035,Asymmetric ET-NMPC,140,13.9,39.922571451854,39.3045813548505,12.0401459779378
9,2035,Asymmetric ET-NMPC,141,14,39.9468374910779,39.5242324194182,12.0089727932033
9,2035,Symmetric-energy ET-NMPC,1,0,0,0,3
9,2035,Symmetric-energy ET-NMPC,2,0.1,0,0,3
9,2035,Symmetric-energy ET-NMPC,3,0.2,0.0209497155622598,0.0209497155622598,3.00471368600151
9,2035,Symmetric-energy ET-NMPC,4,0.3,0.0628491466867795,0.0628491466867795,3.01414105800453
9,2035,Symmetric-energy ET-NMPC,5,0.4,0.125698293373559,0.125698293373559,3.02828211600905
9,2035,Symmetric-energy ET-NMPC,6,0.5,0.209497155622598,0.209497155622598,3.04713686001508
9,2035,Symmetric-energy ET-NMPC,7,0.6,0.314245733433897,0.314245733433897,3.07070529002263
9,2035,Symmetric-energy ET-NMPC,8,0.7,0.439944026807456,0.439944026807456,3.09898740603168
9,2035,Symmetric-energy ET-NMPC,9,0.8,0.586592035743275,0.586592035743275,3.13198320804224
9,2035,Symmetric-energy ET-NMPC,10,0.9,0.754189760241354,0.754189760241354,3.16969269605431
9,2035,Symmetric-energy ET-NMPC,11,1,0.942737200301692,0.942737200301692,3.21211587006788
9,2035,Symmetric-energy ET-NMPC,12,1.1,1.15223435592429,1.15223435592429,3.25925273008297
9,2035,Symmetric-energy ET-NMPC,13,1.2,1.38268122710915,1.38268122710915,3.31110327609956
9,2035,Symmetric-energy ET-NMPC,14,1.3,1.63407781385627,1.63407781385627,3.36766750811766
9,2035,Symmetric-energy ET-NMPC,15,1.4,1.90642411616564,1.90642411616564,3.42894542613727
9,2035,Symmetric-energy ET-NMPC,16,1.5,2.19972013403728,2.19972013403728,3.49493703015839
9,2035,Symmetric-energy ET-NMPC,17,1.6,2.5104742482108,2.5104742482108,3.56485670584743
9,2035,Symmetric-energy ET-NMPC,18,1.7,2.83432193461074,2.83432193461074,3.63772243528742
9,2035,Symmetric-energy ET-NMPC,19,1.8,3.16798980018048,3.16798980018048,3.71279770504061
9,2035,Symmetric-energy ET-NMPC,20,1.9,3.50902280012758,3.50902280012758,3.78953013002871
9,2035,Symmetric-energy ET-NMPC,21,2,3.85557965085769,3.85557965085769,3.86750542144298
9,2035,Symmetric-energy ET-NMPC,22,2.1,4.20474157689536,4.20474157689536,3.94606685480146
9,2035,Symmetric-energy ET-NMPC,23,2.2,4.55390350293302,4.55390350293302,4.02462828815993
9,2035,Symmetric-energy ET-NMPC,24,2.3,4.90306542897069,4.90306542897069,4.1031897215184
9,2035,Symmetric-energy ET-NMPC,25,2.4,5.25222735500835,5.25222735500835,4.18175115487688
9,2035,Symmetric-energy ET-NMPC,26,2.5,5.60138928104601,5.60138928104601,4.26031258823535
9,2035,Symmetric-energy ET-NMPC,27,2.6,5.95055120708368,5.95055120708368,4.33887402159383
9,2035,Symmetric-energy ET-NMPC,28,2.7,6.29971313312134,6.29971313312134,4.4174354549523
9,2035,Symmetric-energy ET-NMPC,29,2.8,6.66656209475746,6.6274778094908,4.50683431552071
9,2035,Symmetric-energy ET-NMPC,30,2.9,7.05024908464129,6.93262351654905,4.60517246304143
9,2035,Symmetric-energy ET-NMPC,31,3,7.44968532792159,7.21535148393548,4.7077179846972
9,2035,Symmetric-energy ET-NMPC,32,3.1,7.8578629231012,7.48393572410411,4.81380076711938
9,2035,Symmetric-energy ET-NMPC,33,3.2,8.26583978508548,7.75197938746932,4.92200185128779
9,2035,Symmetric-energy ET-NMPC,34,3.3,8.67297906157733,8.02199418364779,5.02844253609577
9,2035,Symmetric-energy ET-NMPC,35,3.4,9.07780574077088,8.29722161632635,5.13025226114349
9,2035,Symmetric-energy ET-NMPC,36,3.5,9.47812931406204,8.57466610853986,5.243237173445
9,2035,Symmetric-energy ET-NMPC,37,3.6,9.87602350829848,8.85651642882335,5.35387445083844
9,2035,Symmetric-energy ET-NMPC,38,3.7,10.2725195105472,9.14321861838485,5.45679565711509
9,2035,Symmetric-energy ET-NMPC,39,3.8,10.6734542103361,9.41844789982484,5.57298605750681
9,2035,Symmetric-energy ET-NMPC,40,3.9,11.0711590241392,9.69324904993465,5.70071705991502
9,2035,Symmetric-energy ET-NMPC,41,4,11.468882314057,9.96144489215128,5.84173895493367
9,2035,Symmetric-energy ET-NMPC,42,4.1,11.8801974772554,10.2178095468501,5.96460880617579
9,2035,Symmetric-energy ET-NMPC,43,4.2,12.2933541838457,10.4710706211716,6.08773623623465
9,2035,Symmetric-energy ET-NMPC,44,4.3,12.7126130250775,10.7193657222047,6.19985923499927
9,2035,Symmetric-energy ET-NMPC,45,4.4,13.1329143018676,10.9584669264771,6.3270498433166
9,2035,Symmetric-energy ET-NMPC,46,4.5,13.5503655267087,11.2045504258174,6.45024637829649
9,2035,Symmetric-energy ET-NMPC,47,4.6,13.9658931566672,11.4470508567508,6.58637253205902
9,2035,Symmetric-energy ET-NMPC,48,4.7,14.3803814575692,11.6972350424895,6.71130179853293
9,2035,Symmetric-energy ET-NMPC,49,4.8,14.7935897991726,11.9425612621798,6.84941013413135
9,2035,Symmetric-energy ET-NMPC,50,4.9,15.2065437464819,12.1956651428763,6.9735369361447
9,2035,Symmetric-energy ET-NMPC,51,5,15.6150144044315,12.4604524387536,7.08772717012383
9,2035,Symmetric-energy ET-NMPC,52,5.1,16.0100649032971,12.7479126573305,7.19403674674676
9,2035,Symmetric-energy ET-NMPC,53,5.2,16.3941278006355,13.0518992798393,7.29447490793904
9,2035,Symmetric-energy ET-NMPC,54,5.3,16.7597414595746,13.3743351049825,7.38010589098559
9,2035,Symmetric-energy ET-NMPC,55,5.4,17.1085931396886,13.7204896289933,7.47219036735645
9,2035,Symmetric-energy ET-NMPC,56,5.5,17.4392868609373,14.0828318652651,7.56888455818614
9,2035,Symmetric-energy ET-NMPC,57,5.6,17.7444378465032,14.4449510101792,7.68131148190256
9,2035,Symmetric-energy ET-NMPC,58,5.7,18.0294693478334,14.7975626616298,7.77361841749451
9,2035,Symmetric-energy ET-NMPC,59,5.8,18.3318213569499,15.1328538047091,7.88324586115598
9,2035,Symmetric-energy ET-NMPC,60,5.9,18.6514938824472,15.4508244310791,8.01019379595424
9,2035,Symmetric-energy ET-NMPC,61,6,18.9884869152841,15.7514745484833,8.15446223867424
9,2035,Symmetric-energy ET-NMPC,62,6.1,19.3081594400572,16.0348041577985,8.31605118946849
9,2035,Symmetric-energy ET-NMPC,63,6.2,19.6451524754895,16.3008132562414,8.49496064295824
9,2035,Symmetric-energy ET-NMPC,64,6.3,19.9994660187326,16.5495018464378,8.69119060461785
9,2035,Symmetric-energy ET-NMPC,65,6.4,20.3711000706164,16.7808699278219,8.90474107305147
9,2035,Symmetric-energy ET-NMPC,66,6.5,20.7597411848718,16.9947450072084,9.13542599828014
9,2035,Symmetric-energy ET-NMPC,67,6.6,21.1540867207062,17.1856754138784,9.37633506447805
9,2035,Symmetric-energy ET-NMPC,68,6.7,21.5657527654166,17.3592853115773,9.59992362429612
9,2035,Symmetric-energy ET-NMPC,69,6.8,21.9812525168291,17.5106611578514,9.83325881182886
9,2035,Symmetric-energy ET-NMPC,70,6.9,22.4123804264831,17.6441923321271,10.0484288632158
9,2035,Symmetric-energy ET-NMPC,71,7,22.8574981648256,17.759539887628,10.2448089550095
9,2035,Symmetric-energy ET-NMPC,72,7.1,23.3149134232959,17.856502169272,10.421923599398
9,2035,Symmetric-energy ET-NMPC,73,7.2,23.763240433274,17.973680806355,10.5788218466767
9,2035,Symmetric-energy ET-NMPC,74,7.3,24.2152872179547,18.1042514794243,10.7479519853097
9,2035,Symmetric-energy ET-NMPC,75,7.4,24.6470463044025,18.2435867852416,10.8967944303034
9,2035,Symmetric-energy ET-NMPC,76,7.5,25.0860088569061,18.4035146916673,11.0662294680664
9,2035,Symmetric-energy ET-NMPC,77,7.6,25.5123879614249,18.5826995144048,11.2549214009834
9,2035,Symmetric-energy ET-NMPC,78,7.7,25.9189596905574,18.7816917180689,11.4543527724863
9,2035,Symmetric-energy ET-NMPC,79,7.8,26.3046051187099,19.0016102244201,11.6488668496982
9,2035,Symmetric-energy ET-NMPC,80,7.9,26.6719267274017,19.2416180610061,11.830705894323
9,2035,Symmetric-energy ET-NMPC,81,8,27.0502459269984,19.5081432223079,12.0200175992163
9,2035,Symmetric-energy ET-NMPC,82,8.1,27.4242265623843,19.7764499210272,12.2153378484961
9,2035,Symmetric-energy ET-NMPC,83,8.2,27.7940271416116,20.0463829593482,12.4162947752888
9,2035,Symmetric-energy ET-NMPC,84,8.3,28.1598075715618,20.3178012033528,12.6225393240334
9,2035,Symmetric-energy ET-NMPC,85,8.4,28.5217278524557,20.5905763388573,12.8337440487158
9,2035,Symmetric-energy ET-NMPC,86,8.5,28.8799469859398,20.8645917220026,13.04960192373
9,2035,Symmetric-energy ET-NMPC,87,8.6,29.234622070381,21.1397413212374,13.2698251798079
9,2035,Symmetric-energy ET-NMPC,88,8.7,29.5907545803413,21.4205186932236,13.4803808796355
9,2035,Symmetric-energy ET-NMPC,89,8.8,29.9530269835054,21.7096919863205,13.6678309062163
9,2035,Symmetric-energy ET-NMPC,90,8.9,30.3203551119518,22.0062828860257,13.8324634797374
9,2035,Symmetric-energy ET-NMPC,91,9,30.6901919993672,22.3115788642594,13.9739380088275
9,2035,Symmetric-energy ET-NMPC,92,9.1,31.0569761686632,22.6302885298173,14.0918087950034
9,2035,Symmetric-energy ET-NMPC,93,9.2,31.4154126791067,22.9655491295472,14.1873263234991
9,2035,Symmetric-energy ET-NMPC,94,9.3,31.7565287836828,23.3181302925097,14.265523296868
9,2035,Symmetric-energy ET-NMPC,95,9.4,32.0802839483683,23.68807239764,14.3264809125587
9,2035,Symmetric-energy ET-NMPC,96,9.5,32.3867185872693,24.0753350295005,14.370118056537
9,2035,Symmetric-energy ET-NMPC,97,9.6,32.6725873100193,24.4831635779317,14.4064008706016
9,2035,Symmetric-energy ET-NMPC,98,9.7,32.934892586866,24.9076907445068,14.43758783227
9,2035,Symmetric-energy ET-NMPC,99,9.8,33.1732634147943,25.3465835495511,14.4610921738499
9,2035,Symmetric-energy ET-NMPC,100,9.9,33.3870211150743,25.7982532953479,14.4784728039558
9,2035,Symmetric-energy ET-NMPC,101,10,33.576767820073,26.2607814666255,14.4864652201587
9,2035,Symmetric-energy ET-NMPC,102,10.1,33.7423257248077,26.7325760926484,14.4858240994327
9,2035,Symmetric-energy ET-NMPC,103,10.2,33.8824510561055,27.2125386312647,14.4867477084412
9,2035,Symmetric-energy ET-NMPC,104,10.3,33.9968414139781,27.6992011787384,14.4781215324506
9,2035,Symmetric-energy ET-NMPC,105,10.4,34.1058133282045,28.1859606645337,14.4436204469871
9,2035,Symmetric-energy ET-NMPC,106,10.5,34.2312274450539,28.6670507632968,14.3904827375246
9,2035,Symmetric-energy ET-NMPC,107,10.6,34.3706625688287,29.1421101128186,14.3206510778718
9,2035,Symmetric-energy ET-NMPC,108,10.7,34.52159527226,29.6112673491412,14.2363254789053
9,2035,Symmetric-energy ET-NMPC,109,10.8,34.6819305031964,30.0748514766504,14.1394628419284
9,2035,Symmetric-energy ET-NMPC,110,10.9,34.8510517278591,30.5326536146726,14.0307650324249
9,2035,Symmetric-energy ET-NMPC,111,11,35.0283717425363,30.9845307191278,13.9109122274344
9,2035,Symmetric-energy ET-NMPC,112,11.1,35.2133338346927,31.4303976124462,13.7805598668584
9,2035,Symmetric-energy ET-NMPC,113,11.2,35.4055419774688,31.8702882728559,13.6407305539985
9,2035,Symmetric-energy ET-NMPC,114,11.3,35.6054952687948,32.3048721635205,13.4952811701471
9,2035,Symmetric-energy ET-NMPC,115,11.4,35.8135848157491,32.7349904901155,13.3479822713889
9,2035,Symmetric-energy ET-NMPC,116,11.5,36.0300235324499,33.1615002964438,13.2022301975829
9,2035,Symmetric-energy ET-NMPC,117,11.6,36.2548273448216,33.5851468700889,13.0608554240838
9,2035,Symmetric-energy ET-NMPC,118,11.7,36.4878382645933,34.0064964069196,12.9260575046646
9,2035,Symmetric-energy ET-NMPC,119,11.8,36.728767510227,34.4259270042687,12.7994436325742
9,2035,Symmetric-energy ET-NMPC,120,11.9,36.9772384139082,34.843652705889,12.6821088626649
9,2035,Symmetric-energy ET-NMPC,121,12,37.2313352912599,35.2607448995067,12.5750160106937
9,2035,Symmetric-energy ET-NMPC,122,12.1,37.4858186060442,35.6803411484431,12.479218148636
9,2035,Symmetric-energy ET-NMPC,123,12.2,37.7401247274394,36.1024206371559,12.394499190729
9,2035,Symmetric-energy ET-NMPC,124,12.3,37.9949161453102,36.5258717779735,12.3185356157757
9,2035,Symmetric-energy ET-NMPC,125,12.4,38.2464224157501,36.9431544070105,12.2508417015609
9,2035,Symmetric-energy ET-NMPC,126,12.5,38.4884590916351,37.3442489248175,12.1916939249322
9,2035,Symmetric-energy ET-NMPC,127,12.6,38.7164851894026,37.7227400286841,12.1409859254235
9,2035,Symmetric-energy ET-NMPC,128,12.7,38.9289382123907,38.0766519960834,12.097581718932
9,2035,Symmetric-energy ET-NMPC,129,12.8,39.1253273967628,38.4060174638331,12.0604562419195
9,2035,Symmetric-energy ET-NMPC,130,12.9,39.3045057295783,38.7115107923547,12.0291537845167
9,2035,Symmetric-energy ET-NMPC,131,13,39.4657969350965,38.9935289808354,12.0032335642977
9,2035,Symmetric-energy ET-NMPC,132,13.1,39.6088716492084,39.2522294737137,11.9822574833003
9,2035,Symmetric-energy ET-NMPC,133,13.2,39.7337167475897,39.4875360919544,11.965798894943
9,2035,Symmetric-energy ET-NMPC,134,13.3,39.8445091619002,39.696456688798,11.9518502757563
10,2036,Asymmetric ET-NMPC,1,0,0,0,3
10,2036,Asymmetric ET-NMPC,2,0.1,0,0,3
10,2036,Asymmetric ET-NMPC,3,0.2,0.0209497155622598,0.0209497155622598,3.00471368600151
10,2036,Asymmetric ET-NMPC,4,0.3,0.0628491466867795,0.0628491466867795,3.01414105800453
10,2036,Asymmetric ET-NMPC,5,0.4,0.125698293373559,0.125698293373559,3.02828211600905
10,2036,Asymmetric ET-NMPC,6,0.5,0.209497155622598,0.209497155622598,3.04713686001508
10,2036,Asymmetric ET-NMPC,7,0.6,0.314245733433897,0.314245733433897,3.07070529002263
10,2036,Asymmetric ET-NMPC,8,0.7,0.439944026807456,0.439944026807456,3.09898740603168
10,2036,Asymmetric ET-NMPC,9,0.8,0.586592035743275,0.586592035743275,3.13198320804224
10,2036,Asymmetric ET-NMPC,10,0.9,0.754189760241354,0.754189760241354,3.16969269605431
10,2036,Asymmetric ET-NMPC,11,1,0.942737200301692,0.942737200301692,3.21211587006788
10,2036,Asymmetric ET-NMPC,12,1.1,1.15223435592429,1.15223435592429,3.25925273008297
10,2036,Asymmetric ET-NMPC,13,1.2,1.38268122710915,1.38268122710915,3.31110327609956
10,2036,Asymmetric ET-NMPC,14,1.3,1.63407781385627,1.63407781385627,3.36766750811766
10,2036,Asymmetric ET-NMPC,15,1.4,1.90642411616564,1.90642411616564,3.42894542613727
10,2036,Asymmetric ET-NMPC,16,1.5,2.19972013403728,2.19972013403728,3.49493703015839
10,2036,Asymmetric ET-NMPC,17,1.6,2.5104742482108,2.5104742482108,3.56485670584743
10,2036,Asymmetric ET-NMPC,18,1.7,2.83432193461074,2.83432193461074,3.63772243528742
10,2036,Asymmetric ET-NMPC,19,1.8,3.16798980018048,3.16798980018048,3.71279770504061
10,2036,Asymmetric ET-NMPC,20,1.9,3.50902280012758,3.50902280012758,3.78953013002871
10,2036,Asymmetric ET-NMPC,21,2,3.85557965085769,3.85557965085769,3.86750542144298
10,2036,Asymmetric ET-NMPC,22,2.1,4.20474157689536,4.20474157689536,3.94606685480146
10,2036,Asymmetric ET-NMPC,23,2.2,4.55390350293302,4.55390350293302,4.02462828815993
10,2036,Asymmetric ET-NMPC,24,2.3,4.90306542897069,4.90306542897069,4.1031897215184
10,2036,Asymmetric ET-NMPC,25,2.4,5.25222735500835,5.25222735500835,4.18175115487688
10,2036,Asymmetric ET-NMPC,26,2.5,5.60138928104601,5.60138928104601,4.26031258823535
10,2036,Asymmetric ET-NMPC,27,2.6,5.95055120708368,5.95055120708368,4.33887402159383
10,2036,Asymmetric ET-NMPC,28,2.7,6.29971313312134,6.29971313312134,4.4174354549523
10,2036,Asymmetric ET-NMPC,29,2.8,6.64887505915901,6.64887505915901,4.49599688831078
10,2036,Asymmetric ET-NMPC,30,2.9,7.01580794313261,6.97660142230622,4.58519156055702
10,2036,Asymmetric ET-NMPC,31,3,7.39988754992375,7.28159075821411,4.68247650610166
10,2036,Asymmetric ET-NMPC,32,3.1,7.80049984186834,7.56279690176536,4.78461805676515
10,2036,Asymmetric ET-NMPC,33,3.2,8.21632800146979,7.81994329598668,4.88932084384096
10,2036,Asymmetric ET-NMPC,34,3.3,8.64101356228947,8.06196542286959,4.9945228615514
10,2036,Asymmetric ET-NMPC,35,3.4,9.06476611401155,8.3047295015897,5.10175800967083
10,2036,Asymmetric ET-NMPC,36,3.5,9.48560756525531,8.55438565802011,5.20454067587211
10,2036,Asymmetric ET-NMPC,37,3.6,9.90252300814102,8.80952257328945,5.30983392328263
10,2036,Asymmetric ET-NMPC,38,3.7,10.3164276734236,9.07054579932842,5.41254615977612
10,2036,Asymmetric ET-NMPC,39,3.8,10.7277433156851,9.3373378243191,5.51073708518399
10,2036,Asymmetric ET-NMPC,40,3.9,11.1357564782644,9.60885225314592,5.60975816425721
10,2036,Asymmetric ET-NMPC,41,4,11.5447763855168,9.8813984193929,5.70152582051658
10,2036,Asymmetric ET-NMPC,42,4.1,11.9513326501506,10.1577718339403,5.79279322662859
10,2036,Asymmetric ET-NMPC,43,4.2,12.3642120687945,10.4252707059866,5.88209574123055
10,2036,Asymmetric ET-NMPC,44,4.3,12.7754626606228,10.6958276263556,5.96968514447817
10,2036,Asymmetric ET-NMPC,45,4.4,13.1878713414618,10.961656649056,6.06588291294919
10,2036,Asymmetric ET-NMPC,46,4.5,13.5974582549736,11.2304750230736,6.16575904658692
10,2036,Asymmetric ET-NMPC,47,4.6,14.0055630682004,11.5022610833607,6.2636508177158
10,2036,Asymmetric ET-NMPC,48,4.7,14.4128478442514,11.7712323995875,6.37215677259513
10,2036,Asymmetric ET-NMPC,49,4.8,14.8176177847126,12.0453222201598,6.47720945251201
10,2036,Asymmetric ET-NMPC,50,4.9,15.2152943637871,12.3288660930589,6.58424314158713
10,2036,Asymmetric ET-NMPC,51,5,15.6105036692905,12.6163200300693,6.68997789907332
10,2036,Asymmetric ET-NMPC,52,5.1,15.9922140826009,12.9155615699661,6.81143431582712
10,2036,Asymmetric ET-NMPC,53,5.2,16.3709203685875,13.2163622788673,6.93832199244997
10,2036,Asymmetric ET-NMPC,54,5.3,16.748362555669,13.5216155675063,7.0581461352016
10,2036,Asymmetric ET-NMPC,55,5.4,17.1212624276939,13.8305993841152,7.18254342824952
10,2036,Asymmetric ET-NMPC,56,5.5,17.49803714094,14.1355353740411,7.30524166583344
10,2036,Asymmetric ET-NMPC,57,5.6,17.876563248285,14.4348673407817,7.43607881554803
10,2036,Asymmetric ET-NMPC,58,5.7,18.2665407675598,14.7131155986125,7.57924110623412
10,2036,Asymmetric ET-NMPC,59,5.8,18.6680783408696,14.9682783303804,7.73305774232115
10,2036,Asymmetric ET-NMPC,60,5.9,19.078625860098,15.2009480166105,7.89833191321624
10,2036,Asymmetric ET-NMPC,61,6,19.4982973375726,15.4131016153406,8.0682339483427
10,2036,Asymmetric ET-NMPC,62,6.1,19.9280030882298,15.6120185038104,8.22881115511124
10,2036,Asymmetric ET-NMPC,63,6.2,20.3638935026326,15.7965649125615,8.38987688594453
10,2036,Asymmetric ET-NMPC,64,6.3,20.8063397896,15.9768003368737,8.5373776485587
10,2036,Asymmetric ET-NMPC,65,6.4,21.2428510938101,16.1555382262525,8.68069698612091
10,2036,Asymmetric ET-NMPC,66,6.5,21.6502854242474,16.3336566724505,8.81665793483988
10,2036,Asymmetric ET-NMPC,67,6.6,22.0283204277067,16.5107761520985,8.95850799546707
10,2036,Asymmetric ET-NMPC,68,6.7,22.3774969785331,16.6956548640224,9.09771532528495
10,2036,Asymmetric ET-NMPC,69,6.8,22.6995914767905,16.893111019427,9.23402950040055
10,2036,Asymmetric ET-NMPC,70,6.9,22.9993385119593,17.1073295319441,9.3594068442776
10,2036,Asymmetric ET-NMPC,71,7,23.3180534757879,17.3385570826338,9.46894403970849
10,2036,Asymmetric ET-NMPC,72,7.1,23.6555429962788,17.5801000163284,9.55747864254706
10,2036,Asymmetric ET-NMPC,73,7.2,24.0040959162918,17.8204321658383,9.61815404236991
10,2036,Asymmetric ET-NMPC,74,7.3,24.3579588022313,18.0456048291004,9.65349183696723
10,2036,Asymmetric ET-NMPC,75,7.4,24.7291421966112,18.2534569840734,9.70615013906193
10,2036,Asymmetric ET-NMPC,76,7.5,25.0829904824687,18.4439740089669,9.74151719257129
10,2036,Asymmetric ET-NMPC,77,7.6,25.4181245258536,18.6157767915927,9.7627578783582
10,2036,Asymmetric ET-NMPC,78,7.7,25.7705790720325,18.8049000853562,9.8013190744407
10,2036,Asymmetric ET-NMPC,79,7.8,26.1386120362153,19.0121522639267,9.8580091543318
10,2036,Asymmetric ET-NMPC,80,7.9,26.5147347654814,19.2398318230764,9.93512661348623
10,2036,Asymmetric ET-NMPC,81,8,26.9006595522064,19.4875603189905,10.0322930078791
10,2036,Asymmetric ET-NMPC,82,8.1,27.3039048446742,19.7526093245033,10.1467799111574
10,2036,Asymmetric ET-NMPC,83,8.2,27.7056433641331,20.0223381286469,10.272686758462
10,2036,Asymmetric ET-NMPC,84,8.3,28.1026662743995,20.2942930226876,10.4083825370661
10,2036,Asymmetric ET-NMPC,85,8.4,28.4950434732755,20.5682326271179,10.5532867362005
10,2036,Asymmetric ET-NMPC,86,8.5,28.8828635195309,20.8439395901554,10.7068487180029
10,2036,Asymmetric ET-NMPC,87,8.6,29.2662301338691,21.1212185463331,10.8685472630548
10,2036,Asymmetric ET-NMPC,88,8.7,29.6460686672312,21.4008538283005,11.0344592808605
10,2036,Asymmetric ET-NMPC,89,8.8,30.0240777571879,21.6842599922613,11.1981360175676
10,2036,Asymmetric ET-NMPC,90,8.9,30.3998685403316,21.9707592701953,11.3615356841754
10,2036,Asymmetric ET-NMPC,91,9,30.7694448465732,22.2649140510455,11.5255061655669
10,2036,Asymmetric ET-NMPC,92,9.1,31.1275748577459,22.5726565843232,11.6899367840943
10,2036,Asymmetric ET-NMPC,93,9.2,31.4702705000908,22.8919983249145,11.8648097363594
10,2036,Asymmetric ET-NMPC,94,9.3,31.7915725495386,23.2271479171178,12.0503892176246
10,2036,Asymmetric ET-NMPC,95,9.4,32.0904634857152,23.5755128837456,12.2486467730868
10,2036,Asymmetric ET-NMPC,96,9.5,32.3656669236554,23.9384777933397,12.4548494455945
10,2036,Asymmetric ET-NMPC,97,9.6,32.616722707908,24.3144470953095,12.6684333334923
10,2036,Asymmetric ET-NMPC,98,9.7,32.8440848752635,24.699667476455,12.8918426054701
10,2036,Asymmetric ET-NMPC,99,9.8,33.0492755654028,25.1022026572048,13.1059972433811
10,2036,Asymmetric ET-NMPC,100,9.9,33.2355500909439,25.5216759955956,13.3043502607863
10,2036,Asymmetric ET-NMPC,101,10,33.4026340514033,25.9565249056667,13.4859800368891
10,2036,Asymmetric ET-NMPC,102,10.1,33.5512475740981,26.4052224435428,13.6490276997862
10,2036,Asymmetric ET-NMPC,103,10.2,33.6810824020728,26.8660647289957,13.7931363580386
10,2036,Asymmetric ET-NMPC,104,10.3,33.7919731119913,27.337327508934,13.9180949219653
10,2036,Asymmetric ET-NMPC,105,10.4,33.9060008706424,27.8136340121249,14.0187417563668
10,2036,Asymmetric ET-NMPC,106,10.5,34.0346633329281,28.2901746391329,14.0984600203306
10,2036,Asymmetric ET-NMPC,107,10.6,34.1772453697089,28.7657403965389,14.1576847885467
10,2036,Asymmetric ET-NMPC,108,10.7,34.3326510247639,29.2393375042937,14.1971165258057
10,2036,Asymmetric ET-NMPC,109,10.8,34.4994924854924,29.7102294109107,14.217725729202
10,2036,Asymmetric ET-NMPC,110,10.9,34.676214290268,30.1779477806256,14.2207140979879
10,2036,Asymmetric ET-NMPC,111,11,34.861861861867,30.6420026885774,14.2070020024034
10,2036,Asymmetric ET-NMPC,112,11.1,35.0557791469371,31.1019125012782,14.1773532126717
10,2036,Asymmetric ET-NMPC,113,11.2,35.2573418208801,31.5572846950352,14.1325352070726
10,2036,Asymmetric ET-NMPC,114,11.3,35.4659593268818,32.0078079806464,14.0733110117491
10,2036,Asymmetric ET-NMPC,115,11.4,35.6810760052058,32.4532443153367,14.0004324384611
10,2036,Asymmetric ET-NMPC,116,11.5,35.9021714641509,32.8934210209698,13.9146346188393
10,2036,Asymmetric ET-NMPC,117,11.6,36.1287603357025,33.3282231731304,13.8166317017122
10,2036,Asymmetric ET-NMPC,118,11.7,36.360391543484,33.7575863857715,13.707113597217
10,2036,Asymmetric ET-NMPC,119,11.8,36.5967192587482,34.1815248938055,13.5870080086544
10,2036,Asymmetric ET-NMPC,120,11.9,36.8381594779266,34.600549701985,13.4600244243089
10,2036,Asymmetric ET-NMPC,121,12,37.0850959909846,35.015352133706,13.3297888640458
10,2036,Asymmetric ET-NMPC,122,12.1,37.3349592993304,35.4282204387621,13.1989909671872
10,2036,Asymmetric ET-NMPC,123,12.2,37.5837671716988,35.8423577511481,13.0702084794912
10,2036,Asymmetric ET-NMPC,124,12.3,37.8323486524756,36.2573663337662,12.9438157432751
10,2036,Asymmetric ET-NMPC,125,12.4,38.0812809244283,36.6728788597999,12.8197912912926
10,2036,Asymmetric ET-NMPC,126,12.5,38.3261949861829,37.0808241737014,12.7004174438318
10,2036,Asymmetric ET-NMPC,127,12.6,38.5612022570465,37.4718800470473,12.5885100354772
10,2036,Asymmetric ET-NMPC,128,12.7,38.7819624516147,37.8399466995393,12.4859047948964
10,2036,Asymmetric ET-NMPC,129,12.8,38.98743927207,38.1838831567821,12.3924730025749
10,2036,Asymmetric ET-NMPC,130,12.9,39.1772269036873,38.5038481309762,12.3079416233925
10,2036,Asymmetric ET-NMPC,131,13,39.3503283452391,38.8005859906484,12.2324696157161
10,2036,Asymmetric ET-NMPC,132,13.1,39.5061397008703,39.0745425736935,12.1660566567813
10,2036,Asymmetric ET-NMPC,133,13.2,39.644372503176,39.3258904049731,12.1085789542269
10,2036,Asymmetric ET-NMPC,134,13.3,39.7649986339689,39.5545568240482,12.059793700042
10,2036,Asymmetric ET-NMPC,135,13.4,39.8718993608519,39.7572041328243,12.0168922530217
10,2036,Symmetric-energy ET-NMPC,1,0,0,0,3
10,2036,Symmetric-energy ET-NMPC,2,0.1,0,0,3
10,2036,Symmetric-energy ET-NMPC,3,0.2,0.0209497155622598,0.0209497155622598,3.00471368600151
10,2036,Symmetric-energy ET-NMPC,4,0.3,0.0628491466867795,0.0628491466867795,3.01414105800453
10,2036,Symmetric-energy ET-NMPC,5,0.4,0.125698293373559,0.125698293373559,3.02828211600905
10,2036,Symmetric-energy ET-NMPC,6,0.5,0.209497155622598,0.209497155622598,3.04713686001508
10,2036,Symmetric-energy ET-NMPC,7,0.6,0.314245733433897,0.314245733433897,3.07070529002263
10,2036,Symmetric-energy ET-NMPC,8,0.7,0.439944026807456,0.439944026807456,3.09898740603168
10,2036,Symmetric-energy ET-NMPC,9,0.8,0.586592035743275,0.586592035743275,3.13198320804224
10,2036,Symmetric-energy ET-NMPC,10,0.9,0.754189760241354,0.754189760241354,3.16969269605431
10,2036,Symmetric-energy ET-NMPC,11,1,0.942737200301692,0.942737200301692,3.21211587006788
10,2036,Symmetric-energy ET-NMPC,12,1.1,1.15223435592429,1.15223435592429,3.25925273008297
10,2036,Symmetric-energy ET-NMPC,13,1.2,1.38268122710915,1.38268122710915,3.31110327609956
10,2036,Symmetric-energy ET-NMPC,14,1.3,1.63407781385627,1.63407781385627,3.36766750811766
10,2036,Symmetric-energy ET-NMPC,15,1.4,1.90642411616564,1.90642411616564,3.42894542613727
10,2036,Symmetric-energy ET-NMPC,16,1.5,2.19972013403728,2.19972013403728,3.49493703015839
10,2036,Symmetric-energy ET-NMPC,17,1.6,2.5104742482108,2.5104742482108,3.56485670584743
10,2036,Symmetric-energy ET-NMPC,18,1.7,2.83432193461074,2.83432193461074,3.63772243528742
10,2036,Symmetric-energy ET-NMPC,19,1.8,3.16798980018048,3.16798980018048,3.71279770504061
10,2036,Symmetric-energy ET-NMPC,20,1.9,3.50902280012758,3.50902280012758,3.78953013002871
10,2036,Symmetric-energy ET-NMPC,21,2,3.85557965085769,3.85557965085769,3.86750542144298
10,2036,Symmetric-energy ET-NMPC,22,2.1,4.20474157689536,4.20474157689536,3.94606685480146
10,2036,Symmetric-energy ET-NMPC,23,2.2,4.55390350293302,4.55390350293302,4.02462828815993
10,2036,Symmetric-energy ET-NMPC,24,2.3,4.90306542897069,4.90306542897069,4.1031897215184
10,2036,Symmetric-energy ET-NMPC,25,2.4,5.25222735500835,5.25222735500835,4.18175115487688
10,2036,Symmetric-energy ET-NMPC,26,2.5,5.60138928104601,5.60138928104601,4.26031258823535
10,2036,Symmetric-energy ET-NMPC,27,2.6,5.95055120708368,5.95055120708368,4.33887402159383
10,2036,Symmetric-energy ET-NMPC,28,2.7,6.29971313312134,6.29971313312134,4.4174354549523
10,2036,Symmetric-energy ET-NMPC,29,2.8,6.64887505915901,6.64887505915901,4.49599688831078
10,2036,Symmetric-energy ET-NMPC,30,2.9,7.01578664293415,6.97661107843837,4.58524368858136
10,2036,Symmetric-energy ET-NMPC,31,3,7.39982572702235,7.28161719938371,4.68263592686842
10,2036,Symmetric-energy ET-NMPC,32,3.1,7.80038348260197,7.56284317626271,4.7849366325037
10,2036,Symmetric-energy ET-NMPC,33,3.2,8.21614634671248,7.82000100343478,4.88987038660961
10,2036,Symmetric-energy ET-NMPC,34,3.3,8.64080418725836,8.06194978886376,4.99535263010279
10,2036,Symmetric-energy ET-NMPC,35,3.4,9.06451282098683,8.30464097437633,5.10292577813918
10,2036,Symmetric-energy ET-NMPC,36,3.5,9.4853134628793,8.55422843332547,5.20604182983918
10,2036,Symmetric-energy ET-NMPC,37,3.6,9.9021876778874,8.80929787223339,5.31166128920429
10,2036,Symmetric-energy ET-NMPC,38,3.7,10.3160523622852,9.07025617628314,5.4146990810856
10,2036,Symmetric-energy ET-NMPC,39,3.8,10.7273324555897,9.3369882569054,5.51320127404779
10,2036,Symmetric-energy ET-NMPC,40,3.9,11.1353115069781,9.60844556571792,5.61251906258781
10,2036,Symmetric-energy ET-NMPC,41,4,11.5442915378704,9.88094998090341,5.70458793917357
10,2036,Symmetric-energy ET-NMPC,42,4.1,11.95080647651,10.1572976608652,5.79611697523641
10,2036,Symmetric-energy ET-NMPC,43,4.2,12.3636348265814,10.4247805467466,5.88570301844549
10,2036,Symmetric-energy ET-NMPC,44,4.3,12.7748422980444,10.6953302653264,5.97351682823304
10,2036,Symmetric-energy ET-NMPC,45,4.4,13.1871978543487,10.961159946434,6.0699402477284
10,2036,Symmetric-energy ET-NMPC,46,4.5,13.5967337855,11.2299855948937,6.17000568544918
10,2036,Symmetric-energy ET-NMPC,47,4.6,14.0047933719114,11.5017834055307,6.26805324569817
10,2036,Symmetric-energy ET-NMPC,48,4.7,14.4120115820115,11.7708129759949,6.37666456913491
10,2036,Symmetric-energy ET-NMPC,49,4.8,14.8167212912466,12.0449599849622,6.48180004709105
10,2036,Symmetric-energy ET-NMPC,50,4.9,15.2143949060778,12.3284990710096,6.58885742773588
10,2036,Symmetric-energy ET-NMPC,51,5,15.6095937958845,12.6159412665278,6.69466301232986
10,2036,Symmetric-energy ET-NMPC,52,5.1,15.9913808325864,12.915059699467,6.81618182438091
10,2036,Symmetric-energy ET-NMPC,53,5.2,16.3701442269248,13.2157264718588,6.94321639876421
10,2036,Symmetric-energy ET-NMPC,54,5.3,16.7476329040359,13.5208381703271,7.06325451817104
10,2036,Symmetric-energy ET-NMPC,55,5.4,17.1205674948438,13.8296486197598,7.18797780108232
10,2036,Symmetric-energy ET-NMPC,56,5.5,17.5029502985688,14.1278277778559,7.30993099330158
10,2036,Symmetric-energy ET-NMPC,57,5.6,17.885001674377,14.4227956220073,7.44043278317362
10,2036,Symmetric-energy ET-NMPC,58,5.7,18.2775473410669,14.6974243876551,7.58356538128366
10,2036,Symmetric-energy ET-NMPC,59,5.8,18.6807867269832,14.9497497250902,7.73761057508749
10,2036,Symmetric-energy ET-NMPC,60,5.9,19.092058033802,15.1808598375737,7.90327296700373
10,2036,Symmetric-energy ET-NMPC,61,6,19.5114194970144,15.3935312593787,8.07329305264005
10,2036,Symmetric-energy ET-NMPC,62,6.1,19.9399845189441,15.5949103196851,8.23384988385119
10,2036,Symmetric-energy ET-NMPC,63,6.2,20.3741824438946,15.7833252295671,8.39500814055199
10,2036,Symmetric-energy ET-NMPC,64,6.3,20.8145057882714,15.9680452906981,8.54331138196136
10,2036,Symmetric-energy ET-NMPC,65,6.4,21.2496433371482,16.1516064306008,8.68828520768771
10,2036,Symmetric-energy ET-NMPC,66,6.5,21.6556959556557,16.3334775203736,8.82610287830338
10,2036,Symmetric-energy ET-NMPC,67,6.6,22.032388684823,16.512559453328,8.96941759377741
10,2036,Symmetric-energy ET-NMPC,68,6.7,22.3799169763616,16.6980879699623,9.10992568553892
10,2036,Symmetric-energy ET-NMPC,69,6.8,22.6998778738654,16.8950489044301,9.24737786358983
10,2036,Symmetric-energy ET-NMPC,70,6.9,22.9967406097955,17.1077935284965,9.37399721769814
10,2036,Symmetric-energy ET-NMPC,71,7,23.3124590995804,17.3377901372384,9.48490576115522
10,2036,Symmetric-energy ET-NMPC,72,7.1,23.6472712132781,17.5782741697769,9.5751879266464
10,2036,Symmetric-energy ET-NMPC,73,7.2,23.9939109091276,17.8181000392791,9.63790788754765
10,2036,Symmetric-energy ET-NMPC,74,7.3,24.3466482742356,18.0433873504644,9.67510435433698
10,2036,Symmetric-energy ET-NMPC,75,7.4,24.7167061477981,18.2513541533513,9.72962132860041
10,2036,Symmetric-energy ET-NMPC,76,7.5,25.1078313832637,18.4558091792969,9.80520566352331
10,2036,Symmetric-energy ET-NMPC,77,7.6,25.5169933351954,18.6760551445307,9.89882671365503
10,2036,Symmetric-energy ET-NMPC,78,7.7,25.9429367664441,18.9133213593459,10.0096280524709
10,2036,Symmetric-energy ET-NMPC,79,7.8,26.3635032606404,19.1548719047494,10.1311893866797
10,2036,Symmetric-energy ET-NMPC,80,7.9,26.7732507898153,19.4067321496253,10.2678399607223
10,2036,Symmetric-energy ET-NMPC,81,8,27.1742098289168,19.6655992389744,10.4169026288009
10,2036,Symmetric-energy ET-NMPC,82,8.1,27.5702107872567,19.9270764118442,10.5744238307449
10,2036,Symmetric-energy ET-NMPC,83,8.2,27.9613693459817,20.1909245494874,10.739890269029
10,2036,Symmetric-energy ET-NMPC,84,8.3,28.3478139259105,20.4569261836843,10.9128171820536
10,2036,Symmetric-energy ET-NMPC,85,8.4,28.7296828014586,20.7248837444038,11.0927474672777
10,2036,Symmetric-energy ET-NMPC,86,8.5,29.1071215967256,20.9946179004873,11.2792506599295
10,2036,Symmetric-energy ET-NMPC,87,8.6,29.4812273216005,21.2670262374318,11.4685615274967
10,2036,Symmetric-energy ET-NMPC,88,8.7,29.8574814975172,21.546369954868,11.6429171486682
10,2036,Symmetric-energy ET-NMPC,89,8.8,30.2358809687763,21.832307981076,11.8011994449592
10,2036,Symmetric-energy ET-NMPC,90,8.9,30.6143792152298,22.124040649578,11.9482746895122
10,2036,Symmetric-energy ET-NMPC,91,9,30.9836015887402,22.4299633119335,12.0900003525258
10,2036,Symmetric-energy ET-NMPC,92,9.1,31.3389142715152,22.7544432317009,12.2258888330052
10,2036,Symmetric-energy ET-NMPC,93,9.2,31.6746591361117,23.094994972582,12.3718336776552
10,2036,Symmetric-energy ET-NMPC,94,9.3,31.9880605760045,23.4518811119922,12.5280765045946
10,2036,Symmetric-energy ET-NMPC,95,9.4,32.2790505913522,23.8215956176331,12.6972982386794
10,2036,Symmetric-energy ET-NMPC,96,9.5,32.5462249621594,24.2050850091764,12.8749319690277
10,2036,Symmetric-energy ET-NMPC,97,9.6,32.7890209838939,24.6014059672286,13.059268048075
10,2036,Symmetric-energy ET-NMPC,98,9.7,33.0070823103618,25.0095143743997,13.2487325194023
10,2036,Symmetric-energy ET-NMPC,99,9.8,33.2026041863273,25.4333617064555,13.4279659848269
10,2036,Symmetric-energy ET-NMPC,100,9.9,33.3784187252922,25.8721639059195,13.5908827661421
10,2036,Symmetric-energy ET-NMPC,101,10,33.5350735600536,26.3243292709073,13.7358163559388
10,2036,Symmetric-energy ET-NMPC,102,10.1,33.6727341532228,26.7881755321739,13.8618965169369
10,2036,Symmetric-energy ET-NMPC,103,10.2,33.7912324281536,27.2619780248173,13.9689915999392
10,2036,Symmetric-energy ET-NMPC,104,10.3,33.9011205624231,27.7426789777838,14.0517635261214
10,2036,Symmetric-energy ET-NMPC,105,10.4,34.0268720009379,28.222648828253,14.1135334083624
10,2036,Symmetric-energy ET-NMPC,106,10.5,34.1674724060591,28.7006914094072,14.1548470463421
10,2036,Symmetric-energy ET-NMPC,107,10.6,34.3215155058571,29.1758748025289,14.1765603212222
10,2036,Symmetric-energy ET-NMPC,108,10.7,34.4873196872833,29.6475720141438,14.179833542318
10,2036,Symmetric-energy ET-NMPC,109,10.8,34.6630847626777,30.1154576680114,14.1660620799252
10,2036,Symmetric-energy ET-NMPC,110,10.9,34.8476301838761,30.5792031813185,14.1363453102109
10,2036,Symmetric-energy ET-NMPC,111,11,35.0403167212279,31.0383938122588,14.0914469496612
10,2036,Symmetric-energy ET-NMPC,112,11.1,35.2405371138341,31.4926987838754,14.0321275839448
10,2036,Symmetric-energy ET-NMPC,113,11.2,35.4477176863777,31.9418632122373,13.9591376760478
10,2036,Symmetric-energy ET-NMPC,114,11.3,35.6613191434003,32.3857000930646,13.8732118896076
10,2036,Symmetric-energy ET-NMPC,115,11.4,35.8808366830801,32.8240825264707,13.7750645928854
10,2036,Symmetric-energy ET-NMPC,116,11.5,36.1057995722789,33.2569363145979,13.6653864428862
10,2036,Symmetric-energy ET-NMPC,117,11.6,36.3359351727377,33.6843119421222,13.5454377938745
10,2036,Symmetric-energy ET-NMPC,118,11.7,36.5716486054595,34.1067309487834,13.4189413099477
10,2036,Symmetric-energy ET-NMPC,119,11.8,36.8132967259526,34.5248872233718,13.2895136626522
10,2036,Symmetric-energy ET-NMPC,120,11.9,37.0611200617601,34.9395135158199,13.1604066069192
10,2036,Symmetric-energy ET-NMPC,121,12,37.3125506228836,35.3528196996316,13.0340710562767
10,2036,Symmetric-energy ET-NMPC,122,12.1,37.5630731064827,35.7681659203995,12.9127203162494
10,2036,Symmetric-energy ET-NMPC,123,12.2,37.8128790169998,36.1854184196089,12.7965421815847
10,2036,Symmetric-energy ET-NMPC,124,12.3,38.0627385361751,36.6038392328926,12.6847645286815
10,2036,Symmetric-energy ET-NMPC,125,12.4,38.308763613669,37.0156735143504,12.5787342631924
10,2036,Symmetric-energy ET-NMPC,126,12.5,38.5450323474973,37.4111912926216,12.4805545282714
10,2036,Symmetric-energy ET-NMPC,127,12.6,38.767144669644,37.7840562316163,12.3914970819689
10,2036,Symmetric-energy ET-NMPC,128,12.7,38.9738832300026,38.1326830893085,12.3111667694028
10,2036,Symmetric-energy ET-NMPC,129,12.8,39.1648674177402,38.4571322965054,12.2390365153637
10,2036,Symmetric-energy ET-NMPC,130,12.9,39.3390436944303,38.7581113722652,12.1750700261759
10,2036,Symmetric-energy ET-NMPC,131,13,39.4957827213975,39.0360332146531,12.1191226585942
10,2036,Symmetric-energy ET-NMPC,132,13.1,39.6347816938437,39.2910510093694,12.0709659948223
10,2036,Symmetric-energy ET-NMPC,133,13.2,39.7560212438205,39.5230810368435,12.0303036936497
10,2036,Symmetric-energy ET-NMPC,134,13.3,39.8597448055472,39.7318240633753,11.9967762185248
11,2037,Asymmetric ET-NMPC,1,0,0,0,3
11,2037,Asymmetric ET-NMPC,2,0.1,0,0,3
11,2037,Asymmetric ET-NMPC,3,0.2,0.0209497155622598,0.0209497155622598,3.00471368600151
11,2037,Asymmetric ET-NMPC,4,0.3,0.0628491466867795,0.0628491466867795,3.01414105800453
11,2037,Asymmetric ET-NMPC,5,0.4,0.125698293373559,0.125698293373559,3.02828211600905
11,2037,Asymmetric ET-NMPC,6,0.5,0.209497155622598,0.209497155622598,3.04713686001508
11,2037,Asymmetric ET-NMPC,7,0.6,0.314245733433897,0.314245733433897,3.07070529002263
11,2037,Asymmetric ET-NMPC,8,0.7,0.439944026807456,0.439944026807456,3.09898740603168
11,2037,Asymmetric ET-NMPC,9,0.8,0.586592035743275,0.586592035743275,3.13198320804224
11,2037,Asymmetric ET-NMPC,10,0.9,0.754189760241354,0.754189760241354,3.16969269605431
11,2037,Asymmetric ET-NMPC,11,1,0.942737200301692,0.942737200301692,3.21211587006788
11,2037,Asymmetric ET-NMPC,12,1.1,1.15223435592429,1.15223435592429,3.25925273008297
11,2037,Asymmetric ET-NMPC,13,1.2,1.38268122710915,1.38268122710915,3.31110327609956
11,2037,Asymmetric ET-NMPC,14,1.3,1.63407781385627,1.63407781385627,3.36766750811766
11,2037,Asymmetric ET-NMPC,15,1.4,1.90642411616564,1.90642411616564,3.42894542613727
11,2037,Asymmetric ET-NMPC,16,1.5,2.19972013403728,2.19972013403728,3.49493703015839
11,2037,Asymmetric ET-NMPC,17,1.6,2.5104742482108,2.5104742482108,3.56485670584743
11,2037,Asymmetric ET-NMPC,18,1.7,2.83432193461074,2.83432193461074,3.63772243528742
11,2037,Asymmetric ET-NMPC,19,1.8,3.16798980018048,3.16798980018048,3.71279770504061
11,2037,Asymmetric ET-NMPC,20,1.9,3.50902280012758,3.50902280012758,3.78953013002871
11,2037,Asymmetric ET-NMPC,21,2,3.85557965085769,3.85557965085769,3.86750542144298
11,2037,Asymmetric ET-NMPC,22,2.1,4.20474157689536,4.20474157689536,3.94606685480146
11,2037,Asymmetric ET-NMPC,23,2.2,4.55390350293302,4.55390350293302,4.02462828815993
11,2037,Asymmetric ET-NMPC,24,2.3,4.90306542897069,4.90306542897069,4.1031897215184
11,2037,Asymmetric ET-NMPC,25,2.4,5.25222735500835,5.25222735500835,4.18175115487688
11,2037,Asymmetric ET-NMPC,26,2.5,5.60138928104601,5.60138928104601,4.26031258823535
11,2037,Asymmetric ET-NMPC,27,2.6,5.95055120708368,5.95055120708368,4.33887402159383
11,2037,Asymmetric ET-NMPC,28,2.7,6.29971313312134,6.29971313312134,4.4174354549523
11,2037,Asymmetric ET-NMPC,29,2.8,6.64887505915901,6.64887505915901,4.49599688831078
11,2037,Asymmetric ET-NMPC,30,2.9,6.99803698519667,6.99803698519667,4.57455832166925
11,2037,Asymmetric ET-NMPC,31,3,7.36454724792241,7.32596315797381,4.66475063023515
11,2037,Asymmetric ET-NMPC,32,3.1,7.74763998501806,7.63138044722712,4.76455160322503
11,2037,Asymmetric ET-NMPC,33,3.2,8.14631725527504,7.91329591032491,4.87216250344798
11,2037,Asymmetric ET-NMPC,34,3.3,8.5591815429482,8.1710491913533,4.98664536715795
11,2037,Asymmetric ET-NMPC,35,3.4,8.98611126902765,8.40392777296956,5.10282873608021
11,2037,Asymmetric ET-NMPC,36,3.5,9.41224504378123,8.63806660482947,5.21940065992787
11,2037,Asymmetric ET-NMPC,37,3.6,9.83553988735098,8.87968108779131,5.33095296618079
11,2037,Asymmetric ET-NMPC,38,3.7,10.2561403896268,9.12837148571913,5.43701098550885
11,2037,Asymmetric ET-NMPC,39,3.8,10.6742353278399,9.38378379726138,5.53681666547395
11,2037,Asymmetric ET-NMPC,40,3.9,11.0895260435687,9.64527777669312,5.63249592210973
11,2037,Asymmetric ET-NMPC,41,4,11.5017944748093,9.91224270608243,5.72611465462932
11,2037,Asymmetric ET-NMPC,42,4.1,11.9124484610844,10.1825852998507,5.81709918930976
11,2037,Asymmetric ET-NMPC,43,4.2,12.3208144967658,10.4556942879475,5.91009736952084
11,2037,Asymmetric ET-NMPC,44,4.3,12.7315718475556,10.7259091370608,6.00099475172079
11,2037,Asymmetric ET-NMPC,45,4.4,13.1436135713599,10.9952518180266,6.08860832404021
11,2037,Asymmetric ET-NMPC,46,4.5,13.5548814539061,11.2662077061756,6.17487323848021
11,2037,Asymmetric ET-NMPC,47,4.6,13.964585643722,11.5407815209328,6.25704194966056
11,2037,Asymmetric ET-NMPC,48,4.7,14.3720721940057,11.8204693266692,6.33273503164426
11,2037,Asymmetric ET-NMPC,49,4.8,14.7791674064438,12.1026590609432,6.40087049876936
11,2037,Asymmetric ET-NMPC,50,4.9,15.1836276970518,12.3898335178872,6.46366145831165
11,2037,Asymmetric ET-NMPC,51,5,15.5799176110986,12.6898954308697,6.51767212764676
11,2037,Asymmetric ET-NMPC,52,5.1,15.9686145677398,12.9995224763596,6.57286061013258
11,2037,Asymmetric ET-NMPC,53,5.2,16.3405242758928,13.3290720590744,6.62836053368246
11,2037,Asymmetric ET-NMPC,54,5.3,16.7112210206471,13.6619310651114,6.67065480668273
11,2037,Asymmetric ET-NMPC,55,5.4,17.0730963966578,14.0065158328184,6.68819191309874
11,2037,Asymmetric ET-NMPC,56,5.5,17.4470572273357,14.3383665192321,6.68286096145535
11,2037,Asymmetric ET-NMPC,57,5.6,17.8329670193421,14.6559363646023,6.6977950079645
11,2037,Asymmetric ET-NMPC,58,5.7,18.2331317592712,14.9539955584486,6.72987144606467
11,2037,Asymmetric ET-NMPC,59,5.8,18.642394565906,15.2410338415327,6.74050061110882
11,2037,Asymmetric ET-NMPC,60,5.9,19.064359689069,15.5078316548549,6.76814770210395
11,2037,Asymmetric ET-NMPC,61,6,19.4985119357469,15.7552412607664,6.78547726087716
11,2037,Asymmetric ET-NMPC,62,6.1,19.9426709265651,15.9822533362559,6.8199491110927
11,2037,Asymmetric ET-NMPC,63,6.2,20.3953842095692,16.1882885574496,6.87094098318318
11,2037,Asymmetric ET-NMPC,64,6.3,20.854457405488,16.373195100004,6.94208429846705
11,2037,Asymmetric ET-NMPC,65,6.4,21.3006496023034,16.5379976828519,7.03139105687781
11,2037,Asymmetric ET-NMPC,66,6.5,21.7295212615546,16.6854797420084,7.13801827825983
11,2037,Asymmetric ET-NMPC,67,6.6,22.1369715577649,16.8162362151035,7.25734904152498
11,2037,Asymmetric ET-NMPC,68,6.7,22.5166856121194,16.9511093912797,7.38734534010042
11,2037,Asymmetric ET-NMPC,69,6.8,22.8752390749541,17.106572050287,7.52266165402169
11,2037,Asymmetric ET-NMPC,70,6.9,23.2549653341973,17.2832075749998,7.65982795444629
11,2037,Asymmetric ET-NMPC,71,7,23.6499036932731,17.4854952855495,7.80024346715599
11,2037,Asymmetric ET-NMPC,72,7.1,24.0465214306043,17.7041669690822,7.94141630398194
11,2037,Asymmetric ET-NMPC,73,7.2,24.4270777812577,17.9241936120363,8.07650234019265
11,2037,Asymmetric ET-NMPC,74,7.3,24.7866137269304,18.1329417569335,8.20672840326859
11,2037,Asymmetric ET-NMPC,75,7.4,25.1220098043744,18.324811000361,8.33126505099018
11,2037,Asymmetric ET-NMPC,76,7.5,25.435556755634,18.4967536143291,8.45074748033818
11,2037,Asymmetric ET-NMPC,77,7.6,25.7628115976025,18.6875654329059,8.58909911342526
11,2037,Asymmetric ET-NMPC,78,7.7,26.1014562750747,18.8980021296796,8.74707562365736
11,2037,Asymmetric ET-NMPC,79,7.8,26.4518667799986,19.1279524800595,8.924565786221
11,2037,Asymmetric ET-NMPC,80,7.9,26.8187680367504,19.3756236539081,9.11977677042866
11,2037,Asymmetric ET-NMPC,81,8,27.1980641000657,19.6393372204985,9.31106098606002
11,2037,Asymmetric ET-NMPC,82,8.1,27.5729649238724,19.9049839780477,9.5082440799415
11,2037,Asymmetric ET-NMPC,83,8.2,27.9436323073983,20.1724011924852,9.71095995058947
11,2037,Asymmetric ET-NMPC,84,8.3,28.3102292651584,20.4414404721276,9.91886506493374
11,2037,Asymmetric ET-NMPC,85,8.4,28.6729187295167,20.7119665286286,10.13163725578
11,2037,Asymmetric ET-NMPC,86,8.5,29.0318624669048,20.9838560295213,10.3489745344373
11,2037,Asymmetric ET-NMPC,87,8.6,29.3799363820227,21.2623008488957,10.5754983349043
11,2037,Asymmetric ET-NMPC,88,8.7,29.7249243871085,21.5415483798524,10.805724512394
11,2037,Asymmetric ET-NMPC,89,8.8,30.0483517623528,21.834278732685,11.0500678639981
11,2037,Asymmetric ET-NMPC,90,8.9,30.369921585762,22.1268792321386,11.2970046907211
11,2037,Asymmetric ET-NMPC,91,9,30.669155510689,22.4316913535276,11.5569058812285
11,2037,Asymmetric ET-NMPC,92,9.1,30.9455430865589,22.7475097961739,11.828693701392
11,2037,Asymmetric ET-NMPC,93,9.2,31.222660900214,23.0618312028385,12.1014715792843
11,2037,Asymmetric ET-NMPC,94,9.3,31.4766143847734,23.3860132401161,12.3850445582273
11,2037,Asymmetric ET-NMPC,95,9.4,31.7326013898927,23.7082712465629,12.6689819289467
11,2037,Asymmetric ET-NMPC,96,9.5,31.9693639232461,24.0375607965494,12.9614060987236
11,2037,Asymmetric ET-NMPC,97,9.6,32.2091765561897,24.3647037370906,13.2537541747131
11,2037,Asymmetric ET-NMPC,98,9.7,32.4279448798514,24.6989742180975,13.5544261988351
11,2037,Asymmetric ET-NMPC,99,9.8,32.6234914834974,25.0402657004883,13.8631034572298
11,2037,Asymmetric ET-NMPC,100,9.9,32.8327108801182,25.3920797358965,14.1502517265393
11,2037,Asymmetric ET-NMPC,101,10,33.0546844553638,25.7535360732235,14.4149724248211
11,2037,Asymmetric ET-NMPC,102,10.1,33.2848652137895,26.1265035853527,14.6556216578278
11,2037,Asymmetric ET-NMPC,103,10.2,33.5259624773479,26.5066930507478,14.8731718357345
11,2037,Asymmetric ET-NMPC,104,10.3,33.7770140836472,26.8928720564541,15.0676939849265
11,2037,Asymmetric ET-NMPC,105,10.4,34.037074401696,27.2838747473876,15.2394074866061
11,2037,Asymmetric ET-NMPC,106,10.5,34.3052259735034,27.678611890134,15.3886633832187
11,2037,Asymmetric ET-NMPC,107,10.6,34.5805890185014,28.0760779086013,15.5159267228464
11,2037,Asymmetric ET-NMPC,108,10.7,34.8623288090998,28.4753551174818,15.6217586691678
11,2037,Asymmetric ET-NMPC,109,10.8,35.1496610689143,28.8756154228767,15.706799014858
11,2037,Asymmetric ET-NMPC,110,10.9,35.4418555113935,29.2761198999229,15.7717495471895
11,2037,Asymmetric ET-NMPC,111,11,35.7382377546277,29.6762166104287,15.8173586267457
11,2037,Asymmetric ET-NMPC,112,11.1,36.0381898423003,30.0753370427812,15.8444072048896
11,2037,Asymmetric ET-NMPC,113,11.2,36.3411495873361,30.4729915459595,15.8536963916061
11,2037,Asymmetric ET-NMPC,114,11.3,36.6444146223405,30.8704239286779,15.8448748435259
11,2037,Asymmetric ET-NMPC,115,11.4,36.9438273547472,31.2699075438826,15.8172187979709
11,2037,Asymmetric ET-NMPC,116,11.5,37.2352228906665,31.6735246061791,15.770507892719
11,2037,Asymmetric ET-NMPC,117,11.6,37.5151517372216,32.0826237804317,15.7051037147781
11,2037,Asymmetric ET-NMPC,118,11.7,37.781771107483,32.4973087123444,15.6217339442014
11,2037,Asymmetric ET-NMPC,119,11.8,38.0336797354254,32.9173526949794,15.5212098385335
11,2037,Asymmetric ET-NMPC,120,11.9,38.2698613974353,33.3422873670953,15.4043819867001
11,2037,Asymmetric ET-NMPC,121,12,38.4896432158776,33.7714744731204,15.2721156633067
11,2037,Asymmetric ET-NMPC,122,12.1,38.6926571932096,34.2041681430076,15.125277272389
11,2037,Asymmetric ET-NMPC,123,12.2,38.8787858902121,34.6395756475639,14.9647269278604
11,2037,Asymmetric ET-NMPC,124,12.3,39.0481317032609,35.0768963312206,14.7913123516309
11,2037,Asymmetric ET-NMPC,125,12.4,39.2010148247348,35.5153425502203,14.6058624548575
11,2037,Asymmetric ET-NMPC,126,12.5,39.3373169281431,35.9523268735695,14.4046997402368
11,2037,Asymmetric ET-NMPC,127,12.6,39.4563351635471,36.3847977393562,14.183784349449
11,2037,Asymmetric ET-NMPC,128,12.7,39.562049712613,36.8129369728685,13.9490282441179
11,2037,Asymmetric ET-NMPC,129,12.8,39.6547383011106,37.2255271862831,13.7113508900666
11,2037,Asymmetric ET-NMPC,130,12.9,39.7349337316136,37.6153020077235,13.4790234858297
11,2037,Asymmetric ET-NMPC,131,13,39.8041582251791,37.9792447536283,13.2572952521373
11,2037,Asymmetric ET-NMPC,132,13.1,39.8640031634206,38.3179594299012,13.0488172427666
11,2037,Asymmetric ET-NMPC,133,13.2,39.9152258859113,38.6324232658228,12.8557520247654
11,2037,Asymmetric ET-NMPC,134,13.3,39.958508343599,38.9233265547627,12.6794752796187
11,2037,Asymmetric ET-NMPC,135,13.4,39.9944676005699,39.1910866214233,12.5208269772219
11,2037,Asymmetric ET-NMPC,136,13.5,40.0236882474232,39.435870376588,12.3802529727016
11,2037,Asymmetric ET-NMPC,137,13.6,40.0489771215388,39.6546452635169,12.2541039443073
11,2037,Symmetric-energy ET-NMPC,1,0,0,0,3
11,2037,Symmetric-energy ET-NMPC,2,0.1,0,0,3
11,2037,Symmetric-energy ET-NMPC,3,0.2,0.0209497155622598,0.0209497155622598,3.00471368600151
11,2037,Symmetric-energy ET-NMPC,4,0.3,0.0628491466867795,0.0628491466867795,3.01414105800453
11,2037,Symmetric-energy ET-NMPC,5,0.4,0.125698293373559,0.125698293373559,3.02828211600905
11,2037,Symmetric-energy ET-NMPC,6,0.5,0.209497155622598,0.209497155622598,3.04713686001508
11,2037,Symmetric-energy ET-NMPC,7,0.6,0.314245733433897,0.314245733433897,3.07070529002263
11,2037,Symmetric-energy ET-NMPC,8,0.7,0.439944026807456,0.439944026807456,3.09898740603168
11,2037,Symmetric-energy ET-NMPC,9,0.8,0.586592035743275,0.586592035743275,3.13198320804224
11,2037,Symmetric-energy ET-NMPC,10,0.9,0.754189760241354,0.754189760241354,3.16969269605431
11,2037,Symmetric-energy ET-NMPC,11,1,0.942737200301692,0.942737200301692,3.21211587006788
11,2037,Symmetric-energy ET-NMPC,12,1.1,1.15223435592429,1.15223435592429,3.25925273008297
11,2037,Symmetric-energy ET-NMPC,13,1.2,1.38268122710915,1.38268122710915,3.31110327609956
11,2037,Symmetric-energy ET-NMPC,14,1.3,1.63407781385627,1.63407781385627,3.36766750811766
11,2037,Symmetric-energy ET-NMPC,15,1.4,1.90642411616564,1.90642411616564,3.42894542613727
11,2037,Symmetric-energy ET-NMPC,16,1.5,2.19972013403728,2.19972013403728,3.49493703015839
11,2037,Symmetric-energy ET-NMPC,17,1.6,2.5104742482108,2.5104742482108,3.56485670584743
11,2037,Symmetric-energy ET-NMPC,18,1.7,2.83432193461074,2.83432193461074,3.63772243528742
11,2037,Symmetric-energy ET-NMPC,19,1.8,3.16798980018048,3.16798980018048,3.71279770504061
11,2037,Symmetric-energy ET-NMPC,20,1.9,3.50902280012758,3.50902280012758,3.78953013002871
11,2037,Symmetric-energy ET-NMPC,21,2,3.85557965085769,3.85557965085769,3.86750542144298
11,2037,Symmetric-energy ET-NMPC,22,2.1,4.20474157689536,4.20474157689536,3.94606685480146
11,2037,Symmetric-energy ET-NMPC,23,2.2,4.55390350293302,4.55390350293302,4.02462828815993
11,2037,Symmetric-energy ET-NMPC,24,2.3,4.90306542897069,4.90306542897069,4.1031897215184
11,2037,Symmetric-energy ET-NMPC,25,2.4,5.25222735500835,5.25222735500835,4.18175115487688
11,2037,Symmetric-energy ET-NMPC,26,2.5,5.60138928104601,5.60138928104601,4.26031258823535
11,2037,Symmetric-energy ET-NMPC,27,2.6,5.95055120708368,5.95055120708368,4.33887402159383
11,2037,Symmetric-energy ET-NMPC,28,2.7,6.29971313312134,6.29971313312134,4.4174354549523
11,2037,Symmetric-energy ET-NMPC,29,2.8,6.64887505915901,6.64887505915901,4.49599688831078
11,2037,Symmetric-energy ET-NMPC,30,2.9,6.99803698519667,6.99803698519667,4.57455832166925
11,2037,Symmetric-energy ET-NMPC,31,3,7.36452483893418,7.3259742082279,4.66480149766297
11,2037,Symmetric-energy ET-NMPC,32,3.1,7.74757704158945,7.63141063126857,4.76469945320298
11,2037,Symmetric-energy ET-NMPC,33,3.2,8.14619912010285,7.91335122103571,4.87244889572317
11,2037,Symmetric-energy ET-NMPC,34,3.3,8.55899129343753,8.17113647408752,4.98711966332612
11,2037,Symmetric-energy ET-NMPC,35,3.4,8.98584368661352,8.40404763913535,5.10352165487262
11,2037,Symmetric-energy ET-NMPC,36,3.5,9.41194454162118,8.63811310495393,5.22036094224152
11,2037,Symmetric-energy ET-NMPC,37,3.6,9.83520727458287,8.87965733777301,5.33218688948831
11,2037,Symmetric-energy ET-NMPC,38,3.7,10.2557764962542,9.128280616253,5.43852594713225
11,2037,Symmetric-energy ET-NMPC,39,3.8,10.6738448751375,9.3836312798657,5.53860026536872
11,2037,Symmetric-energy ET-NMPC,40,3.9,11.0891128465859,9.64506847886588,5.63453306928937
11,2037,Symmetric-energy ET-NMPC,41,4,11.5013613409994,9.91198083834055,5.72838918903346
11,2037,Symmetric-energy ET-NMPC,42,4.1,11.9119918271008,10.1822837267365,5.81959748037213
11,2037,Symmetric-energy ET-NMPC,43,4.2,12.3203264092024,10.4553682731433,5.91280531037448
11,2037,Symmetric-energy ET-NMPC,44,4.3,12.7310502424379,10.7255658423618,6.00390529062007
11,2037,Symmetric-energy ET-NMPC,45,4.4,13.1430583308161,10.994902073595,6.09169668915102
11,2037,Symmetric-energy ET-NMPC,46,4.5,13.5542951390385,11.2658552412518,6.17811814771197
11,2037,Symmetric-energy ET-NMPC,47,4.6,13.9639791542046,11.5404212779048,6.2604133434043
11,2037,Symmetric-energy ET-NMPC,48,4.7,14.3714531030852,11.8201055298081,6.33618735095938
11,2037,Symmetric-energy ET-NMPC,49,4.8,14.778535512475,12.1022331865181,6.40465557194375
11,2037,Symmetric-energy ET-NMPC,50,4.9,15.1830329953504,12.3892962444942,6.46771575821695
11,2037,Symmetric-energy ET-NMPC,51,5,15.5793435815689,12.689271157355,6.52205700319118
11,2037,Symmetric-energy ET-NMPC,52,5.1,15.9680304642889,12.9988683424582,6.57748344252856
11,2037,Symmetric-energy ET-NMPC,53,5.2,16.3398983106859,13.3284126314112,6.63329443100247
11,2037,Symmetric-energy ET-NMPC,54,5.3,16.71053616826,13.6612635890193,6.67616421700883
11,2037,Symmetric-energy ET-NMPC,55,5.4,17.0723193873523,14.0059151810976,6.69428002395178
11,2037,Symmetric-energy ET-NMPC,56,5.5,17.4438357984678,14.3405291902206,6.69127649761312
11,2037,Symmetric-energy ET-NMPC,57,5.6,17.8277848726613,14.6603604478149,6.70833742055466
11,2037,Symmetric-energy ET-NMPC,58,5.7,18.2261080767841,14.9606500330631,6.74246644117984
11,2037,Symmetric-energy ET-NMPC,59,5.8,18.6343413317359,15.2490642899487,6.75522676941087
11,2037,Symmetric-energy ET-NMPC,60,5.9,19.0552958811516,15.5172281647925,6.78498250087432
11,2037,Symmetric-energy ET-NMPC,61,6,19.4889607667235,15.765399940291,6.80357112287357
11,2037,Symmetric-energy ET-NMPC,62,6.1,19.9329250929803,15.9926575794086,6.83892140539127
11,2037,Symmetric-energy ET-NMPC,63,6.2,20.3855729563898,16.1986639206636,6.89060601735186
11,2037,Symmetric-energy ET-NMPC,64,6.3,20.8446608332172,16.3833945888405,6.96211057374529
11,2037,Symmetric-energy ET-NMPC,65,6.4,21.2904303135468,16.5458564147058,7.04867232034234
11,2037,Symmetric-energy ET-NMPC,66,6.5,21.7188792549706,16.6909977117999,7.15255452348933
11,2037,Symmetric-energy ET-NMPC,67,6.6,22.1263825545563,16.8188618665912,7.26919527051243
11,2037,Symmetric-energy ET-NMPC,68,6.7,22.5061696202882,16.9497931552451,7.39689960966579
11,2037,Symmetric-energy ET-NMPC,69,6.8,22.8650008585684,17.1014588889584,7.53016597038472
11,2037,Symmetric-energy ET-NMPC,70,6.9,23.2449929769562,17.2742855710531,7.66553742413553
11,2037,Symmetric-energy ET-NMPC,71,7,23.6402698559096,17.4726842210217,7.80443741207371
11,2037,Symmetric-energy ET-NMPC,72,7.1,24.0373341384368,17.6896219173321,7.94440264935931
11,2037,Symmetric-energy ET-NMPC,73,7.2,24.4184139387084,17.9094552503919,8.07851295748116
11,2037,Symmetric-energy ET-NMPC,74,7.3,24.7785453398376,18.1190353506478,8.20797270629613
11,2037,Symmetric-energy ET-NMPC,75,7.4,25.1142409167937,18.3121402100159,8.33182380690756
11,2037,Symmetric-energy ET-NMPC,76,7.5,25.4673970169948,18.5222820961616,8.4731354300366
11,2037,Symmetric-energy ET-NMPC,77,7.6,25.8378736251184,18.7497444909168,8.63176756086068
11,2037,Symmetric-energy ET-NMPC,78,7.7,26.2256707379202,18.9945273960036,8.80772020090203
11,2037,Symmetric-energy ET-NMPC,79,7.8,26.6123170046083,19.2494506198938,8.99618455927691
11,2037,Symmetric-energy ET-NMPC,80,7.9,26.9923069966512,19.5085545058037,9.19232935847784
11,2037,Symmetric-energy ET-NMPC,81,8,27.3678417911361,19.7698286931821,9.39409510666345
11,2037,Symmetric-energy ET-NMPC,82,8.1,27.7390889177172,20.0330998761121,9.60113098578585
11,2037,Symmetric-energy ET-NMPC,83,8.2,28.1062165405522,20.2982093483474,9.81310805124953
11,2037,Symmetric-energy ET-NMPC,84,8.3,28.4693922196164,20.5650117897497,10.0297180311629
11,2037,Symmetric-energy ET-NMPC,85,8.4,28.8287818804723,20.8333741385415,10.2506721472613
11,2037,Symmetric-energy ET-NMPC,86,8.5,29.1845489660559,21.1031745470343,10.4756999686356
11,2037,Symmetric-energy ET-NMPC,87,8.6,29.524531807844,21.3830540338106,10.7125103150555
11,2037,Symmetric-energy ET-NMPC,88,8.7,29.8618050002517,21.6635932208724,10.9523947835103
11,2037,Symmetric-energy ET-NMPC,89,8.8,30.1817576844567,21.9614529160128,11.1749587440191
11,2037,Symmetric-energy ET-NMPC,90,8.9,30.5059172068652,22.2643784573866,11.405516156425
11,2037,Symmetric-energy ET-NMPC,91,9,30.8078731136035,22.5795280360815,11.649449289546
11,2037,Symmetric-energy ET-NMPC,92,9.1,31.0870846631832,22.9056627629059,11.9057246308112
11,2037,Symmetric-energy ET-NMPC,93,9.2,31.3669078788902,23.2297651558513,12.1639040390497
11,2037,Symmetric-energy ET-NMPC,94,9.3,31.6236337963346,23.5636745020411,12.4333411408739
11,2037,Symmetric-energy ET-NMPC,95,9.4,31.8775857482061,23.8971359360042,12.7059431918566
11,2037,Symmetric-energy ET-NMPC,96,9.5,32.1087013770413,24.238858691249,12.9884518194346
11,2037,Symmetric-energy ET-NMPC,97,9.6,32.3432294578382,24.5778020379845,13.2714959626728
11,2037,Symmetric-energy ET-NMPC,98,9.7,32.5544705115242,24.9242796046135,13.563609832697
11,2037,Symmetric-energy ET-NMPC,99,9.8,32.7425731572171,25.2771632048546,13.8637607270221
11,2037,Symmetric-energy ET-NMPC,100,9.9,32.9443177474013,25.6394036922886,14.1431904133387
11,2037,Symmetric-energy ET-NMPC,101,10,33.1587330330621,26.0095228930655,14.4021071229023
11,2037,Symmetric-energy ET-NMPC,102,10.1,33.3791612407508,26.3921961132388,14.6365695118209
11,2037,Symmetric-energy ET-NMPC,103,10.2,33.610664866582,26.7816829654631,14.8480075953616
11,2037,Symmetric-energy ET-NMPC,104,10.3,33.8523044248951,27.176744128071,15.0365201988055
11,2037,Symmetric-energy ET-NMPC,105,10.4,34.1031547964048,27.5762114962552,15.2023511756144
11,2037,Symmetric-energy ET-NMPC,106,10.5,34.3623166814332,27.9789977083461,15.3458725492769
11,2037,Symmetric-energy ET-NMPC,107,10.6,34.6289260001294,28.3841025992763,15.4675668323341
11,2037,Symmetric-energy ET-NMPC,108,10.7,34.9021612567371,28.7906168272925,15.5680092385525
11,2037,Symmetric-energy ET-NMPC,109,10.8,35.1812489349209,29.1977230342171,15.6478503568404
11,2037,Symmetric-energy ET-NMPC,110,10.9,35.4654671128345,29.604694896458,15.7077997579017
11,2037,Symmetric-energy ET-NMPC,111,11,35.7541474872412,30.0108944731187,15.7486108514063
11,2037,Symmetric-energy ET-NMPC,112,11.1,36.0466760384114,30.4157682298082,15.7710672067302
11,2037,Symmetric-energy ET-NMPC,113,11.2,36.3424925566976,30.8188421012057,15.7759704409328
11,2037,Symmetric-energy ET-NMPC,114,11.3,36.6398876481805,31.2205884225134,15.7634783283174
11,2037,Symmetric-energy ET-NMPC,115,11.4,36.9347772353913,31.6232004263825,15.7327585351026
11,2037,Symmetric-energy ET-NMPC,116,11.5,37.2229365422931,32.0288215161619,15.6834052639643
11,2037,Symmetric-energy ET-NMPC,117,11.6,37.5007058125729,32.4390003089386,15.6155997299392
11,2037,Symmetric-energy ET-NMPC,118,11.7,37.7660792933559,32.8540283789409,15.5299923890898
11,2037,Symmetric-energy ET-NMPC,119,11.8,38.0175143009079,33.2738432915685,15.4273479732025
11,2037,Symmetric-energy ET-NMPC,120,11.9,38.2538789637945,33.698112876793,15.3084906419523
11,2037,Symmetric-energy ET-NMPC,121,12,38.4743698055077,34.1263289381378,15.1742714424055
11,2037,Symmetric-energy ET-NMPC,122,12.1,38.6784934654456,34.5578558904913,15.025550156619
11,2037,Symmetric-energy ET-NMPC,123,12.2,38.8660350358422,34.9919817187432,14.863183520213
11,2037,Symmetric-energy ET-NMPC,124,12.3,39.0370167956759,35.4279656721564,14.688017227307
11,2037,Symmetric-energy ET-NMPC,125,12.4,39.1912784309923,35.8639300690175,14.4979162211577
11,2037,Symmetric-energy ET-NMPC,126,12.5,39.3291789027882,36.2961882864377,14.2878298261883
11,2037,Symmetric-energy ET-NMPC,127,12.6,39.4520310248389,36.7237204466724,14.059523873413
11,2037,Symmetric-energy ET-NMPC,128,12.7,39.5609366002538,37.1385502527286,13.8231694889982
11,2037,Symmetric-energy ET-NMPC,129,12.8,39.6562091482815,37.5327071164843,13.5882816937932
11,2037,Symmetric-energy ET-NMPC,130,12.9,39.7386338371496,37.901077524775,13.3617599747036
11,2037,Symmetric-energy ET-NMPC,131,13,39.8104913685976,38.2438777335016,13.1468356724948
11,2037,Symmetric-energy ET-NMPC,132,13.1,39.8725592114263,38.5621790733781,12.9461930866326
11,2037,Symmetric-energy ET-NMPC,133,13.2,39.9255630997277,38.8567781793835,12.7615520268803
11,2037,Symmetric-energy ET-NMPC,134,13.3,39.9701552216561,39.1281843942228,12.5939794171411
11,2037,Symmetric-energy ET-NMPC,135,13.4,40.0069531685106,39.3766365479929,12.4440805708761
11,2037,Symmetric-energy ET-NMPC,136,13.5,40.0365559580716,39.6021284397976,12.312099762506
11,2037,Symmetric-energy ET-NMPC,137,13.6,40.0619169200216,39.8016704532691,12.1945623163833
12,2038,Asymmetric ET-NMPC,1,0,0,0,3
12,2038,Asymmetric ET-NMPC,2,0.1,0,0,3
12,2038,Asymmetric ET-NMPC,3,0.2,0.0209497155622598,0.0209497155622598,3.00471368600151
12,2038,Asymmetric ET-NMPC,4,0.3,0.0628491466867795,0.0628491466867795,3.01414105800453
12,2038,Asymmetric ET-NMPC,5,0.4,0.125698293373559,0.125698293373559,3.02828211600905
12,2038,Asymmetric ET-NMPC,6,0.5,0.209497155622598,0.209497155622598,3.04713686001508
12,2038,Asymmetric ET-NMPC,7,0.6,0.314245733433897,0.314245733433897,3.07070529002263
12,2038,Asymmetric ET-NMPC,8,0.7,0.439944026807456,0.439944026807456,3.09898740603168
12,2038,Asymmetric ET-NMPC,9,0.8,0.586592035743275,0.586592035743275,3.13198320804224
12,2038,Asymmetric ET-NMPC,10,0.9,0.754189760241354,0.754189760241354,3.16969269605431
12,2038,Asymmetric ET-NMPC,11,1,0.942737200301692,0.942737200301692,3.21211587006788
12,2038,Asymmetric ET-NMPC,12,1.1,1.15223435592429,1.15223435592429,3.25925273008297
12,2038,Asymmetric ET-NMPC,13,1.2,1.38268122710915,1.38268122710915,3.31110327609956
12,2038,Asymmetric ET-NMPC,14,1.3,1.63407781385627,1.63407781385627,3.36766750811766
12,2038,Asymmetric ET-NMPC,15,1.4,1.90642411616564,1.90642411616564,3.42894542613727
12,2038,Asymmetric ET-NMPC,16,1.5,2.19972013403728,2.19972013403728,3.49493703015839
12,2038,Asymmetric ET-NMPC,17,1.6,2.5104742482108,2.5104742482108,3.56485670584743
12,2038,Asymmetric ET-NMPC,18,1.7,2.83432193461074,2.83432193461074,3.63772243528742
12,2038,Asymmetric ET-NMPC,19,1.8,3.16798980018048,3.16798980018048,3.71279770504061
12,2038,Asymmetric ET-NMPC,20,1.9,3.50902280012758,3.50902280012758,3.78953013002871
12,2038,Asymmetric ET-NMPC,21,2,3.85557965085769,3.85557965085769,3.86750542144298
12,2038,Asymmetric ET-NMPC,22,2.1,4.20474157689536,4.20474157689536,3.94606685480146
12,2038,Asymmetric ET-NMPC,23,2.2,4.55390350293302,4.55390350293302,4.02462828815993
12,2038,Asymmetric ET-NMPC,24,2.3,4.90306542897069,4.90306542897069,4.1031897215184
12,2038,Asymmetric ET-NMPC,25,2.4,5.25222735500835,5.25222735500835,4.18175115487688
12,2038,Asymmetric ET-NMPC,26,2.5,5.60138928104601,5.60138928104601,4.26031258823535
12,2038,Asymmetric ET-NMPC,27,2.6,5.95055120708368,5.95055120708368,4.33887402159383
12,2038,Asymmetric ET-NMPC,28,2.7,6.29971313312134,6.29971313312134,4.4174354549523
12,2038,Asymmetric ET-NMPC,29,2.8,6.64887505915901,6.64887505915901,4.49599688831078
12,2038,Asymmetric ET-NMPC,30,2.9,7.01547565896429,6.97675712974375,4.58598215383499
12,2038,Asymmetric ET-NMPC,31,3,7.39892879863223,7.28201719894657,4.68487593437297
12,2038,Asymmetric ET-NMPC,32,3.1,7.79848588906735,7.56360082397379,4.7900652570229
12,2038,Asymmetric ET-NMPC,33,3.2,8.21268822606636,7.82108319069651,4.9002435436833
12,2038,Asymmetric ET-NMPC,34,3.3,8.64027964179714,8.05949502134149,5.00185742168162
12,2038,Asymmetric ET-NMPC,35,3.4,9.06428958395492,8.3046714970311,5.10237639859536
12,2038,Asymmetric ET-NMPC,36,3.5,9.48491181084047,8.55626634393591,5.20125498708035
12,2038,Asymmetric ET-NMPC,37,3.6,9.90234665320943,8.81395911892656,5.29791204111168
12,2038,Asymmetric ET-NMPC,38,3.7,10.3165633158854,9.07725510931615,5.39330479663492
12,2038,Asymmetric ET-NMPC,39,3.8,10.7277459386364,9.34586584361624,5.48699110388612
12,2038,Asymmetric ET-NMPC,40,3.9,11.1361415303854,9.61957553038225,5.57807374773498
12,2038,Asymmetric ET-NMPC,41,4,11.5435010814301,9.88959222193745,5.68366343688235
12,2038,Asymmetric ET-NMPC,42,4.1,11.951737055511,10.1600293585495,5.78469385115079
12,2038,Asymmetric ET-NMPC,43,4.2,12.3611862857299,10.4317367936554,5.87703234573101
12,2038,Asymmetric ET-NMPC,44,4.3,12.7755388502701,10.6987071623672,5.96092975027269
12,2038,Asymmetric ET-NMPC,45,4.4,13.1917031097601,10.962016441614,6.04739091256942
12,2038,Asymmetric ET-NMPC,46,4.5,13.605506088571,11.2281635328594,6.13645729539051
12,2038,Asymmetric ET-NMPC,47,4.6,14.0162097433552,11.4993978364002,6.22451671016029
12,2038,Asymmetric ET-NMPC,48,4.7,14.4238476031682,11.7753214196363,6.31225240108045
12,2038,Asymmetric ET-NMPC,49,4.8,14.8284893840458,12.0555881577365,6.40009080203855
12,2038,Asymmetric ET-NMPC,50,4.9,15.2306365822297,12.3402690378062,6.48514623993401
12,2038,Asymmetric ET-NMPC,51,5,15.6294267734953,12.6295339039903,6.57054073941644
12,2038,Asymmetric ET-NMPC,52,5.1,16.0256126806758,12.9223287770606,6.65602693277735
12,2038,Asymmetric ET-NMPC,53,5.2,16.4182657291268,13.2198321066327,6.74155676637719
12,2038,Asymmetric ET-NMPC,54,5.3,16.8085546644099,13.5213805726044,6.82367296250031
12,2038,Asymmetric ET-NMPC,55,5.4,17.1954564670308,13.8261991437583,6.90965338939118
12,2038,Asymmetric ET-NMPC,56,5.5,17.5829348669097,14.127333861222,7.00545720750607
12,2038,Asymmetric ET-NMPC,57,5.6,17.974005171514,14.4186061672016,7.11602149028316
12,2038,Asymmetric ET-NMPC,58,5.7,18.3702479148088,14.6960419357414,7.24259590602715
12,2038,Asymmetric ET-NMPC,59,5.8,18.7739329004489,14.9546453995644,7.38459126111859
12,2038,Asymmetric ET-NMPC,60,5.9,19.1832153306932,15.1954074083627,7.54118483510133
12,2038,Asymmetric ET-NMPC,61,6,19.5951840493453,15.4220481786381,7.7112311114531
12,2038,Asymmetric ET-NMPC,62,6.1,20.0117076973953,15.6340592751552,7.88888061347545
12,2038,Asymmetric ET-NMPC,63,6.2,20.4308014839319,15.8296761172555,8.07886600547464
12,2038,Asymmetric ET-NMPC,64,6.3,20.8471217217854,16.0218382304489,8.27824298961954
12,2038,Asymmetric ET-NMPC,65,6.4,21.2628401103641,16.1973424138988,8.49359503393086
12,2038,Asymmetric ET-NMPC,66,6.5,21.6817557370168,16.3853737192214,8.69146854394386
12,2038,Asymmetric ET-NMPC,67,6.6,22.1027748467628,16.5850686037138,8.87275522943476
12,2038,Asymmetric ET-NMPC,68,6.7,22.524876071449,16.7955738892377,9.03864097591373
12,2038,Asymmetric ET-NMPC,69,6.8,22.9483414190642,17.0165991014366,9.18637369044078
12,2038,Asymmetric ET-NMPC,70,6.9,23.3634588323752,17.2441027052501,9.34736947739777
12,2038,Asymmetric ET-NMPC,71,7,23.7775540583754,17.4825794611923,9.49452239337001
12,2038,Asymmetric ET-NMPC,72,7.1,24.1856775744677,17.7246333837029,9.63861889786168
12,2038,Asymmetric ET-NMPC,73,7.2,24.5741863590293,17.9585315380248,9.80389902225713
12,2038,Asymmetric ET-NMPC,74,7.3,24.9409199638533,18.1785080853991,9.98441169100311
12,2038,Asymmetric ET-NMPC,75,7.4,25.2862853255586,18.3783250251679,10.1588425502145
12,2038,Asymmetric ET-NMPC,76,7.5,25.6489711955082,18.5954624750432,10.3505939153022
12,2038,Asymmetric ET-NMPC,77,7.6,26.028557313198,18.8301267893733,10.5598721354615
12,2038,Asymmetric ET-NMPC,78,7.7,26.4073082667971,19.0765291613875,10.773959935706
12,2038,Asymmetric ET-NMPC,79,7.8,26.7807233073347,19.3410210969434,10.9754673140478
12,2038,Asymmetric ET-NMPC,80,7.9,27.1499480927493,19.6073192095462,11.1822482925245
12,2038,Asymmetric ET-NMPC,81,8,27.5151480288643,19.8752761708081,11.3939747046058
12,2038,Asymmetric ET-NMPC,82,8.1,27.8764877365135,20.1447573947262,11.6103389475658
12,2038,Asymmetric ET-NMPC,83,8.2,28.2341300717587,20.4156399354738,11.831052810199
12,2038,Asymmetric ET-NMPC,84,8.3,28.5882353205498,20.6878114698786,12.0558463346572
12,2038,Asymmetric ET-NMPC,85,8.4,28.9389605474049,20.9611693632963,12.2844667129126
12,2038,Asymmetric ET-NMPC,86,8.5,29.294482145889,21.2425588984664,12.4952374948254
12,2038,Asymmetric ET-NMPC,87,8.6,29.6487806760982,21.5268893610341,12.7041124324018
12,2038,Asymmetric ET-NMPC,88,8.7,30.0038253948224,21.8157481512418,12.9053681081623
12,2038,Asymmetric ET-NMPC,89,8.8,30.3559391064785,22.1053692912067,13.1106375149164
12,2038,Asymmetric ET-NMPC,90,8.9,30.7048714541257,22.3952771160721,13.3208746901432
12,2038,Asymmetric ET-NMPC,91,9,31.050754669398,22.6854185380696,13.5357764273025
12,2038,Asymmetric ET-NMPC,92,9.1,31.3937191496198,22.975747394251,13.7550582564052
12,2038,Asymmetric ET-NMPC,93,9.2,31.7338928965106,23.2662236593799,13.9784533354089
12,2038,Asymmetric ET-NMPC,94,9.3,32.0567461278821,23.5740204506747,14.1845279318707
12,2038,Asymmetric ET-NMPC,95,9.4,32.3834560635154,23.8862805324149,14.3984303846617
12,2038,Asymmetric ET-NMPC,96,9.5,32.7116167868334,24.2007916496409,14.6067409624363
12,2038,Asymmetric ET-NMPC,97,9.6,33.0430539875761,24.5192796514822,14.8035016664575
12,2038,Asymmetric ET-NMPC,98,9.7,33.3794960800195,24.8433200683147,14.9818399032194
12,2038,Asymmetric ET-NMPC,99,9.8,33.7210894337191,25.1729691003633,15.1388287447899
12,2038,Asymmetric ET-NMPC,100,9.9,34.0672797163904,25.5076384921594,15.2735458052493
12,2038,Asymmetric ET-NMPC,101,10,34.4171854816312,25.846454558341,15.386548587288
12,2038,Asymmetric ET-NMPC,102,10.1,34.7699984536245,26.1886130955655,15.4784754179611
12,2038,Asymmetric ET-NMPC,103,10.2,35.1249847362433,26.5333809654124,15.5500285805304
12,2038,Asymmetric ET-NMPC,104,10.3,35.481484323499,26.8800959952077,15.6019586527491
12,2038,Asymmetric ET-NMPC,105,10.4,35.8389092346053,27.2281654944955,15.635050291967
12,2038,Asymmetric ET-NMPC,106,10.5,36.1967405072811,27.5770637590174,15.6501095518716
12,2038,Asymmetric ET-NMPC,107,10.6,36.551993699673,27.928889763113,15.6464173794112
12,2038,Asymmetric ET-NMPC,108,10.7,36.8954999346884,28.2914078832469,15.6222496513396
12,2038,Asymmetric ET-NMPC,109,10.8,37.2248882374697,28.665009892472,15.5783761434582
12,2038,Asymmetric ET-NMPC,110,10.9,37.5359058795553,29.0515906483955,15.5165429366749
12,2038,Asymmetric ET-NMPC,111,11,37.8270800813297,29.4503436191113,15.4377162117246
12,2038,Asymmetric ET-NMPC,112,11.1,38.0973109812059,29.86016760512,15.3427448410698
12,2038,Asymmetric ET-NMPC,113,11.2,38.346091653348,30.2795733944617,15.2322597242658
12,2038,Asymmetric ET-NMPC,114,11.3,38.5732868982181,30.7069619934158,15.1068750912665
12,2038,Asymmetric ET-NMPC,115,11.4,38.7788910037235,31.1408334398663,14.9672952941813
12,2038,Asymmetric ET-NMPC,116,11.5,38.9632958688026,31.5796508750975,14.8142132760594
12,2038,Asymmetric ET-NMPC,117,11.6,39.1271833320973,32.0219497562065,14.6483440530415
12,2038,Asymmetric ET-NMPC,118,11.7,39.2715247638206,32.4663663092744,14.4704129471401
12,2038,Asymmetric ET-NMPC,119,11.8,39.39754644669,32.9116716928956,14.2811468625799
12,2038,Asymmetric ET-NMPC,120,11.9,39.5059374279104,33.3577666872036,14.083029091435
12,2038,Asymmetric ET-NMPC,121,12,39.5970824919871,33.8059834072355,13.8810529810201
12,2038,Asymmetric ET-NMPC,122,12.1,39.6723187258935,34.2578099068384,13.6805727491663
12,2038,Asymmetric ET-NMPC,123,12.2,39.7337765454836,34.714497082451,13.486511521606
12,2038,Asymmetric ET-NMPC,124,12.3,39.7834877811836,35.1767770119285,13.3025928987114
12,2038,Asymmetric ET-NMPC,125,12.4,39.824494535087,35.643939121462,13.1291627699837
12,2038,Asymmetric ET-NMPC,126,12.5,39.8594214575491,36.1145336737104,12.9638724875061
12,2038,Asymmetric ET-NMPC,127,12.6,39.8892650138394,36.5745230321684,12.8093458112525
12,2038,Asymmetric ET-NMPC,128,12.7,39.9146230243091,37.0133393718127,12.6678629459527
12,2038,Asymmetric ET-NMPC,129,12.8,39.9361787505172,37.4258396831651,12.5402728589689
12,2038,Asymmetric ET-NMPC,130,12.9,39.954588229585,37.8116551115291,12.4260251161877
12,2038,Asymmetric ET-NMPC,131,13,39.9701361645482,38.1708974353917,12.3254038800204
12,2038,Asymmetric ET-NMPC,132,13.1,39.9830434363644,38.5035049500393,12.2383330621575
12,2038,Asymmetric ET-NMPC,133,13.2,39.9935418143492,38.8092692182903,12.1644393969993
12,2038,Asymmetric ET-NMPC,134,13.3,40.0018520735552,39.0878649448935,12.1030789868428
12,2038,Asymmetric ET-NMPC,135,13.4,40.0082027113497,39.3388863203138,12.0533725477164
12,2038,Asymmetric ET-NMPC,136,13.5,40.0128319198944,39.5618884388076,12.0142471256784
12,2038,Symmetric-energy ET-NMPC,1,0,0,0,3
12,2038,Symmetric-energy ET-NMPC,2,0.1,0,0,3
12,2038,Symmetric-energy ET-NMPC,3,0.2,0.0209497155622598,0.0209497155622598,3.00471368600151
12,2038,Symmetric-energy ET-NMPC,4,0.3,0.0628491466867795,0.0628491466867795,3.01414105800453
12,2038,Symmetric-energy ET-NMPC,5,0.4,0.125698293373559,0.125698293373559,3.02828211600905
12,2038,Symmetric-energy ET-NMPC,6,0.5,0.209497155622598,0.209497155622598,3.04713686001508
12,2038,Symmetric-energy ET-NMPC,7,0.6,0.314245733433897,0.314245733433897,3.07070529002263
12,2038,Symmetric-energy ET-NMPC,8,0.7,0.439944026807456,0.439944026807456,3.09898740603168
12,2038,Symmetric-energy ET-NMPC,9,0.8,0.586592035743275,0.586592035743275,3.13198320804224
12,2038,Symmetric-energy ET-NMPC,10,0.9,0.754189760241354,0.754189760241354,3.16969269605431
12,2038,Symmetric-energy ET-NMPC,11,1,0.942737200301692,0.942737200301692,3.21211587006788
12,2038,Symmetric-energy ET-NMPC,12,1.1,1.15223435592429,1.15223435592429,3.25925273008297
12,2038,Symmetric-energy ET-NMPC,13,1.2,1.38268122710915,1.38268122710915,3.31110327609956
12,2038,Symmetric-energy ET-NMPC,14,1.3,1.63407781385627,1.63407781385627,3.36766750811766
12,2038,Symmetric-energy ET-NMPC,15,1.4,1.90642411616564,1.90642411616564,3.42894542613727
12,2038,Symmetric-energy ET-NMPC,16,1.5,2.19972013403728,2.19972013403728,3.49493703015839
12,2038,Symmetric-energy ET-NMPC,17,1.6,2.5104742482108,2.5104742482108,3.56485670584743
12,2038,Symmetric-energy ET-NMPC,18,1.7,2.83432193461074,2.83432193461074,3.63772243528742
12,2038,Symmetric-energy ET-NMPC,19,1.8,3.16798980018048,3.16798980018048,3.71279770504061
12,2038,Symmetric-energy ET-NMPC,20,1.9,3.50902280012758,3.50902280012758,3.78953013002871
12,2038,Symmetric-energy ET-NMPC,21,2,3.85557965085769,3.85557965085769,3.86750542144298
12,2038,Symmetric-energy ET-NMPC,22,2.1,4.20474157689536,4.20474157689536,3.94606685480146
12,2038,Symmetric-energy ET-NMPC,23,2.2,4.55390350293302,4.55390350293302,4.02462828815993
12,2038,Symmetric-energy ET-NMPC,24,2.3,4.90306542897069,4.90306542897069,4.1031897215184
12,2038,Symmetric-energy ET-NMPC,25,2.4,5.25222735500835,5.25222735500835,4.18175115487688
12,2038,Symmetric-energy ET-NMPC,26,2.5,5.60138928104601,5.60138928104601,4.26031258823535
12,2038,Symmetric-energy ET-NMPC,27,2.6,5.95055120708368,5.95055120708368,4.33887402159383
12,2038,Symmetric-energy ET-NMPC,28,2.7,6.29971313312134,6.29971313312134,4.4174354549523
12,2038,Symmetric-energy ET-NMPC,29,2.8,6.64887505915901,6.64887505915901,4.49599688831078
12,2038,Symmetric-energy ET-NMPC,30,2.9,7.01545337956644,6.97676793958303,4.58603351404999
12,2038,Symmetric-energy ET-NMPC,31,3,7.39886619345375,7.28204628319503,4.685027185911
12,2038,Symmetric-energy ET-NMPC,32,3.1,7.79837156829652,7.56365197046191,4.79035378450173
12,2038,Symmetric-energy ET-NMPC,33,3.2,8.21251530273793,7.82115087831311,4.90071355832514
12,2038,Symmetric-energy ET-NMPC,34,3.3,8.64004686360749,8.05944870675954,5.00284538205385
12,2038,Symmetric-energy ET-NMPC,35,3.4,9.06400656309443,8.30452245198551,5.1038257396085
12,2038,Symmetric-energy ET-NMPC,36,3.5,9.48458743142999,8.55602491319458,5.20311443582254
12,2038,Symmetric-energy ET-NMPC,37,3.6,9.90198789639892,8.81363380742368,5.30014283093339
12,2038,Symmetric-energy ET-NMPC,38,3.7,10.3161744434463,9.07685232238709,5.3958795408489
12,2038,Symmetric-energy ET-NMPC,39,3.8,10.7273332980548,9.34539363076266,5.48986869965428
12,2038,Symmetric-energy ET-NMPC,40,3.9,11.1357074020675,9.61903827527233,5.58124265493125
12,2038,Symmetric-energy ET-NMPC,41,4,11.5430017761745,9.88905521720028,5.68708283583027
12,2038,Symmetric-energy ET-NMPC,42,4.1,11.9511725607079,10.1595011812449,5.78835272861843
12,2038,Symmetric-energy ET-NMPC,43,4.2,12.3605643083162,10.4312226993878,5.88090440914527
12,2038,Symmetric-energy ET-NMPC,44,4.3,12.7748737000331,10.6981996478409,5.96499386704469
12,2038,Symmetric-energy ET-NMPC,45,4.4,13.1909916186298,10.9615115404562,6.05166984428226
12,2038,Symmetric-energy ET-NMPC,46,4.5,13.6047531505002,11.2276644697991,6.14091116288824
12,2038,Symmetric-energy ET-NMPC,47,4.6,14.0154203174868,11.4989067090012,6.22911618333395
12,2038,Symmetric-energy ET-NMPC,48,4.7,14.4230279499571,11.7748419067024,6.31695572238958
12,2038,Symmetric-energy ET-NMPC,49,4.8,14.8276398052966,12.0551183058477,6.40490108384121
12,2038,Symmetric-energy ET-NMPC,50,4.9,15.2297618460439,12.3398107548053,6.49003670418765
12,2038,Symmetric-energy ET-NMPC,51,5,15.628541121481,12.6290767950531,6.57547818966858
12,2038,Symmetric-energy ET-NMPC,52,5.1,16.024718891083,12.9218748253508,6.66099127829828
12,2038,Symmetric-energy ET-NMPC,53,5.2,16.4173759040684,13.2193738431871,6.74651790888679
12,2038,Symmetric-energy ET-NMPC,54,5.3,16.8076796673309,13.5209091570105,6.82861192146138
12,2038,Symmetric-energy ET-NMPC,55,5.4,17.1945980374784,13.8257069196786,6.91459156274291
12,2038,Symmetric-energy ET-NMPC,56,5.5,17.5821084757125,14.1267874101576,7.01043622097964
12,2038,Symmetric-energy ET-NMPC,57,5.6,17.9732136892082,14.4179772934629,7.12109408937197
12,2038,Symmetric-energy ET-NMPC,58,5.7,18.3695030611275,14.6953004653558,7.24776923308652
12,2038,Symmetric-energy ET-NMPC,59,5.8,18.7732345497755,14.9537793109387,7.38985924491058
12,2038,Symmetric-energy ET-NMPC,60,5.9,19.1825560238195,15.1944169678359,7.54654188265151
12,2038,Symmetric-energy ET-NMPC,61,6,19.5945544105566,15.4209418462197,7.71667068326814
12,2038,Symmetric-energy ET-NMPC,62,6.1,20.0110825582683,15.6328332439842,7.89445239694339
12,2038,Symmetric-energy ET-NMPC,63,6.2,20.4301650843446,15.8283547788716,8.08456069695352
12,2038,Symmetric-energy ET-NMPC,64,6.3,20.8464599051962,16.0204622914607,8.28404334216098
12,2038,Symmetric-energy ET-NMPC,65,6.4,21.2621283958236,16.1959030432663,8.4995433386933
12,2038,Symmetric-energy ET-NMPC,66,6.5,21.6809798095566,16.3838745544805,8.69760949982563
12,2038,Symmetric-energy ET-NMPC,67,6.6,22.1019368630889,16.5835144027126,8.87910079460115
12,2038,Symmetric-energy ET-NMPC,68,6.7,22.5239845793191,16.7939700825032,9.04518550813228
12,2038,Symmetric-energy ET-NMPC,69,6.8,22.947377298969,17.0149572913771,9.19318300291367
12,2038,Symmetric-energy ET-NMPC,70,6.9,23.3624131115455,17.2424589517094,9.35439177694626
12,2038,Symmetric-energy ET-NMPC,71,7,23.776430389094,17.4809924974269,9.50167192312586
12,2038,Symmetric-energy ET-NMPC,72,7.1,24.1845652585603,17.723169194352,9.64594200011422
12,2038,Symmetric-energy ET-NMPC,73,7.2,24.5730913840067,17.9572099198856,9.8114088487313
12,2038,Symmetric-energy ET-NMPC,74,7.3,24.9398025589965,18.177320314462,9.99204322239371
12,2038,Symmetric-energy ET-NMPC,75,7.4,25.285145559726,18.377297874883,10.1665074973819
12,2038,Symmetric-energy ET-NMPC,76,7.5,25.6478090687297,18.5945959453961,10.3582922782308
12,2038,Symmetric-energy ET-NMPC,77,7.6,26.0274679793262,18.8293748147688,10.567557848419
12,2038,Symmetric-energy ET-NMPC,78,7.7,26.4063601217854,19.0757623672659,10.7814127486603
12,2038,Symmetric-energy ET-NMPC,79,7.8,26.7798376064854,19.3403196806039,10.9827184772959
12,2038,Symmetric-energy ET-NMPC,80,7.9,27.1491230850154,19.6066807883565,11.189309850842
12,2038,Symmetric-energy ET-NMPC,81,8,27.5143818516622,19.8746983586696,11.4008579904961
12,2038,Symmetric-energy ET-NMPC,82,8.1,27.8757784467637,20.1442378159802,11.617054618596
12,2038,Symmetric-energy ET-NMPC,83,8.2,28.2334756723721,20.4151762368467,11.837610885545
12,2038,Symmetric-energy ET-NMPC,84,8.3,28.5876337828754,20.6874013306085,12.0622562306806
12,2038,Symmetric-energy ET-NMPC,85,8.4,28.9384098301433,20.9608105036237,12.2907372775406
12,2038,Symmetric-energy ET-NMPC,86,8.5,29.2938975985801,21.2421960314142,12.5015704609864
12,2038,Symmetric-energy ET-NMPC,87,8.6,29.6481689730433,21.5265273013127,12.7104903551896
12,2038,Symmetric-energy ET-NMPC,88,8.7,30.0032563225696,21.8154462908983,12.9115843423279
12,2038,Symmetric-energy ET-NMPC,89,8.8,30.3554570352,22.1051737074083,13.1165542965774
12,2038,Symmetric-energy ET-NMPC,90,8.9,30.7044738463803,22.3951838144886,13.326510014063
12,2038,Symmetric-energy ET-NMPC,91,9,31.0504388524415,22.6854235287957,13.5411472028723
12,2038,Symmetric-energy ET-NMPC,92,9.1,31.3934823557326,22.9758467154673,13.760180368154
12,2038,Symmetric-energy ET-NMPC,93,9.2,31.7337322974539,23.2664133972973,13.9833417012046
12,2038,Symmetric-energy ET-NMPC,94,9.3,32.071850852029,23.5576444047681,14.2088640800046
12,2038,Symmetric-energy ET-NMPC,95,9.4,32.4103870726811,23.851901694969,14.4297845961868
12,2038,Symmetric-energy ET-NMPC,96,9.5,32.7516899047486,24.151196053799,14.6393919996706
12,2038,Symmetric-energy ET-NMPC,97,9.6,33.0970478588053,24.4564774333127,14.8331216125128
12,2038,Symmetric-energy ET-NMPC,98,9.7,33.4474414081766,24.7683149791219,15.0062738737822
12,2038,Symmetric-energy ET-NMPC,99,9.8,33.8026431104058,25.0862870823022,15.1570236410543
12,2038,Symmetric-energy ET-NMPC,100,9.9,34.1617702396578,25.409523309461,15.2856550776759
12,2038,Symmetric-energy ET-NMPC,101,10,34.5239522620223,25.7371745309987,15.3927478398069
12,2038,Symmetric-energy ET-NMPC,102,10.1,34.8883960519921,26.0684577141818,15.4789579116809
12,2038,Symmetric-energy ET-NMPC,103,10.2,35.2543862523883,26.4026574741742,15.5450010311934
12,2038,Symmetric-energy ET-NMPC,104,10.3,35.6212840054106,26.7391260296029,15.5916373907738
12,2038,Symmetric-energy ET-NMPC,105,10.4,35.9885243925284,27.0772818415783,15.6196578279016
12,2038,Symmetric-energy ET-NMPC,106,10.5,36.3556128066429,27.4166073138273,15.6298715493543
12,2038,Symmetric-energy ET-NMPC,107,10.6,36.7164633390225,27.7625705856527,15.6200578941103
12,2038,Symmetric-energy ET-NMPC,108,10.7,37.0625320589803,28.1222344952586,15.5904215449135
12,2038,Symmetric-energy ET-NMPC,109,10.8,37.3920069212042,28.495179054806,15.5418553975829
12,2038,Symmetric-energy ET-NMPC,110,10.9,37.7016399085802,28.8822917001264,15.4765008800526
12,2038,Symmetric-energy ET-NMPC,111,11,37.9905924058401,29.2820760454565,15.394776149669
12,2038,Symmetric-energy ET-NMPC,112,11.1,38.2582028223121,29.6930055187053,15.29719729432
12,2038,Symmetric-energy ET-NMPC,113,11.2,38.5039894431078,30.1135502407074,15.1843652340093
12,2038,Symmetric-energy ET-NMPC,114,11.3,38.7276483054872,30.5422020745747,15.0569512685214
12,2038,Symmetric-energy ET-NMPC,115,11.4,38.9290466198356,30.9774970379326,14.9156819730148
12,2038,Symmetric-energy ET-NMPC,116,11.5,39.1082136332698,31.4180338806332,14.761323715962
12,2038,Symmetric-energy ET-NMPC,117,11.6,39.2657385801284,31.8623046888174,14.5945623891726
12,2038,Symmetric-energy ET-NMPC,118,11.7,39.4027488624542,32.3088025971189,14.4160468424564
12,2038,Symmetric-energy ET-NMPC,119,11.8,39.5206476580584,32.756184626623,14.226444116548
12,2038,Symmetric-energy ET-NMPC,120,11.9,39.6198659207574,33.2048417741805,14.0293083757688
12,2038,Symmetric-energy ET-NMPC,121,12,39.7012268015676,33.6558339478384,13.8293422126985
12,2038,Symmetric-energy ET-NMPC,122,12.1,39.7664336899531,34.1104268929758,13.6316219154641
12,2038,Symmetric-energy ET-NMPC,123,12.2,39.81789509272,34.5697404789489,13.4408792779501
12,2038,Symmetric-energy ET-NMPC,124,12.3,39.8579310007418,35.0342663134014,13.2602889260621
12,2038,Symmetric-energy ET-NMPC,125,12.4,39.8893555079143,35.503901851991,13.0916029419299
12,2038,Symmetric-energy ET-NMPC,126,12.5,39.9148408389026,35.9770751186758,12.9320486953576
12,2038,Symmetric-energy ET-NMPC,127,12.6,39.9357803005884,36.4430650475564,12.7827448607467
12,2038,Symmetric-energy ET-NMPC,128,12.7,39.9529390595076,36.8895970681227,12.6459033557801
12,2038,Symmetric-energy ET-NMPC,129,12.8,39.966980925236,37.3100464408787,12.5227848462948
12,2038,Symmetric-energy ET-NMPC,130,12.9,39.9786281690734,37.7034685615345,12.4124645175363
12,2038,Symmetric-energy ET-NMPC,131,13,39.9881977317491,38.0699499572186,12.3151780131969
12,2038,Symmetric-energy ET-NMPC,132,13.1,39.9959130406209,38.40941471083,12.2308013033542
12,2038,Symmetric-energy ET-NMPC,133,13.2,40.0019865945312,38.7216584815257,12.1589275023632
12,2038,Symmetric-energy ET-NMPC,134,13.3,40.0066125405076,39.0063832908167,12.0989116604912
12,2038,Symmetric-energy ET-NMPC,135,13.4,40.0099723793199,39.2632337144313,12.049914693145
12,2038,Symmetric-energy ET-NMPC,136,13.5,40.0122467913058,39.4918322715729,12.0109503669963
12,2038,Symmetric-energy ET-NMPC,137,13.6,40.0140393824902,39.6910090511785,11.9778278603705
13,2039,Asymmetric ET-NMPC,1,0,0,0,3
13,2039,Asymmetric ET-NMPC,2,0.1,0,0,3
13,2039,Asymmetric ET-NMPC,3,0.2,0.0209497155622598,0.0209497155622598,3.00471368600151
13,2039,Asymmetric ET-NMPC,4,0.3,0.0628491466867795,0.0628491466867795,3.01414105800453
13,2039,Asymmetric ET-NMPC,5,0.4,0.125698293373559,0.125698293373559,3.02828211600905
13,2039,Asymmetric ET-NMPC,6,0.5,0.209497155622598,0.209497155622598,3.04713686001508
13,2039,Asymmetric ET-NMPC,7,0.6,0.314245733433897,0.314245733433897,3.07070529002263
13,2039,Asymmetric ET-NMPC,8,0.7,0.439944026807456,0.439944026807456,3.09898740603168
13,2039,Asymmetric ET-NMPC,9,0.8,0.586592035743275,0.586592035743275,3.13198320804224
13,2039,Asymmetric ET-NMPC,10,0.9,0.754189760241354,0.754189760241354,3.16969269605431
13,2039,Asymmetric ET-NMPC,11,1,0.942737200301692,0.942737200301692,3.21211587006788
13,2039,Asymmetric ET-NMPC,12,1.1,1.15223435592429,1.15223435592429,3.25925273008297
13,2039,Asymmetric ET-NMPC,13,1.2,1.38268122710915,1.38268122710915,3.31110327609956
13,2039,Asymmetric ET-NMPC,14,1.3,1.63407781385627,1.63407781385627,3.36766750811766
13,2039,Asymmetric ET-NMPC,15,1.4,1.90642411616564,1.90642411616564,3.42894542613727
13,2039,Asymmetric ET-NMPC,16,1.5,2.19972013403728,2.19972013403728,3.49493703015839
13,2039,Asymmetric ET-NMPC,17,1.6,2.5104742482108,2.5104742482108,3.56485670584743
13,2039,Asymmetric ET-NMPC,18,1.7,2.83432193461074,2.83432193461074,3.63772243528742
13,2039,Asymmetric ET-NMPC,19,1.8,3.16798980018048,3.16798980018048,3.71279770504061
13,2039,Asymmetric ET-NMPC,20,1.9,3.50902280012758,3.50902280012758,3.78953013002871
13,2039,Asymmetric ET-NMPC,21,2,3.85557965085769,3.85557965085769,3.86750542144298
13,2039,Asymmetric ET-NMPC,22,2.1,4.20474157689536,4.20474157689536,3.94606685480146
13,2039,Asymmetric ET-NMPC,23,2.2,4.55390350293302,4.55390350293302,4.02462828815993
13,2039,Asymmetric ET-NMPC,24,2.3,4.90306542897069,4.90306542897069,4.1031897215184
13,2039,Asymmetric ET-NMPC,25,2.4,5.25222735500835,5.25222735500835,4.18175115487688
13,2039,Asymmetric ET-NMPC,26,2.5,5.60138928104601,5.60138928104601,4.26031258823535
13,2039,Asymmetric ET-NMPC,27,2.6,5.95055120708368,5.95055120708368,4.33887402159383
13,2039,Asymmetric ET-NMPC,28,2.7,6.29971313312134,6.29971313312134,4.4174354549523
13,2039,Asymmetric ET-NMPC,29,2.8,6.64887505915901,6.64887505915901,4.49599688831078
13,2039,Asymmetric ET-NMPC,30,2.9,6.99803698519667,6.99803698519667,4.57455832166925
13,2039,Asymmetric ET-NMPC,31,3,7.36536449413187,7.32559344945149,4.66274711860142
13,2039,Asymmetric ET-NMPC,32,3.1,7.74981382326666,7.63041775261504,4.7590843259964
13,2039,Asymmetric ET-NMPC,33,3.2,8.15044953827175,7.91152853407184,4.86139636053342
13,2039,Asymmetric ET-NMPC,34,3.3,8.56562482597312,8.16833749398758,4.96946411052891
13,2039,Asymmetric ET-NMPC,35,3.4,8.9949433793622,8.40025568998811,5.07854907777814
13,2039,Asymmetric ET-NMPC,36,3.5,9.42731765159707,8.63531994546955,5.16685131163616
13,2039,Asymmetric ET-NMPC,37,3.6,9.85663950055341,8.87788348280253,5.24958993843904
13,2039,Asymmetric ET-NMPC,38,3.7,10.2833695028688,9.12763682153165,5.32391876809205
13,2039,Asymmetric ET-NMPC,39,3.8,10.7059191392628,9.38280023344871,5.40356447106566
13,2039,Asymmetric ET-NMPC,40,3.9,11.1307119484627,9.63903329947882,5.46597989483899
13,2039,Asymmetric ET-NMPC,41,4,11.5577715435596,9.89581681958237,5.50699606285726
13,2039,Asymmetric ET-NMPC,42,4.1,11.9825503018565,10.1550960898513,5.55534134710055
13,2039,Asymmetric ET-NMPC,43,4.2,12.4042639564269,10.417113717863,5.61453894975487
13,2039,Asymmetric ET-NMPC,44,4.3,12.8237586869838,10.6814159030907,5.67910307229087
13,2039,Asymmetric ET-NMPC,45,4.4,13.2426154233946,10.9443219393519,5.75285570248611
13,2039,Asymmetric ET-NMPC,46,4.5,13.6605354886847,11.203863027042,5.84219350427547
13,2039,Asymmetric ET-NMPC,47,4.6,14.0760145253116,11.4694777919358,5.92481291358116
13,2039,Asymmetric ET-NMPC,48,4.7,14.5010031683486,11.7260060391712,5.98462856086439
13,2039,Asymmetric ET-NMPC,49,4.8,14.9216098883956,11.9867059530759,6.05622145116333
13,2039,Asymmetric ET-NMPC,50,4.9,15.3391695341782,12.2531377134774,6.12447142745135
13,2039,Asymmetric ET-NMPC,51,5,15.7526511273243,12.5235168453839,6.20146556462328
13,2039,Asymmetric ET-NMPC,52,5.1,16.1608578522587,12.7994555499795,6.28646615888249
13,2039,Asymmetric ET-NMPC,53,5.2,16.562860021648,13.0820394324768,6.37888155348211
13,2039,Asymmetric ET-NMPC,54,5.3,16.9588452323143,13.3723786576293,6.47321525515568
13,2039,Asymmetric ET-NMPC,55,5.4,17.3510335184789,13.667031732171,6.57000323921572
13,2039,Asymmetric ET-NMPC,56,5.5,17.7385732605707,13.967564302536,6.66743589518464
13,2039,Asymmetric ET-NMPC,57,5.6,18.1285472618037,14.2593767537893,6.7804216095733
13,2039,Asymmetric ET-NMPC,58,5.7,18.5164841031845,14.5489192795741,6.90560201084135
13,2039,Asymmetric ET-NMPC,59,5.8,18.9050252694492,14.8392173771284,7.02710417820473
13,2039,Asymmetric ET-NMPC,60,5.9,19.2975267205443,15.119783143527,7.15834998428423
13,2039,Asymmetric ET-NMPC,61,6,19.6933206620356,15.3882482430873,7.30420486489107
13,2039,Asymmetric ET-NMPC,62,6.1,20.0990232001733,15.6486224371921,7.43691028901876
13,2039,Asymmetric ET-NMPC,63,6.2,20.5099333027395,15.892211027479,7.58461772380492
13,2039,Asymmetric ET-NMPC,64,6.3,20.9313751123777,16.1312897508618,7.70802017562231
13,2039,Asymmetric ET-NMPC,65,6.4,21.3575914483161,16.3529727227052,7.84657087022143
13,2039,Asymmetric ET-NMPC,66,6.5,21.7876117106269,16.5647250930187,7.98885055137347
13,2039,Asymmetric ET-NMPC,67,6.6,22.2167085402023,16.7751441304454,8.13581904982379
13,2039,Asymmetric ET-NMPC,68,6.7,22.6514848465933,16.96320778351,8.2958241303589
13,2039,Asymmetric ET-NMPC,69,6.8,23.0826046572002,17.1621756589308,8.45250052760112
13,2039,Asymmetric ET-NMPC,70,6.9,23.5186875573741,17.3388174710829,8.62170269772778
13,2039,Asymmetric ET-NMPC,71,7,23.9410414469147,17.5260719128156,8.81289099768694
13,2039,Asymmetric ET-NMPC,72,7.1,24.3547986441114,17.6930027613123,9.02440289080096
13,2039,Asymmetric ET-NMPC,73,7.2,24.7442854117167,17.8774427657364,9.23382296505088
13,2039,Asymmetric ET-NMPC,74,7.3,25.1141960447845,18.050326366311,9.46281915961716
13,2039,Asymmetric ET-NMPC,75,7.4,25.466786173434,18.2405304785308,9.70913586234704
13,2039,Asymmetric ET-NMPC,76,7.5,25.8020557944931,18.4480551018246,9.97277307063955
13,2039,Asymmetric ET-NMPC,77,7.6,26.1224342712844,18.6750796700731,10.253673128325
13,2039,Asymmetric ET-NMPC,78,7.7,26.4419800922244,18.9208729850325,10.549436741099
13,2039,Asymmetric ET-NMPC,79,7.8,26.7721533816688,19.1787591314333,10.8223475954671
13,2039,Asymmetric ET-NMPC,80,7.9,27.1117146000596,19.4476833775283,11.0721033337941
13,2039,Asymmetric ET-NMPC,81,8,27.4485571908595,19.7178553071083,11.3241830781016
13,2039,Asymmetric ET-NMPC,82,8.1,27.7828162081942,19.9891905762731,11.5784429472075
13,2039,Asymmetric ET-NMPC,83,8.2,28.1146212911993,20.2616110312305,11.8347483950871
13,2039,Asymmetric ET-NMPC,84,8.3,28.4440966997717,20.5350442161119,12.092973584702
13,2039,Asymmetric ET-NMPC,85,8.4,28.7713613948317,20.809422935161,12.3530007715505
13,2039,Asymmetric ET-NMPC,86,8.5,29.0965291017734,21.0846848094609,12.614719824963
13,2039,Asymmetric ET-NMPC,87,8.6,29.4300628935219,21.3697830176978,12.8544576430517
13,2039,Asymmetric ET-NMPC,88,8.7,29.771471173694,21.6640597429575,13.0708868351687
13,2039,Asymmetric ET-NMPC,89,8.8,30.1196213172431,21.9664682249721,13.2641239629478
13,2039,Asymmetric ET-NMPC,90,8.9,30.4734367042514,22.2760007506289,13.434430414607
13,2039,Asymmetric ET-NMPC,91,9,30.8281058744914,22.5965716987336,13.5808682748498
13,2039,Asymmetric ET-NMPC,92,9.1,31.1773741527278,22.9325179092926,13.7039609774313
13,2039,Asymmetric ET-NMPC,93,9.2,31.5131707875703,23.2878791105056,13.8086463952359
13,2039,Asymmetric ET-NMPC,94,9.3,31.8316469126138,23.6605608313688,13.8960113182626
13,2039,Asymmetric ET-NMPC,95,9.4,32.1289705483841,24.0539531316155,13.9787225854452
13,2039,Asymmetric ET-NMPC,96,9.5,32.4025815249075,24.4647057403693,14.058843293928
13,2039,Asymmetric ET-NMPC,97,9.6,32.6523947928325,24.8914265224347,14.1330235158349
13,2039,Asymmetric ET-NMPC,98,9.7,32.8783559442199,25.3325029290392,14.1993044452227
13,2039,Asymmetric ET-NMPC,99,9.8,33.0830859130179,25.7858345436492,14.2500596131479
13,2039,Asymmetric ET-NMPC,100,9.9,33.2653956082646,26.2499300267488,14.287188545069
13,2039,Asymmetric ET-NMPC,101,10,33.4266028185646,26.7227737069321,14.3079512389695
13,2039,Asymmetric ET-NMPC,102,10.1,33.569173720201,27.2020135790634,14.3095892152164
13,2039,Asymmetric ET-NMPC,103,10.2,33.720354139841,27.6782193075138,14.2902867566038
13,2039,Asymmetric ET-NMPC,104,10.3,33.8832740659094,28.1495361510218,14.253988950671
13,2039,Asymmetric ET-NMPC,105,10.4,34.0557635394625,28.6160090049082,14.2025063506934
13,2039,Asymmetric ET-NMPC,106,10.5,34.236800270809,29.0774408333326,14.1368834155238
13,2039,Asymmetric ET-NMPC,107,10.6,34.4257791333361,29.5335576356892,14.0578615696463
13,2039,Asymmetric ET-NMPC,108,10.7,34.6221268413763,29.9841568208967,13.9661666851775
13,2039,Asymmetric ET-NMPC,109,10.8,34.8253028143823,30.4290991608355,13.8625045507077
13,2039,Asymmetric ET-NMPC,110,10.9,35.0347993914067,30.8683010934366,13.7475574036595
13,2039,Asymmetric ET-NMPC,111,11,35.2501415961995,31.3017275153761,13.6219816432607
13,2039,Asymmetric ET-NMPC,112,11.1,35.4714663262434,31.7297154100876,13.4884087199139
13,2039,Asymmetric ET-NMPC,113,11.2,35.6992163222168,32.1529726740744,13.3506290849292
13,2039,Asymmetric ET-NMPC,114,11.3,35.9337267500106,32.5723090875125,13.2122028171154
13,2039,Asymmetric ET-NMPC,115,11.4,36.1751722427039,32.9884978509365,13.0762212475642
13,2039,Asymmetric ET-NMPC,116,11.5,36.4235587731744,33.4021806915304,12.945184463114
13,2039,Asymmetric ET-NMPC,117,11.6,36.6787469034301,33.8138293695097,12.8209895191971
13,2039,Asymmetric ET-NMPC,118,11.7,36.9404881160435,34.2237514159794,12.7049918750929
13,2039,Asymmetric ET-NMPC,119,11.8,37.2052363653093,34.634336690173,12.5985583412512
13,2039,Asymmetric ET-NMPC,120,11.9,37.4675899467375,35.049045873978,12.5027100695943
13,2039,Asymmetric ET-NMPC,121,12,37.7235132604787,35.4700851348494,12.4176853773658
13,2039,Asymmetric ET-NMPC,122,12.1,37.9710376104617,35.898048869155,12.3429944255396
13,2039,Asymmetric ET-NMPC,123,12.2,38.2131440559441,36.3304336271089,12.2764520319467
13,2039,Asymmetric ET-NMPC,124,12.3,38.4482812204348,36.7593471922094,12.2174571847848
13,2039,Asymmetric ET-NMPC,125,12.4,38.6716912347036,37.1734240068718,12.166245105982
13,2039,Asymmetric ET-NMPC,126,12.5,38.879975220274,37.5656326516613,12.1226938690402
13,2039,Asymmetric ET-NMPC,127,12.6,39.0723856577983,37.9332652746808,12.0857796213548
13,2039,Asymmetric ET-NMPC,128,12.7,39.2489472537465,38.2760690087724,12.0545522441002
13,2039,Asymmetric ET-NMPC,129,12.8,39.4088026437774,38.5945160647391,12.0285836608684
13,2039,Asymmetric ET-NMPC,130,12.9,39.5515027675339,38.88882802093,12.0074310716011
13,2039,Asymmetric ET-NMPC,131,13,39.6769126713634,39.1590134674815,11.9906327707361
13,2039,Asymmetric ET-NMPC,132,13.1,39.7852024314146,39.4048729498749,11.9777265316379
13,2039,Asymmetric ET-NMPC,133,13.2,39.8810469870794,39.6235047079001,11.9667614039512
13,2039,Symmetric-energy ET-NMPC,1,0,0,0,3
13,2039,Symmetric-energy ET-NMPC,2,0.1,0,0,3
13,2039,Symmetric-energy ET-NMPC,3,0.2,0.0209497155622598,0.0209497155622598,3.00471368600151
13,2039,Symmetric-energy ET-NMPC,4,0.3,0.0628491466867795,0.0628491466867795,3.01414105800453
13,2039,Symmetric-energy ET-NMPC,5,0.4,0.125698293373559,0.125698293373559,3.02828211600905
13,2039,Symmetric-energy ET-NMPC,6,0.5,0.209497155622598,0.209497155622598,3.04713686001508
13,2039,Symmetric-energy ET-NMPC,7,0.6,0.314245733433897,0.314245733433897,3.07070529002263
13,2039,Symmetric-energy ET-NMPC,8,0.7,0.439944026807456,0.439944026807456,3.09898740603168
13,2039,Symmetric-energy ET-NMPC,9,0.8,0.586592035743275,0.586592035743275,3.13198320804224
13,2039,Symmetric-energy ET-NMPC,10,0.9,0.754189760241354,0.754189760241354,3.16969269605431
13,2039,Symmetric-energy ET-NMPC,11,1,0.942737200301692,0.942737200301692,3.21211587006788
13,2039,Symmetric-energy ET-NMPC,12,1.1,1.15223435592429,1.15223435592429,3.25925273008297
13,2039,Symmetric-energy ET-NMPC,13,1.2,1.38268122710915,1.38268122710915,3.31110327609956
13,2039,Symmetric-energy ET-NMPC,14,1.3,1.63407781385627,1.63407781385627,3.36766750811766
13,2039,Symmetric-energy ET-NMPC,15,1.4,1.90642411616564,1.90642411616564,3.42894542613727
13,2039,Symmetric-energy ET-NMPC,16,1.5,2.19972013403728,2.19972013403728,3.49493703015839
13,2039,Symmetric-energy ET-NMPC,17,1.6,2.5104742482108,2.5104742482108,3.56485670584743
13,2039,Symmetric-energy ET-NMPC,18,1.7,2.83432193461074,2.83432193461074,3.63772243528742
13,2039,Symmetric-energy ET-NMPC,19,1.8,3.16798980018048,3.16798980018048,3.71279770504061
13,2039,Symmetric-energy ET-NMPC,20,1.9,3.50902280012758,3.50902280012758,3.78953013002871
13,2039,Symmetric-energy ET-NMPC,21,2,3.85557965085769,3.85557965085769,3.86750542144298
13,2039,Symmetric-energy ET-NMPC,22,2.1,4.20474157689536,4.20474157689536,3.94606685480146
13,2039,Symmetric-energy ET-NMPC,23,2.2,4.55390350293302,4.55390350293302,4.02462828815993
13,2039,Symmetric-energy ET-NMPC,24,2.3,4.90306542897069,4.90306542897069,4.1031897215184
13,2039,Symmetric-energy ET-NMPC,25,2.4,5.25222735500835,5.25222735500835,4.18175115487688
13,2039,Symmetric-energy ET-NMPC,26,2.5,5.60138928104601,5.60138928104601,4.26031258823535
13,2039,Symmetric-energy ET-NMPC,27,2.6,5.95055120708368,5.95055120708368,4.33887402159383
13,2039,Symmetric-energy ET-NMPC,28,2.7,6.29971313312134,6.29971313312134,4.4174354549523
13,2039,Symmetric-energy ET-NMPC,29,2.8,6.64887505915901,6.64887505915901,4.49599688831078
13,2039,Symmetric-energy ET-NMPC,30,2.9,6.99803698519667,6.99803698519667,4.57455832166925
13,2039,Symmetric-energy ET-NMPC,31,3,7.36534499566855,7.32560141661329,4.66279872462556
13,2039,Symmetric-energy ET-NMPC,32,3.1,7.74975735830093,7.6304402319265,4.75923747271902
13,2039,Symmetric-energy ET-NMPC,33,3.2,8.15034030656599,7.91157020570034,4.86170326898877
13,2039,Symmetric-energy ET-NMPC,34,3.3,8.56544395822878,8.16840470898053,4.96998529104706
13,2039,Symmetric-energy ET-NMPC,35,3.4,8.99468864256252,8.40034877303435,5.07930570140774
13,2039,Symmetric-energy ET-NMPC,36,3.5,9.42703740634046,8.63530171122471,5.16802809596181
13,2039,Symmetric-energy ET-NMPC,37,3.6,9.85634719849969,8.87776625794452,5.25111868471981
13,2039,Symmetric-energy ET-NMPC,38,3.7,10.2830271913387,9.12741593013731,5.32608017406558
13,2039,Symmetric-energy ET-NMPC,39,3.8,10.7055254590825,9.38247954864001,5.40631585359654
13,2039,Symmetric-energy ET-NMPC,40,3.9,11.1303267497976,9.63854603620854,5.46935407494769
13,2039,Symmetric-energy ET-NMPC,41,4,11.5574193409745,9.89517823663151,5.51096936381957
13,2039,Symmetric-energy ET-NMPC,42,4.1,11.9822116885652,10.1543396051612,5.55982472678213
13,2039,Symmetric-energy ET-NMPC,43,4.2,12.4039181243445,10.4162737875048,5.61944155445897
13,2039,Symmetric-energy ET-NMPC,44,4.3,12.8233969505847,10.6805204395431,5.68433547730826
13,2039,Symmetric-energy ET-NMPC,45,4.4,13.2422159423727,10.9434015146845,5.75839081101317
13,2039,Symmetric-energy ET-NMPC,46,4.5,13.6600105199773,11.2030633612441,5.84796433592686
13,2039,Symmetric-energy ET-NMPC,47,4.6,14.0753677646606,11.4687909057543,5.93083309588914
13,2039,Symmetric-energy ET-NMPC,48,4.7,14.5003689043183,11.7252334563253,5.99092676898611
13,2039,Symmetric-energy ET-NMPC,49,4.8,14.9209843686483,11.9858541836764,6.06275620335238
13,2039,Symmetric-energy ET-NMPC,50,4.9,15.3385567505063,12.252214071524,6.13120849371087
13,2039,Symmetric-energy ET-NMPC,51,5,15.7520457466036,12.5225386803587,6.20835417385401
13,2039,Symmetric-energy ET-NMPC,52,5.1,16.1602657302904,12.7984363069502,6.2934244069558
13,2039,Symmetric-energy ET-NMPC,53,5.2,16.5622890484437,13.080987319708,6.38584830457161
13,2039,Symmetric-energy ET-NMPC,54,5.3,16.9583066747713,13.3713033805734,6.48011719891905
13,2039,Symmetric-energy ET-NMPC,55,5.4,17.3505244088753,13.6659368782892,6.57684543201615
13,2039,Symmetric-energy ET-NMPC,56,5.5,17.7380996115548,13.9664581622614,6.67417179097202
13,2039,Symmetric-energy ET-NMPC,57,5.6,18.1281129462512,14.2582564817552,6.78705819183433
13,2039,Symmetric-energy ET-NMPC,58,5.7,18.5161049896637,14.5477600837818,6.9121575070288
13,2039,Symmetric-energy ET-NMPC,59,5.8,18.9046870643843,14.8380027779725,7.03366120933789
13,2039,Symmetric-energy ET-NMPC,60,5.9,19.2972373330456,15.1184585898456,7.16499598828279
13,2039,Symmetric-energy ET-NMPC,61,6,19.693070408334,15.3868212343062,7.31093319246964
13,2039,Symmetric-energy ET-NMPC,62,6.1,20.0988163693933,15.6469278621918,7.44402998887769
13,2039,Symmetric-energy ET-NMPC,63,6.2,20.5097172154403,15.8903075832855,7.59210701639436
13,2039,Symmetric-energy ET-NMPC,64,6.3,20.9310918398371,16.1293228808571,7.71586126254869
13,2039,Symmetric-energy ET-NMPC,65,6.4,21.3571903949338,16.3510192399604,7.85475239151254
13,2039,Symmetric-energy ET-NMPC,66,6.5,21.7868597726019,16.5630217839587,7.9977179371258
13,2039,Symmetric-energy ET-NMPC,67,6.6,22.2155307567794,16.7737813210639,8.14543931284204
13,2039,Symmetric-energy ET-NMPC,68,6.7,22.6498224872875,16.9623064493085,8.30621545794017
13,2039,Symmetric-energy ET-NMPC,69,6.8,23.0805121104863,17.1615392740039,8.46373602812972
13,2039,Symmetric-energy ET-NMPC,70,6.9,23.5161724237892,17.3384370070934,8.63375744866422
13,2039,Symmetric-energy ET-NMPC,71,7,23.9381338009423,17.525825488785,8.82567970667614
13,2039,Symmetric-energy ET-NMPC,72,7.1,24.3518320312415,17.6928213197497,9.0379946153348
13,2039,Symmetric-energy ET-NMPC,73,7.2,24.7412860342426,17.8772974097148,9.24772921625981
13,2039,Symmetric-energy ET-NMPC,74,7.3,25.1109826700879,18.0508513437818,9.47722116907226
13,2039,Symmetric-energy ET-NMPC,75,7.4,25.4633588097191,18.2417257936304,9.72403363411619
13,2039,Symmetric-energy ET-NMPC,76,7.5,25.7984144418072,18.4499207546393,9.98816660468372
13,2039,Symmetric-energy ET-NMPC,77,7.6,26.1196150476122,18.6784034488621,10.2695171862277
13,2039,Symmetric-energy ET-NMPC,78,7.7,26.4409443071269,18.9251447502618,10.5625465997059
13,2039,Symmetric-energy ET-NMPC,79,7.8,26.7724615348131,19.1842955677305,10.8326154456555
13,2039,Symmetric-energy ET-NMPC,80,7.9,27.1132131643835,19.454358251287,11.0795050442525
13,2039,Symmetric-energy ET-NMPC,81,8,27.4511905320788,19.7256136897462,11.3288878544702
13,2039,Symmetric-energy ET-NMPC,82,8.1,27.786530457242,19.9979796197771,11.5806097938199
13,2039,Symmetric-energy ET-NMPC,83,8.2,28.119364409631,20.2713799595679,11.8345267376014
13,2039,Symmetric-energy ET-NMPC,84,8.3,28.449818521754,20.5457443062097,12.0905038558617
13,2039,Symmetric-energy ET-NMPC,85,8.4,28.7780136495767,20.8210074892462,12.3484149609697
13,2039,Symmetric-energy ET-NMPC,86,8.5,29.1040654176922,21.0971091181588,12.608142000418
13,2039,Symmetric-energy ET-NMPC,87,8.6,29.4383240225417,21.3829212250975,12.8460130255794
13,2039,Symmetric-energy ET-NMPC,88,8.7,29.7803634394777,21.6778286859807,13.060579161718
13,2039,Symmetric-energy ET-NMPC,89,8.8,30.1290550075563,21.9807875309641,13.2519691525671
13,2039,Symmetric-energy ET-NMPC,90,8.9,30.4833269445142,22.2907937226504,13.4204552226153
13,2039,Symmetric-energy ET-NMPC,91,9,30.8381761580566,22.6119948175922,13.5650646699434
13,2039,Symmetric-energy ET-NMPC,92,9.1,31.187339089228,22.9486888509637,13.6864004659307
13,2039,Symmetric-energy ET-NMPC,93,9.2,31.5219849990434,23.3052640260141,13.790641818481
13,2039,Symmetric-energy ET-NMPC,94,9.3,31.8393103977518,23.6791597216431,13.8775626784898
13,2039,Symmetric-energy ET-NMPC,95,9.4,32.1351212889831,24.0735472256096,13.9609558037704
13,2039,Symmetric-energy ET-NMPC,96,9.5,32.4071318947594,24.4851665363148,14.0420716061747
13,2039,Symmetric-energy ET-NMPC,97,9.6,32.6552956964552,24.9126617150221,14.1173218534163
13,2039,Symmetric-energy ET-NMPC,98,9.7,32.8795394196048,25.3544249624015,14.1848495210264
13,2039,Symmetric-energy ET-NMPC,99,9.8,33.082599169786,25.8083779376003,14.2367478270152
13,2039,Symmetric-energy ET-NMPC,100,9.9,33.2632744196035,26.2730263086895,14.2749361151082
13,2039,Symmetric-energy ET-NMPC,101,10,33.4229274243907,26.7463555526723,14.2966235504828
13,2039,Symmetric-energy ET-NMPC,102,10.1,33.5659950222174,27.2254480705831,14.2980454274063
13,2039,Symmetric-energy ET-NMPC,103,10.2,33.7193559519153,27.7009826552116,14.2794098682668
13,2039,Symmetric-energy ET-NMPC,104,10.3,33.8841611338483,28.1717030707237,14.2438916697186
13,2039,Symmetric-energy ET-NMPC,105,10.4,34.0582802003154,28.6376657279381,14.1932818606462
13,2039,Symmetric-energy ET-NMPC,106,10.5,34.2408683648765,29.098603777577,14.1284923818915
13,2039,Symmetric-energy ET-NMPC,107,10.6,34.4313226232525,29.5542437231904,14.0502656893386
13,2039,Symmetric-energy ET-NMPC,108,10.7,34.6290720315237,30.004383309079,13.9593287620509
13,2039,Symmetric-energy ET-NMPC,109,10.8,34.833578514623,30.4488834908967,13.8563885525391
13,2039,Symmetric-energy ET-NMPC,110,10.9,35.0443370327399,30.8876607562673,13.7421285051248
13,2039,Symmetric-energy ET-NMPC,111,11,35.2608752926166,31.3206799287087,13.6172062160499
13,2039,Symmetric-energy ET-NMPC,112,11.1,35.4833294520532,31.7482749428374,13.4842526495629
13,2039,Symmetric-energy ET-NMPC,113,11.2,35.7121397933933,32.1711481837778,13.3470518850156
13,2039,Symmetric-energy ET-NMPC,114,11.3,35.9476410222968,32.5901042376518,13.2091570116255
13,2039,Symmetric-energy ET-NMPC,115,11.4,36.1900091867654,33.0059121178311,13.0736524743106
13,2039,Symmetric-energy ET-NMPC,116,11.5,36.4392531338001,33.4192108283153,12.9430322967778
13,2039,Symmetric-energy ET-NMPC,117,11.6,36.6952370331518,33.830470651849,12.8191872289725
13,2039,Symmetric-energy ET-NMPC,118,11.7,36.9577162610155,34.2399987636644,12.703466096188
13,2039,Symmetric-energy ET-NMPC,119,11.8,37.2227546390453,34.6504565033215,12.5972629788751
13,2039,Symmetric-energy ET-NMPC,120,11.9,37.485013409118,35.065255619981,12.501544483596
13,2039,Symmetric-energy ET-NMPC,121,12,37.7405111806498,35.4865528764546,12.4165179557941
13,2039,Symmetric-energy ET-NMPC,122,12.1,37.987582613236,35.914735863841,12.3415844084824
13,2039,Symmetric-energy ET-NMPC,123,12.2,38.2292009462897,36.3473240760158,12.2745917236602
13,2039,Symmetric-energy ET-NMPC,124,12.3,38.4635243534728,36.7758781628353,12.2150339380418
13,2039,Symmetric-energy ET-NMPC,125,12.4,38.6858875432144,37.1892438765438,12.1631343395191
13,2039,Symmetric-energy ET-NMPC,126,12.5,38.8929681667611,37.5804938528292,12.1187746466886
13,2039,Symmetric-energy ET-NMPC,127,12.6,39.0841617316415,37.9471447132124,12.0809329952634
13,2039,Symmetric-energy ET-NMPC,128,12.7,39.2594708113171,38.288978044948,12.048728133847
13,2039,Symmetric-energy ET-NMPC,129,12.8,39.4180655740283,38.6064572709133,12.0217681881155
13,2039,Symmetric-energy ET-NMPC,130,12.9,39.5595214483308,38.8997966111542,11.9996584404553
13,2039,Symmetric-energy ET-NMPC,131,13,39.6837264752983,39.1689975895568,11.9819925373
13,2039,Symmetric-energy ET-NMPC,132,13.1,39.790869180759,39.4138556555611,11.9683639353194
13,2039,Symmetric-energy ET-NMPC,133,13.2,39.8856362839552,39.6314685958703,11.9568678422938
14,2040,Asymmetric ET-NMPC,1,0,0,0,3
14,2040,Asymmetric ET-NMPC,2,0.1,0,0,3
14,2040,Asymmetric ET-NMPC,3,0.2,0.0209497155622598,0.0209497155622598,3.00471368600151
14,2040,Asymmetric ET-NMPC,4,0.3,0.0628491466867795,0.0628491466867795,3.01414105800453
14,2040,Asymmetric ET-NMPC,5,0.4,0.125698293373559,0.125698293373559,3.02828211600905
14,2040,Asymmetric ET-NMPC,6,0.5,0.209497155622598,0.209497155622598,3.04713686001508
14,2040,Asymmetric ET-NMPC,7,0.6,0.314245733433897,0.314245733433897,3.07070529002263
14,2040,Asymmetric ET-NMPC,8,0.7,0.439944026807456,0.439944026807456,3.09898740603168
14,2040,Asymmetric ET-NMPC,9,0.8,0.586592035743275,0.586592035743275,3.13198320804224
14,2040,Asymmetric ET-NMPC,10,0.9,0.754189760241354,0.754189760241354,3.16969269605431
14,2040,Asymmetric ET-NMPC,11,1,0.942737200301692,0.942737200301692,3.21211587006788
14,2040,Asymmetric ET-NMPC,12,1.1,1.15223435592429,1.15223435592429,3.25925273008297
14,2040,Asymmetric ET-NMPC,13,1.2,1.38268122710915,1.38268122710915,3.31110327609956
14,2040,Asymmetric ET-NMPC,14,1.3,1.63407781385627,1.63407781385627,3.36766750811766
14,2040,Asymmetric ET-NMPC,15,1.4,1.90642411616564,1.90642411616564,3.42894542613727
14,2040,Asymmetric ET-NMPC,16,1.5,2.19972013403728,2.19972013403728,3.49493703015839
14,2040,Asymmetric ET-NMPC,17,1.6,2.5104742482108,2.5104742482108,3.56485670584743
14,2040,Asymmetric ET-NMPC,18,1.7,2.83432193461074,2.83432193461074,3.63772243528742
14,2040,Asymmetric ET-NMPC,19,1.8,3.16798980018048,3.16798980018048,3.71279770504061
14,2040,Asymmetric ET-NMPC,20,1.9,3.50902280012758,3.50902280012758,3.78953013002871
14,2040,Asymmetric ET-NMPC,21,2,3.85557965085769,3.85557965085769,3.86750542144298
14,2040,Asymmetric ET-NMPC,22,2.1,4.20474157689536,4.20474157689536,3.94606685480146
14,2040,Asymmetric ET-NMPC,23,2.2,4.55390350293302,4.55390350293302,4.02462828815993
14,2040,Asymmetric ET-NMPC,24,2.3,4.90306542897069,4.90306542897069,4.1031897215184
14,2040,Asymmetric ET-NMPC,25,2.4,5.25222735500835,5.25222735500835,4.18175115487688
14,2040,Asymmetric ET-NMPC,26,2.5,5.60138928104601,5.60138928104601,4.26031258823535
14,2040,Asymmetric ET-NMPC,27,2.6,5.95055120708368,5.95055120708368,4.33887402159383
14,2040,Asymmetric ET-NMPC,28,2.7,6.29971313312134,6.29971313312134,4.4174354549523
14,2040,Asymmetric ET-NMPC,29,2.8,6.64887505915901,6.64887505915901,4.49599688831078
14,2040,Asymmetric ET-NMPC,30,2.9,7.01599812002823,6.97651734115706,4.58471663371797
14,2040,Asymmetric ET-NMPC,31,3,7.39993525440581,7.28154809644515,4.68243313782199
14,2040,Asymmetric ET-NMPC,32,3.1,7.79963621339556,7.56300190532524,4.78742312234226
14,2040,Asymmetric ET-NMPC,33,3.2,8.21459089868507,7.82032097697519,4.89512411825915
14,2040,Asymmetric ET-NMPC,34,3.3,8.64016009275391,8.05800468652056,5.00646735009815
14,2040,Asymmetric ET-NMPC,35,3.4,9.06214370996905,8.30238631981403,5.11695465303761
14,2040,Asymmetric ET-NMPC,36,3.5,9.47919443924186,8.55121672131192,5.23591733837808
14,2040,Asymmetric ET-NMPC,37,3.6,9.89302112609743,8.80608118579328,5.35335488770016
14,2040,Asymmetric ET-NMPC,38,3.7,10.3047126375118,9.06734102314899,5.46404994998498
14,2040,Asymmetric ET-NMPC,39,3.8,10.7128494479215,9.33337647287255,5.57651987253749
14,2040,Asymmetric ET-NMPC,40,3.9,11.1192601330651,9.60525159095782,5.68099128090941
14,2040,Asymmetric ET-NMPC,41,4,11.5242209523226,9.88274107439076,5.77589292183534
14,2040,Asymmetric ET-NMPC,42,4.1,11.9290650294764,10.1594543425467,5.87351996941888
14,2040,Asymmetric ET-NMPC,43,4.2,12.3338064534005,10.4362754854176,5.97126675770162
14,2040,Asymmetric ET-NMPC,44,4.3,12.7455801090392,10.7016993343437,6.07122993563853
14,2040,Asymmetric ET-NMPC,45,4.4,13.1623164966763,10.9652664097559,6.15407424731876
14,2040,Asymmetric ET-NMPC,46,4.5,13.5771361609526,11.2294839521402,6.24415052847034
14,2040,Asymmetric ET-NMPC,47,4.6,13.9891992339537,11.4992179312524,6.33045003241543
14,2040,Asymmetric ET-NMPC,48,4.7,14.3986420018518,11.7741588442923,6.41269426718447
14,2040,Asymmetric ET-NMPC,49,4.8,14.8044725752449,12.0528742533346,6.49998267684934
14,2040,Asymmetric ET-NMPC,50,4.9,15.2078168804158,12.3361481067748,6.58406177914786
14,2040,Asymmetric ET-NMPC,51,5,15.6065958309404,12.623622773482,6.6753506865798
14,2040,Asymmetric ET-NMPC,52,5.1,15.9980943151712,12.9196601013055,6.77069656944896
14,2040,Asymmetric ET-NMPC,53,5.2,16.3864205354504,13.2177629276501,6.87236982831798
14,2040,Asymmetric ET-NMPC,54,5.3,16.7705869628504,13.5171378497419,6.98546630077073
14,2040,Asymmetric ET-NMPC,55,5.4,17.1502409437558,13.8242496996576,7.0929147368879
14,2040,Asymmetric ET-NMPC,56,5.5,17.5122677779344,14.144921505233,7.21982480127857
14,2040,Asymmetric ET-NMPC,57,5.6,17.8856450428259,14.4456157606498,7.36185431518855
14,2040,Asymmetric ET-NMPC,58,5.7,18.269986214996,14.7243790578494,7.51861173131058
14,2040,Asymmetric ET-NMPC,59,5.8,18.6370068790707,14.9858218469477,7.65804863940246
14,2040,Asymmetric ET-NMPC,60,5.9,19.0213480726381,15.2299441210918,7.81480602727446
14,2040,Asymmetric ET-NMPC,61,6,19.4230097742856,15.456745887202,7.9888839232596
14,2040,Asymmetric ET-NMPC,62,6.1,19.837002924482,15.6637327364242,8.17800323966987
14,2040,Asymmetric ET-NMPC,63,6.2,20.2336755666569,15.8533990775447,8.38444306418394
14,2040,Asymmetric ET-NMPC,64,6.3,20.6467098541759,16.0253457361566,8.60768513890527
14,2040,Asymmetric ET-NMPC,65,6.4,21.0631507183063,16.1749726214211,8.84047002219524
14,2040,Asymmetric ET-NMPC,66,6.5,21.4724532347281,16.3039955816405,9.09385884357292
14,2040,Asymmetric ET-NMPC,67,6.6,21.862069806164,16.4243643988694,9.36816582402626
14,2040,Asymmetric ET-NMPC,68,6.7,22.26852091098,16.5618892946663,9.624845395535
14,2040,Asymmetric ET-NMPC,69,6.8,22.6836896462956,16.7129836131589,9.85895098738549
14,2040,Asymmetric ET-NMPC,70,6.9,23.108314389676,16.8395891675777,10.0906077612978
14,2040,Asymmetric ET-NMPC,71,7,23.537308766197,16.9868688517541,10.3010181211717
14,2040,Asymmetric ET-NMPC,72,7.1,23.9611662994059,17.1611684834089,10.5009291762614
14,2040,Asymmetric ET-NMPC,73,7.2,24.3705635915387,17.3540544136333,10.6822539209722
14,2040,Asymmetric ET-NMPC,74,7.3,24.7626403628957,17.5642608280856,10.8462581464595
14,2040,Asymmetric ET-NMPC,75,7.4,25.1358651035337,17.7882223129137,10.9914103434956
14,2040,Asymmetric ET-NMPC,76,7.5,25.4917693342814,17.9948632931581,11.1538830502849
14,2040,Asymmetric ET-NMPC,77,7.6,25.8303530406998,18.2188247985913,11.3336762317831
14,2040,Asymmetric ET-NMPC,78,7.7,26.1516162388066,18.4254657963694,11.5307899215418
14,2040,Asymmetric ET-NMPC,79,7.8,26.4555589286502,18.6147862864123,11.7452241195292
14,2040,Asymmetric ET-NMPC,80,7.9,26.742181110242,18.7867862687045,11.9769788257411
14,2040,Asymmetric ET-NMPC,81,8,27.0114827836523,18.9414657431225,12.2260540401243
14,2040,Asymmetric ET-NMPC,82,8.1,27.2634639488646,19.0788247097107,12.4924497627069
14,2040,Asymmetric ET-NMPC,83,8.2,27.49666329049,19.2301295072272,12.7776273090154
14,2040,Asymmetric ET-NMPC,84,8.3,27.7257045791178,19.4024427622018,13.0838133133944
14,2040,Asymmetric ET-NMPC,85,8.4,27.9720663756645,19.592076525265,13.407319825993
14,2040,Asymmetric ET-NMPC,86,8.5,28.2357486802686,19.79903079646,13.7481468466296
14,2040,Asymmetric ET-NMPC,87,8.6,28.5167514936268,20.0233055765136,14.071653360652
14,2040,Asymmetric ET-NMPC,88,8.7,28.8150748150252,20.264900864805,14.3778393667252
14,2040,Asymmetric ET-NMPC,89,8.8,29.1306481577716,20.5237588427595,14.6666403580621
14,2040,Asymmetric ET-NMPC,90,8.9,29.4565798130746,20.7941612879398,14.9324430550236
14,2040,Asymmetric ET-NMPC,91,9,29.7916554096179,21.0750304292418,15.1750061809627
14,2040,Asymmetric ET-NMPC,92,9.1,30.1346880609273,21.3652969358282,15.3942639180892
14,2040,Asymmetric ET-NMPC,93,9.2,30.4845337472431,21.6639150765667,15.590312896123
14,2040,Asymmetric ET-NMPC,94,9.3,30.8401039317465,21.9698756078147,15.7633966828006
14,2040,Asymmetric ET-NMPC,95,9.4,31.2003753435422,22.2822162465925,15.9138886600307
14,2040,Asymmetric ET-NMPC,96,9.5,31.564397010004,22.6000297244203,16.0422740940072
14,2040,Asymmetric ET-NMPC,97,9.6,31.9312947292127,22.9224695294425,16.1491321109111
14,2040,Asymmetric ET-NMPC,98,9.7,32.3002732489333,23.2487535264681,16.235118186934
14,2040,Asymmetric ET-NMPC,99,9.8,32.6706164809995,23.5781657032618,16.3009475743139
14,2040,Asymmetric ET-NMPC,100,9.9,33.0416860784908,23.9100563224337,16.347380006119
14,2040,Asymmetric ET-NMPC,101,10,33.4129187153982,24.243840758618,16.3752058835708
14,2040,Asymmetric ET-NMPC,102,10.1,33.7838223951957,24.5789972832923,16.3852340579272
14,2040,Asymmetric ET-NMPC,103,10.2,34.1539720528148,24.91506407598,16.3782812299363
14,2040,Asymmetric ET-NMPC,104,10.3,34.5230047021171,25.2516356844671,16.3551629231367
14,2040,Asymmetric ET-NMPC,105,10.4,34.8906143450673,25.5883591212156,16.316685948798
14,2040,Asymmetric ET-NMPC,106,10.5,35.2565468194828,25.924929755518,16.2636422659178
14,2040,Asymmetric ET-NMPC,107,10.6,35.6205946828256,26.2610871712247,16.1968040653066
14,2040,Asymmetric ET-NMPC,108,10.7,35.9811550333001,26.5979216051234,16.1159412320282
14,2040,Asymmetric ET-NMPC,109,10.8,36.3347747753965,26.9380945869244,16.019840137069
14,2040,Asymmetric ET-NMPC,110,10.9,36.6777687336583,27.284167470238,15.9076407429936
14,2040,Asymmetric ET-NMPC,111,11,37.0052145855241,27.6393751145355,15.7787735884178
14,2040,Asymmetric ET-NMPC,112,11.1,37.3137928655499,28.0059040094467,15.6358190002035
14,2040,Asymmetric ET-NMPC,113,11.2,37.6005338360694,28.3850658341404,15.4808482722563
14,2040,Asymmetric ET-NMPC,114,11.3,37.8638116719306,28.7765920972803,15.315343086791
14,2040,Asymmetric ET-NMPC,115,11.4,38.1024237067554,29.1820673302307,15.1460677716957
14,2040,Asymmetric ET-NMPC,116,11.5,38.3160669668006,29.6003931897639,14.9747200764001
14,2040,Asymmetric ET-NMPC,117,11.6,38.5046263584844,30.030446481228,14.8029658266456
14,2040,Asymmetric ET-NMPC,118,11.7,38.6681553066019,30.4709820290862,14.6321246307916
14,2040,Asymmetric ET-NMPC,119,11.8,38.8069906582614,30.9204212712018,14.4626279854674
14,2040,Asymmetric ET-NMPC,120,11.9,38.9236807040076,31.3769099822776,14.2952915283396
14,2040,Asymmetric ET-NMPC,121,12,39.0221385345037,31.838367518617,14.1298738818519
14,2040,Asymmetric ET-NMPC,122,12.1,39.1069728363392,32.3025636061796,13.9645707254279
14,2040,Asymmetric ET-NMPC,123,12.2,39.1825857641697,32.7678672546153,13.7979117925821
14,2040,Asymmetric ET-NMPC,124,12.3,39.2521068210296,33.2335618402225,13.6296994993654
14,2040,Asymmetric ET-NMPC,125,12.4,39.3176468070825,33.6998048783311,13.4614082647646
14,2040,Asymmetric ET-NMPC,126,12.5,39.3803045062263,34.167543637657,13.2961978965602
14,2040,Asymmetric ET-NMPC,127,12.6,39.4403447220905,34.6378235777676,13.1373522154462
14,2040,Asymmetric ET-NMPC,128,12.7,39.4978918573077,35.1112398202073,12.9871344114995
14,2040,Asymmetric ET-NMPC,129,12.8,39.5528237652545,35.5881384635442,12.8473124909263
14,2040,Asymmetric ET-NMPC,130,12.9,39.6063970392353,36.0675039741693,12.7156363293097
14,2040,Asymmetric ET-NMPC,131,13,39.6578434882152,36.5338689070619,12.5941144792787
14,2040,Asymmetric ET-NMPC,132,13.1,39.7065005915231,36.9775370805969,12.4841852536721
14,2040,Asymmetric ET-NMPC,133,13.2,39.7519364614412,37.3938274776416,12.3860916104295
14,2040,Asymmetric ET-NMPC,134,13.3,39.7939166943236,37.7826235067808,12.2994922399412
14,2040,Asymmetric ET-NMPC,135,13.4,39.832135463406,38.1439499840787,12.2243504046034
14,2040,Asymmetric ET-NMPC,136,13.5,39.8664004373924,38.4777025714376,12.1603462574446
14,2040,Asymmetric ET-NMPC,137,13.6,39.8966259358194,38.7836749089062,12.1069222971099
14,2040,Asymmetric ET-NMPC,138,13.7,39.922843612299,39.0615877559772,12.0633269868283
14,2040,Asymmetric ET-NMPC,139,13.8,39.9451725468655,39.3111225247736,12.0286514500736
14,2040,Asymmetric ET-NMPC,140,13.9,39.9647911099261,39.5311685707684,11.9987789450524
14,2040,Symmetric-energy ET-NMPC,1,0,0,0,3
14,2040,Symmetric-energy ET-NMPC,2,0.1,0,0,3
14,2040,Symmetric-energy ET-NMPC,3,0.2,0.0209497155622598,0.0209497155622598,3.00471368600151
14,2040,Symmetric-energy ET-NMPC,4,0.3,0.0628491466867795,0.0628491466867795,3.01414105800453
14,2040,Symmetric-energy ET-NMPC,5,0.4,0.125698293373559,0.125698293373559,3.02828211600905
14,2040,Symmetric-energy ET-NMPC,6,0.5,0.209497155622598,0.209497155622598,3.04713686001508
14,2040,Symmetric-energy ET-NMPC,7,0.6,0.314245733433897,0.314245733433897,3.07070529002263
14,2040,Symmetric-energy ET-NMPC,8,0.7,0.439944026807456,0.439944026807456,3.09898740603168
14,2040,Symmetric-energy ET-NMPC,9,0.8,0.586592035743275,0.586592035743275,3.13198320804224
14,2040,Symmetric-energy ET-NMPC,10,0.9,0.754189760241354,0.754189760241354,3.16969269605431
14,2040,Symmetric-energy ET-NMPC,11,1,0.942737200301692,0.942737200301692,3.21211587006788
14,2040,Symmetric-energy ET-NMPC,12,1.1,1.15223435592429,1.15223435592429,3.25925273008297
14,2040,Symmetric-energy ET-NMPC,13,1.2,1.38268122710915,1.38268122710915,3.31110327609956
14,2040,Symmetric-energy ET-NMPC,14,1.3,1.63407781385627,1.63407781385627,3.36766750811766
14,2040,Symmetric-energy ET-NMPC,15,1.4,1.90642411616564,1.90642411616564,3.42894542613727
14,2040,Symmetric-energy ET-NMPC,16,1.5,2.19972013403728,2.19972013403728,3.49493703015839
14,2040,Symmetric-energy ET-NMPC,17,1.6,2.5104742482108,2.5104742482108,3.56485670584743
14,2040,Symmetric-energy ET-NMPC,18,1.7,2.83432193461074,2.83432193461074,3.63772243528742
14,2040,Symmetric-energy ET-NMPC,19,1.8,3.16798980018048,3.16798980018048,3.71279770504061
14,2040,Symmetric-energy ET-NMPC,20,1.9,3.50902280012758,3.50902280012758,3.78953013002871
14,2040,Symmetric-energy ET-NMPC,21,2,3.85557965085769,3.85557965085769,3.86750542144298
14,2040,Symmetric-energy ET-NMPC,22,2.1,4.20474157689536,4.20474157689536,3.94606685480146
14,2040,Symmetric-energy ET-NMPC,23,2.2,4.55390350293302,4.55390350293302,4.02462828815993
14,2040,Symmetric-energy ET-NMPC,24,2.3,4.90306542897069,4.90306542897069,4.1031897215184
14,2040,Symmetric-energy ET-NMPC,25,2.4,5.25222735500835,5.25222735500835,4.18175115487688
14,2040,Symmetric-energy ET-NMPC,26,2.5,5.60138928104601,5.60138928104601,4.26031258823535
14,2040,Symmetric-energy ET-NMPC,27,2.6,5.95055120708368,5.95055120708368,4.33887402159383
14,2040,Symmetric-energy ET-NMPC,28,2.7,6.29971313312134,6.29971313312134,4.4174354549523
14,2040,Symmetric-energy ET-NMPC,29,2.8,6.64887505915901,6.64887505915901,4.49599688831078
14,2040,Symmetric-energy ET-NMPC,30,2.9,7.01597748750165,6.97652627213658,4.58476901084516
14,2040,Symmetric-energy ET-NMPC,31,3,7.39987773500099,7.2815727528543,4.68258130338386
14,2040,Symmetric-energy ET-NMPC,32,3.1,7.79952663423087,7.56304800545061,4.78771188656588
14,2040,Symmetric-energy ET-NMPC,33,3.2,8.21442525384686,7.8203805429907,4.89559654981292
14,2040,Symmetric-energy ET-NMPC,34,3.3,8.63993068734493,8.05804063082527,5.0072335003001
14,2040,Symmetric-energy ET-NMPC,35,3.4,9.06185039629376,8.30239653481243,5.1180213669063
14,2040,Symmetric-energy ET-NMPC,36,3.5,9.4788207915789,8.5511738918282,5.2373759482679
14,2040,Symmetric-energy ET-NMPC,37,3.6,9.89254511306234,8.80596441298141,5.3553334666529
14,2040,Symmetric-energy ET-NMPC,38,3.7,10.3041526530621,9.06716230202118,5.46648604546463
14,2040,Symmetric-energy ET-NMPC,39,3.8,10.7122060317351,9.33313530221603,5.57940550047985
14,2040,Symmetric-energy ET-NMPC,40,3.9,11.1185435654323,9.6049572503678,5.6842989569574
14,2040,Symmetric-energy ET-NMPC,41,4,11.5234476602737,9.88240378730361,5.77956748860892
14,2040,Symmetric-energy ET-NMPC,42,4.1,11.9282267410309,10.1590933122834,5.87753076003126
14,2040,Symmetric-energy ET-NMPC,43,4.2,12.3329069645321,10.4359059208727,5.97555471849587
14,2040,Symmetric-energy ET-NMPC,44,4.3,12.7446143613,10.7013199480449,6.07581644412824
14,2040,Symmetric-energy ET-NMPC,45,4.4,13.1613086564854,10.9648752082227,6.15890970012765
14,2040,Symmetric-energy ET-NMPC,46,4.5,13.5760860646998,11.2290745919686,6.24923349136344
14,2040,Symmetric-energy ET-NMPC,47,4.6,13.9881154495153,11.4987958430807,6.33573339163536
14,2040,Symmetric-energy ET-NMPC,48,4.7,14.3975318727671,11.7737285926359,6.41813591340369
14,2040,Symmetric-energy ET-NMPC,49,4.8,14.8033346484944,12.0524331960196,6.50558790746154
14,2040,Symmetric-energy ET-NMPC,50,4.9,15.2066568689525,12.3357000812,6.58979632892297
14,2040,Symmetric-energy ET-NMPC,51,5,15.6054465110632,12.6231530230938,6.68110693915953
14,2040,Symmetric-energy ET-NMPC,52,5.1,15.9970100449708,12.9191271462238,6.77638189573903
14,2040,Symmetric-energy ET-NMPC,53,5.2,16.3854061424131,13.2171805897262,6.87793294845631
14,2040,Symmetric-energy ET-NMPC,54,5.3,16.7696340814964,13.5165178757413,6.9909200274915
14,2040,Symmetric-energy ET-NMPC,55,5.4,17.1493405518237,13.8235750530583,7.09833923550216
14,2040,Symmetric-energy ET-NMPC,56,5.5,17.5115249071985,14.1440536696126,7.22528784342387
14,2040,Symmetric-energy ET-NMPC,57,5.6,17.8850292129544,14.4445719553436,7.36735576212134
14,2040,Symmetric-energy ET-NMPC,58,5.7,18.2694865587551,14.7231557690068,7.52414736911864
14,2040,Symmetric-energy ET-NMPC,59,5.8,18.6353049245403,14.9874155879061,7.6995779567208
14,2040,Symmetric-energy ET-NMPC,60,5.9,19.0190494132156,15.2337492968652,7.89104938908065
14,2040,Symmetric-energy ET-NMPC,61,6,19.4146961344118,15.4596685935982,8.09702060884289
14,2040,Symmetric-energy ET-NMPC,62,6.1,19.8166293482084,15.6626938692167,8.31434623804292
14,2040,Symmetric-energy ET-NMPC,63,6.2,20.2012420540378,15.8483986367132,8.54899237538091
14,2040,Symmetric-energy ET-NMPC,64,6.3,20.6004769688017,16.0156524821282,8.79926749205731
14,2040,Symmetric-energy ET-NMPC,65,6.4,20.9823913977921,16.1655858085072,9.06686312815128
14,2040,Symmetric-energy ET-NMPC,66,6.5,21.3713813200282,16.3024924580858,9.34960578446599
14,2040,Symmetric-energy ET-NMPC,67,6.6,21.7534129424234,16.43605266665,9.64322715660767
14,2040,Symmetric-energy ET-NMPC,68,6.7,22.1096986557775,16.5754221446817,9.92258667207147
14,2040,Symmetric-energy ET-NMPC,69,6.8,22.4425074091262,16.7246305720729,10.1860708159048
14,2040,Symmetric-energy ET-NMPC,70,6.9,22.7548796275895,16.8842904760057,10.4302387830984
14,2040,Symmetric-energy ET-NMPC,71,7,23.0499313358977,17.0612708840956,10.6570862403771
14,2040,Symmetric-energy ET-NMPC,72,7.1,23.3623035503229,17.2555717948833,10.8666131822434
14,2040,Symmetric-energy ET-NMPC,73,7.2,23.6919962480228,17.467193205952,11.0588195834385
14,2040,Symmetric-energy ET-NMPC,74,7.3,24.0384868503967,17.6926538230311,11.2303787868681
14,2040,Symmetric-energy ET-NMPC,75,7.4,24.3905402088464,17.9205791833818,11.3725614556919
14,2040,Symmetric-energy ET-NMPC,76,7.5,24.7368769256616,18.1369047962489,11.4876744760743
14,2040,Symmetric-energy ET-NMPC,77,7.6,25.0717843035426,18.3363765472886,11.5807575724208
14,2040,Symmetric-energy ET-NMPC,78,7.7,25.3920098007647,18.5173490760848,11.6553414483324
14,2040,Symmetric-energy ET-NMPC,79,7.8,25.6949147886273,18.6810010956399,11.7126048186174
14,2040,Symmetric-energy ET-NMPC,80,7.9,26.0073511367718,18.8647672059973,11.7899822765619
14,2040,Symmetric-energy ET-NMPC,81,8,26.3321182042846,19.06787179505,11.8866982091517
14,2040,Symmetric-energy ET-NMPC,82,8.1,26.6722204219768,19.2892086830757,12.0016464329616
14,2040,Symmetric-energy ET-NMPC,83,8.2,27.0296431475552,19.5278660792941,12.1339151649199
14,2040,Symmetric-energy ET-NMPC,84,8.3,27.404386380984,19.7838439837359,12.2835044050313
14,2040,Symmetric-energy ET-NMPC,85,8.4,27.7916281114125,20.0537810858768,12.4483613220913
14,2040,Symmetric-energy ET-NMPC,86,8.5,28.1743300666034,20.325516899686,12.6206948968424
14,2040,Symmetric-energy ET-NMPC,87,8.6,28.552626501763,20.5988739888731,12.8000484831926
14,2040,Symmetric-energy ET-NMPC,88,8.7,28.9266585373333,20.8736921818456,12.9859920154233
14,2040,Symmetric-energy ET-NMPC,89,8.8,29.2965721047313,21.1498270145364,13.1781208962032
14,2040,Symmetric-energy ET-NMPC,90,8.9,29.6625161866508,21.4271482841802,13.3760548304119
14,2040,Symmetric-energy ET-NMPC,91,9,30.0246413349081,21.705538729185,13.579436582616
14,2040,Symmetric-energy ET-NMPC,92,9.1,30.3907906716165,21.9914306995034,13.7643702045873
14,2040,Symmetric-energy ET-NMPC,93,9.2,30.7558514934992,22.2807193716727,13.9461466070187
14,2040,Symmetric-energy ET-NMPC,94,9.3,31.1202453752789,22.5845052322009,14.1040429333365
14,2040,Symmetric-energy ET-NMPC,95,9.4,31.4812436426049,22.8881847547695,14.2697505027476
14,2040,Symmetric-energy ET-NMPC,96,9.5,31.8288947259615,23.210862339963,14.4164600118213
14,2040,Symmetric-energy ET-NMPC,97,9.6,32.1764338836911,23.5346208301507,14.5726553186521
14,2040,Symmetric-energy ET-NMPC,98,9.7,32.5214618659733,23.8571607279754,14.736739765671
14,2040,Symmetric-energy ET-NMPC,99,9.8,32.8660130532238,24.1804959090903,14.9002599173886
14,2040,Symmetric-energy ET-NMPC,100,9.9,33.2122056628889,24.5066075911926,15.0545383922632
14,2040,Symmetric-energy ET-NMPC,101,10,33.5610471660829,24.8363510169947,15.1944629390363
14,2040,Symmetric-energy ET-NMPC,102,10.1,33.9133753736312,25.1703493407972,15.3140871584187
14,2040,Symmetric-energy ET-NMPC,103,10.2,34.2687040571168,25.5080613264849,15.4125358324335
14,2040,Symmetric-energy ET-NMPC,104,10.3,34.6262310030857,25.8486998946865,15.4908930194667
14,2040,Symmetric-energy ET-NMPC,105,10.4,34.9853548969592,26.191643824339,15.5493694246536
14,2040,Symmetric-energy ET-NMPC,106,10.5,35.3454645303787,26.5362755849378,15.5887394831377
14,2040,Symmetric-energy ET-NMPC,107,10.6,35.7060196015229,26.8820448151206,15.6098031991218
14,2040,Symmetric-energy ET-NMPC,108,10.7,36.0665471104733,27.2284653120039,15.6133745614822
14,2040,Symmetric-energy ET-NMPC,109,10.8,36.4263652696228,27.575386515773,15.6000865698504
14,2040,Symmetric-energy ET-NMPC,110,10.9,36.7779134892298,27.9294104834253,15.5672098361476
14,2040,Symmetric-energy ET-NMPC,111,11,37.1137616082774,28.2961430299397,15.5151206793178
14,2040,Symmetric-energy ET-NMPC,112,11.1,37.4306813893147,28.6765626024294,15.4455304411089
14,2040,Symmetric-energy ET-NMPC,113,11.2,37.7270324753174,29.0699904270265,15.3595619546859
14,2040,Symmetric-energy ET-NMPC,114,11.3,38.002107925591,29.4749165720198,15.2577370375113
14,2040,Symmetric-energy ET-NMPC,115,11.4,38.2553813550946,29.8898217169275,15.1406631692201
14,2040,Symmetric-energy ET-NMPC,116,11.5,38.4865058538464,30.3132024855731,15.0090189865999
14,2040,Symmetric-energy ET-NMPC,117,11.6,38.6953083105815,30.7435943153176,14.8635390671931
14,2040,Symmetric-energy ET-NMPC,118,11.7,38.8817803426698,31.1795909556127,14.704998501721
14,2040,Symmetric-energy ET-NMPC,119,11.8,39.0468856418474,31.6194795302944,14.5340064491337
14,2040,Symmetric-energy ET-NMPC,120,11.9,39.1918907406824,32.0617679989321,14.3513744918483
14,2040,Symmetric-energy ET-NMPC,121,12,39.3173987641666,32.5063094498582,14.159983179481
14,2040,Symmetric-energy ET-NMPC,122,12.1,39.4243965126887,32.9534291747976,13.963424197541
14,2040,Symmetric-energy ET-NMPC,123,12.2,39.5144428964652,33.4038170933368,13.7658327716069
14,2040,Symmetric-energy ET-NMPC,124,12.3,39.5896037945621,33.8583839000791,13.5716167640137
14,2040,Symmetric-energy ET-NMPC,125,12.4,39.6522752499415,34.3180179535499,13.3850455294393
14,2040,Symmetric-energy ET-NMPC,126,12.5,39.7046801643102,34.7830520779754,13.2089859143374
14,2040,Symmetric-energy ET-NMPC,127,12.6,39.7492037237043,35.2531515946259,13.0445958382872
14,2040,Symmetric-energy ET-NMPC,128,12.7,39.7878434625312,35.7276109151757,12.8916405385203
14,2040,Symmetric-energy ET-NMPC,129,12.8,39.8222765033571,36.2022727574048,12.748476738084
14,2040,Symmetric-energy ET-NMPC,130,12.9,39.8529160909101,36.6616088195738,12.6172729261839
14,2040,Symmetric-energy ET-NMPC,131,13,39.8800180185658,37.0970986706697,12.499240534693
14,2040,Symmetric-energy ET-NMPC,132,13.1,39.9040955940663,37.5055452584141,12.3938380759551
14,2040,Symmetric-energy ET-NMPC,133,13.2,39.925324191706,37.8868790113419,12.3009566999722
14,2040,Symmetric-energy ET-NMPC,134,13.3,39.9438247510645,38.2410294890487,12.2204699742625
14,2040,Symmetric-energy ET-NMPC,135,13.4,39.9596965911424,38.5678024531499,12.1519649672825
14,2040,Symmetric-energy ET-NMPC,136,13.5,39.9730839644957,38.8669147990108,12.0948053392588
14,2040,Symmetric-energy ET-NMPC,137,13.6,39.9841452625299,39.1380297607508,12.0481688218016
14,2040,Symmetric-energy ET-NMPC,138,13.7,39.9930700189441,39.3807905383515,12.0110965832875
14,2040,Symmetric-energy ET-NMPC,139,13.8,40.000742801075,39.5940657272454,11.9794125373279
15,2041,Asymmetric ET-NMPC,1,0,0,0,3
15,2041,Asymmetric ET-NMPC,2,0.1,0,0,3
15,2041,Asymmetric ET-NMPC,3,0.2,0.0209497155622598,0.0209497155622598,3.00471368600151
15,2041,Asymmetric ET-NMPC,4,0.3,0.0628491466867795,0.0628491466867795,3.01414105800453
15,2041,Asymmetric ET-NMPC,5,0.4,0.125698293373559,0.125698293373559,3.02828211600905
15,2041,Asymmetric ET-NMPC,6,0.5,0.209497155622598,0.209497155622598,3.04713686001508
15,2041,Asymmetric ET-NMPC,7,0.6,0.314245733433897,0.314245733433897,3.07070529002263
15,2041,Asymmetric ET-NMPC,8,0.7,0.439944026807456,0.439944026807456,3.09898740603168
15,2041,Asymmetric ET-NMPC,9,0.8,0.586592035743275,0.586592035743275,3.13198320804224
15,2041,Asymmetric ET-NMPC,10,0.9,0.754189760241354,0.754189760241354,3.16969269605431
15,2041,Asymmetric ET-NMPC,11,1,0.942737200301692,0.942737200301692,3.21211587006788
15,2041,Asymmetric ET-NMPC,12,1.1,1.15223435592429,1.15223435592429,3.25925273008297
15,2041,Asymmetric ET-NMPC,13,1.2,1.38268122710915,1.38268122710915,3.31110327609956
15,2041,Asymmetric ET-NMPC,14,1.3,1.63407781385627,1.63407781385627,3.36766750811766
15,2041,Asymmetric ET-NMPC,15,1.4,1.90642411616564,1.90642411616564,3.42894542613727
15,2041,Asymmetric ET-NMPC,16,1.5,2.19972013403728,2.19972013403728,3.49493703015839
15,2041,Asymmetric ET-NMPC,17,1.6,2.5104742482108,2.5104742482108,3.56485670584743
15,2041,Asymmetric ET-NMPC,18,1.7,2.83432193461074,2.83432193461074,3.63772243528742
15,2041,Asymmetric ET-NMPC,19,1.8,3.16798980018048,3.16798980018048,3.71279770504061
15,2041,Asymmetric ET-NMPC,20,1.9,3.50902280012758,3.50902280012758,3.78953013002871
15,2041,Asymmetric ET-NMPC,21,2,3.85557965085769,3.85557965085769,3.86750542144298
15,2041,Asymmetric ET-NMPC,22,2.1,4.20474157689536,4.20474157689536,3.94606685480146
15,2041,Asymmetric ET-NMPC,23,2.2,4.55390350293302,4.55390350293302,4.02462828815993
15,2041,Asymmetric ET-NMPC,24,2.3,4.90306542897069,4.90306542897069,4.1031897215184
15,2041,Asymmetric ET-NMPC,25,2.4,5.25222735500835,5.25222735500835,4.18175115487688
15,2041,Asymmetric ET-NMPC,26,2.5,5.60138928104601,5.60138928104601,4.26031258823535
15,2041,Asymmetric ET-NMPC,27,2.6,5.95055120708368,5.95055120708368,4.33887402159383
15,2041,Asymmetric ET-NMPC,28,2.7,6.29971313312134,6.29971313312134,4.4174354549523
15,2041,Asymmetric ET-NMPC,29,2.8,6.64887505915901,6.64887505915901,4.49599688831078
15,2041,Asymmetric ET-NMPC,30,2.9,7.01569991925967,6.97665086803562,4.58545381161695
15,2041,Asymmetric ET-NMPC,31,3,7.39928521557088,7.28183953246653,4.68405502640017
15,2041,Asymmetric ET-NMPC,32,3.1,7.79888784771236,7.56337391735602,4.78920314340895
15,2041,Asymmetric ET-NMPC,33,3.2,8.21344058116683,7.82077025289749,4.89825889811839
15,2041,Asymmetric ET-NMPC,34,3.3,8.63958078239926,8.05899731621949,5.00620515879732
15,2041,Asymmetric ET-NMPC,35,3.4,9.06208216532707,8.30387457864115,5.11357232218054
15,2041,Asymmetric ET-NMPC,36,3.5,9.47936373209712,8.55263506069305,5.23186989866984
15,2041,Asymmetric ET-NMPC,37,3.6,9.89763534925715,8.80873629691177,5.32913762757097
15,2041,Asymmetric ET-NMPC,38,3.7,10.3232980971526,9.06044661385169,5.40298301605303
15,2041,Asymmetric ET-NMPC,39,3.8,10.7446736641172,9.31720195583702,5.48372535889283
15,2041,Asymmetric ET-NMPC,40,3.9,11.1618035689506,9.57856290072218,5.57143567175512
15,2041,Asymmetric ET-NMPC,41,4,11.5749924205643,9.84450066110023,5.66391313121023
15,2041,Asymmetric ET-NMPC,42,4.1,11.9893267736075,10.109148837192,5.75495370886426
15,2041,Asymmetric ET-NMPC,43,4.2,12.4060739636977,10.3687462214045,5.84945755884935
15,2041,Asymmetric ET-NMPC,44,4.3,12.832201522257,10.6203974423798,5.92078053423532
15,2041,Asymmetric ET-NMPC,45,4.4,13.2542833962531,10.8746428198251,6.00566975434952
15,2041,Asymmetric ET-NMPC,46,4.5,13.6760159199372,11.1352880887478,6.07052129446455
15,2041,Asymmetric ET-NMPC,47,4.6,14.0937350431597,11.4006098545354,6.14204118466016
15,2041,Asymmetric ET-NMPC,48,4.7,14.5255892528861,11.6467952104972,6.19584371296081
15,2041,Asymmetric ET-NMPC,49,4.8,14.952741461215,11.898697647016,6.25976674007652
15,2041,Asymmetric ET-NMPC,50,4.9,15.3727291177326,12.1584925677662,6.33797778485418
15,2041,Asymmetric ET-NMPC,51,5,15.7887501426003,12.4230644062725,6.42121388962516
15,2041,Asymmetric ET-NMPC,52,5.1,16.2030126531762,12.694096093715,6.49141643041548
15,2041,Asymmetric ET-NMPC,53,5.2,16.6120374483184,12.9761492799237,6.5474942077292
15,2041,Asymmetric ET-NMPC,54,5.3,17.0147369289914,13.2657692736981,6.61037017668236
15,2041,Asymmetric ET-NMPC,55,5.4,17.416242132379,13.5597478926963,6.65905429344133
15,2041,Asymmetric ET-NMPC,56,5.5,17.814366407611,13.8556683910972,6.72172901001156
15,2041,Asymmetric ET-NMPC,57,5.6,18.2089640529663,14.1531909264768,6.79770952870734
15,2041,Asymmetric ET-NMPC,58,5.7,18.6002703833779,14.4526161465826,6.88270301871938
15,2041,Asymmetric ET-NMPC,59,5.8,18.988458277026,14.7522824774712,6.98022352608518
15,2041,Asymmetric ET-NMPC,60,5.9,19.3757792659845,15.0558188121001,7.06881328323701
15,2041,Asymmetric ET-NMPC,61,6,19.7645385870497,15.3525560330943,7.17279987834203
15,2041,Asymmetric ET-NMPC,62,6.1,20.1573685853472,15.6376777124658,7.29275912304604
15,2041,Asymmetric ET-NMPC,63,6.2,20.5590771546404,15.9055773661052,7.42260518935645
15,2041,Asymmetric ET-NMPC,64,6.3,20.9729353363156,16.1509096134079,7.55874296476784
15,2041,Asymmetric ET-NMPC,65,6.4,21.3888168479789,16.3718118227978,7.6782060665309
15,2041,Asymmetric ET-NMPC,66,6.5,21.786272607756,16.5712276534628,7.78772798140742
15,2041,Asymmetric ET-NMPC,67,6.6,22.1644218540259,16.7513370032059,7.88481935604579
15,2041,Asymmetric ET-NMPC,68,6.7,22.5174696380614,16.9164354957698,7.97523309933448
15,2041,Asymmetric ET-NMPC,69,6.8,22.891681035866,17.1026975960168,8.06359668114957
15,2041,Asymmetric ET-NMPC,70,6.9,23.2860387076016,17.3110877671154,8.14984457700384
15,2041,Asymmetric ET-NMPC,71,7,23.6862146986727,17.5427847429562,8.23464207488168
15,2041,Asymmetric ET-NMPC,72,7.1,24.0779081242326,17.7788751601698,8.31766163570204
15,2041,Asymmetric ET-NMPC,73,7.2,24.4869220581549,17.9976450692618,8.41800170426543
15,2041,Asymmetric ET-NMPC,74,7.3,24.8689079335395,18.2037284952245,8.51541992452808
15,2041,Asymmetric ET-NMPC,75,7.4,25.2270571842697,18.3916681168684,8.61445607245641
15,2041,Asymmetric ET-NMPC,76,7.5,25.5652426842837,18.5596441161293,8.72363630431028
15,2041,Asymmetric ET-NMPC,77,7.6,25.8912000430803,18.746991132382,8.85218755222076
15,2041,Asymmetric ET-NMPC,78,7.7,26.219932450486,18.9554604017744,9.00186105208324
15,2041,Asymmetric ET-NMPC,79,7.8,26.5621087674001,19.1828936020111,9.17049848149803
15,2041,Asymmetric ET-NMPC,80,7.9,26.9199029840727,19.4284386943331,9.35724780126744
15,2041,Asymmetric ET-NMPC,81,8,27.2939317031581,19.6905432652695,9.56072682031763
15,2041,Asymmetric ET-NMPC,82,8.1,27.6637318542213,19.9545822088413,9.76936834195498
15,2041,Asymmetric ET-NMPC,83,8.2,28.0294713862165,20.2204018487991,9.98285022350138
15,2041,Asymmetric ET-NMPC,84,8.3,28.3913172825936,20.4878614896668,10.2008706073696
15,2041,Asymmetric ET-NMPC,85,8.4,28.7494345948829,20.7568323174461,10.4231467519339
15,2041,Asymmetric ET-NMPC,86,8.5,29.1039856501856,21.0271963830509,10.6494138976121
15,2041,Asymmetric ET-NMPC,87,8.6,29.4551294691931,21.2988457285858,10.8794240092232
15,2041,Asymmetric ET-NMPC,88,8.7,29.8066140442456,21.5751818633334,11.1032474533323
15,2041,Asymmetric ET-NMPC,89,8.8,30.1574087409971,21.8550255069409,11.323770957439
15,2041,Asymmetric ET-NMPC,90,8.9,30.5050059542669,22.1356263351982,11.5483580285459
15,2041,Asymmetric ET-NMPC,91,9,30.8495493575871,22.4169139392813,11.7767592698249
15,2041,Asymmetric ET-NMPC,92,9.1,31.1789594146112,22.7160455184818,12.0048147732805
15,2041,Asymmetric ET-NMPC,93,9.2,31.4888665670994,23.0357087916744,12.232351470559
15,2041,Asymmetric ET-NMPC,94,9.3,31.7774306521979,23.376309965084,12.4575660559288
15,2041,Asymmetric ET-NMPC,95,9.4,32.0484357961713,23.7236733818746,12.6939870123086
15,2041,Asymmetric ET-NMPC,96,9.5,32.3003615368365,24.0901162054581,12.9172948986498
15,2041,Asymmetric ET-NMPC,97,9.6,32.5337331771777,24.4751131314693,13.1260600670791
15,2041,Asymmetric ET-NMPC,98,9.7,32.7496189013876,24.8775959753324,13.3178403771361
15,2041,Asymmetric ET-NMPC,99,9.8,32.948184116636,25.2973993296731,13.4923001824051
15,2041,Asymmetric ET-NMPC,100,9.9,33.1294288238226,25.7345231934891,13.6494394809841
15,2041,Asymmetric ET-NMPC,101,10,33.2923975272952,26.1863186608666,13.7884432843334
15,2041,Asymmetric ET-NMPC,102,10.1,33.4363034906775,26.6498231025431,13.9086710109574
15,2041,Asymmetric ET-NMPC,103,10.2,33.5660828506379,27.1225554418651,14.0070653862411
15,2041,Asymmetric ET-NMPC,104,10.3,33.7059508303759,27.5964601850659,14.0835588017468
15,2041,Asymmetric ET-NMPC,105,10.4,33.8584669403454,28.0692769667064,14.1399780112319
15,2041,Asymmetric ET-NMPC,106,10.5,34.0225230579644,28.5401348708396,14.1771051493803
15,2041,Asymmetric ET-NMPC,107,10.6,34.1967815539983,29.0084067145565,14.1959587151429
15,2041,Asymmetric ET-NMPC,108,10.7,34.3802793470745,29.4735157380819,14.1974271058914
15,2041,Asymmetric ET-NMPC,109,10.8,34.5723405095832,29.9349078257243,14.1822662577349
15,2041,Asymmetric ET-NMPC,110,10.9,34.7723196410102,30.3921232417828,14.1512435191051
15,2041,Asymmetric ET-NMPC,111,11,34.979604527157,30.8447890802317,14.1051282865191
15,2041,Asymmetric ET-NMPC,112,11.1,35.1936177853719,31.2926113964657,14.0446841106944
15,2041,Asymmetric ET-NMPC,113,11.2,35.413817651897,31.7353672813829,13.9706621872293
15,2041,Asymmetric ET-NMPC,114,11.3,35.6396980603674,32.1728970824374,13.8837961164165
15,2041,Asymmetric ET-NMPC,115,11.4,35.870788151267,32.6050969254185,13.7847978052431
15,2041,Asymmetric ET-NMPC,116,11.5,36.1066513415239,33.0319116489216,13.6743543931138
15,2041,Asymmetric ET-NMPC,117,11.6,36.3470162214701,33.4533943245127,13.553618819793
15,2041,Asymmetric ET-NMPC,118,11.7,36.5923062790913,33.8700796135737,13.4263154124848
15,2041,Asymmetric ET-NMPC,119,11.8,36.8429119639562,34.2826728286661,13.2960709132802
15,2041,Asymmetric ET-NMPC,120,11.9,37.0989484422167,34.6920114686166,13.1661201547467
15,2041,Asymmetric ET-NMPC,121,12,37.3559329764223,35.1015550645346,13.038711394366
15,2041,Asymmetric ET-NMPC,122,12.1,37.6095934004789,35.5146556877725,12.9162194993367
15,2041,Asymmetric ET-NMPC,123,12.2,37.857234737191,35.9332604826923,12.8002721232493
15,2041,Asymmetric ET-NMPC,124,12.3,38.1011690780814,36.3554800528154,12.6896978407986
15,2041,Asymmetric ET-NMPC,125,12.4,38.3412493289824,36.7771390836791,12.5844368669193
15,2041,Asymmetric ET-NMPC,126,12.5,38.571749587592,37.1860345591245,12.4867131821461
15,2041,Asymmetric ET-NMPC,127,12.6,38.7884972685078,37.5745580982054,12.3979283622816
15,2041,Asymmetric ET-NMPC,128,12.7,38.9896935406596,37.9390774713769,12.3181963709504
15,2041,Asymmetric ET-NMPC,129,12.8,39.1755909551431,38.2791352770047,12.2466848824837
15,2041,Asymmetric ET-NMPC,130,12.9,39.3451588168658,38.5954145875555,12.1834152917661
15,2041,Asymmetric ET-NMPC,131,13,39.4977807538353,38.8883143831592,12.1282841231992
15,2041,Asymmetric ET-NMPC,132,13.1,39.6331472464283,39.157984848327,12.0810679939158
15,2041,Asymmetric ET-NMPC,133,13.2,39.7512408133356,39.4043333713871,12.0414500917009
15,2041,Asymmetric ET-NMPC,134,13.3,39.852299913982,39.6270554357043,12.0090167149736
15,2041,Symmetric-energy ET-NMPC,1,0,0,0,3
15,2041,Symmetric-energy ET-NMPC,2,0.1,0,0,3
15,2041,Symmetric-energy ET-NMPC,3,0.2,0.0209497155622598,0.0209497155622598,3.00471368600151
15,2041,Symmetric-energy ET-NMPC,4,0.3,0.0628491466867795,0.0628491466867795,3.01414105800453
15,2041,Symmetric-energy ET-NMPC,5,0.4,0.125698293373559,0.125698293373559,3.02828211600905
15,2041,Symmetric-energy ET-NMPC,6,0.5,0.209497155622598,0.209497155622598,3.04713686001508
15,2041,Symmetric-energy ET-NMPC,7,0.6,0.314245733433897,0.314245733433897,3.07070529002263
15,2041,Symmetric-energy ET-NMPC,8,0.7,0.439944026807456,0.439944026807456,3.09898740603168
15,2041,Symmetric-energy ET-NMPC,9,0.8,0.586592035743275,0.586592035743275,3.13198320804224
15,2041,Symmetric-energy ET-NMPC,10,0.9,0.754189760241354,0.754189760241354,3.16969269605431
15,2041,Symmetric-energy ET-NMPC,11,1,0.942737200301692,0.942737200301692,3.21211587006788
15,2041,Symmetric-energy ET-NMPC,12,1.1,1.15223435592429,1.15223435592429,3.25925273008297
15,2041,Symmetric-energy ET-NMPC,13,1.2,1.38268122710915,1.38268122710915,3.31110327609956
15,2041,Symmetric-energy ET-NMPC,14,1.3,1.63407781385627,1.63407781385627,3.36766750811766
15,2041,Symmetric-energy ET-NMPC,15,1.4,1.90642411616564,1.90642411616564,3.42894542613727
15,2041,Symmetric-energy ET-NMPC,16,1.5,2.19972013403728,2.19972013403728,3.49493703015839
15,2041,Symmetric-energy ET-NMPC,17,1.6,2.5104742482108,2.5104742482108,3.56485670584743
15,2041,Symmetric-energy ET-NMPC,18,1.7,2.83432193461074,2.83432193461074,3.63772243528742
15,2041,Symmetric-energy ET-NMPC,19,1.8,3.16798980018048,3.16798980018048,3.71279770504061
15,2041,Symmetric-energy ET-NMPC,20,1.9,3.50902280012758,3.50902280012758,3.78953013002871
15,2041,Symmetric-energy ET-NMPC,21,2,3.85557965085769,3.85557965085769,3.86750542144298
15,2041,Symmetric-energy ET-NMPC,22,2.1,4.20474157689536,4.20474157689536,3.94606685480146
15,2041,Symmetric-energy ET-NMPC,23,2.2,4.55390350293302,4.55390350293302,4.02462828815993
15,2041,Symmetric-energy ET-NMPC,24,2.3,4.90306542897069,4.90306542897069,4.1031897215184
15,2041,Symmetric-energy ET-NMPC,25,2.4,5.25222735500835,5.25222735500835,4.18175115487688
15,2041,Symmetric-energy ET-NMPC,26,2.5,5.60138928104601,5.60138928104601,4.26031258823535
15,2041,Symmetric-energy ET-NMPC,27,2.6,5.95055120708368,5.95055120708368,4.33887402159383
15,2041,Symmetric-energy ET-NMPC,28,2.7,6.29971313312134,6.29971313312134,4.4174354549523
15,2041,Symmetric-energy ET-NMPC,29,2.8,6.64887505915901,6.64887505915901,4.49599688831078
15,2041,Symmetric-energy ET-NMPC,30,2.9,7.01567923365881,6.97666046925178,4.58550343834946
15,2041,Symmetric-energy ET-NMPC,31,3,7.39922695580972,7.28186590888846,4.68419885085194
15,2041,Symmetric-energy ET-NMPC,32,3.1,7.79877900675371,7.56342147835617,4.78948237229836
15,2041,Symmetric-energy ET-NMPC,33,3.2,8.21327368503472,7.8208327872437,4.89872329747538
15,2041,Symmetric-energy ET-NMPC,34,3.3,8.63935754490973,8.05901430455196,5.00699198716333
15,2041,Symmetric-energy ET-NMPC,35,3.4,9.06180459451136,8.30384735919618,5.11467330233202
15,2041,Symmetric-energy ET-NMPC,36,3.5,9.47902900246043,8.55256255476652,5.23326733634704
15,2041,Symmetric-energy ET-NMPC,37,3.6,9.89718125873572,8.80864367990521,5.33109958010948
15,2041,Symmetric-energy ET-NMPC,38,3.7,10.3227725394311,9.06031287147274,5.40549500881161
15,2041,Symmetric-energy ET-NMPC,39,3.8,10.744076019208,9.31702866821263,5.48673771698952
15,2041,Symmetric-energy ET-NMPC,40,3.9,11.1611336525214,9.5783513989026,5.57490438257133
15,2041,Symmetric-energy ET-NMPC,41,4,11.5742509141902,9.84425178169245,5.6678081744394
15,2041,Symmetric-energy ET-NMPC,42,4.1,11.9885164950513,10.1088709019455,5.75924530973059
15,2041,Symmetric-energy ET-NMPC,43,4.2,12.4051889291596,10.368443807947,5.8541451997425
15,2041,Symmetric-energy ET-NMPC,44,4.3,12.8313052254771,10.6200007541682,5.92586691765633
15,2041,Symmetric-energy ET-NMPC,45,4.4,13.2533606435675,10.8741660587638,6.01112665024047
15,2041,Symmetric-energy ET-NMPC,46,4.5,13.6750806222988,11.1347423979745,6.07633578290168
15,2041,Symmetric-energy ET-NMPC,47,4.6,14.0927862455069,11.3999999736201,6.14817192215644
15,2041,Symmetric-energy ET-NMPC,48,4.7,14.5246348835701,11.6461260717349,6.20228936509024
15,2041,Symmetric-energy ET-NMPC,49,4.8,14.9517797507802,11.8979753214754,6.26647049799674
15,2041,Symmetric-energy ET-NMPC,50,4.9,15.3716778310317,12.1577301499106,6.34529328217614
15,2041,Symmetric-energy ET-NMPC,51,5,15.7876196626833,12.4222750407653,6.42900942999108
15,2041,Symmetric-energy ET-NMPC,52,5.1,16.2017708290155,12.6932582287707,6.50005113073164
15,2041,Symmetric-energy ET-NMPC,53,5.2,16.6106746700976,12.9752752410715,6.55718302656208
15,2041,Symmetric-energy ET-NMPC,54,5.3,17.013281886478,13.2648698816518,6.62076268892061
15,2041,Symmetric-energy ET-NMPC,55,5.4,17.4146998626759,13.558835054123,6.67024082307252
15,2041,Symmetric-energy ET-NMPC,56,5.5,17.8094544534385,13.8636549053036,6.70564804547241
15,2041,Symmetric-energy ET-NMPC,57,5.6,18.2013843455472,14.1700467104354,6.7557980347029
15,2041,Symmetric-energy ET-NMPC,58,5.7,18.5903088953582,14.4776991871006,6.81973275262655
15,2041,Symmetric-energy ET-NMPC,59,5.8,18.9780284908928,14.783448908005,6.89841326740241
15,2041,Symmetric-energy ET-NMPC,60,5.9,19.3645051359867,15.0914955403411,6.97419634667077
15,2041,Symmetric-energy ET-NMPC,61,6,19.7544420183966,15.390448258102,7.06680574295338
15,2041,Symmetric-energy ET-NMPC,62,6.1,20.1498699601997,15.6762091017214,7.17624743105838
15,2041,Symmetric-energy ET-NMPC,63,6.2,20.5536608072117,15.9439449598225,7.29982114248673
15,2041,Symmetric-energy ET-NMPC,64,6.3,20.9690434205815,16.1884653325934,7.43273868011847
15,2041,Symmetric-energy ET-NMPC,65,6.4,21.3867488502215,16.4062860790499,7.55217532463269
15,2041,Symmetric-energy ET-NMPC,66,6.5,21.7851768164097,16.6029942275493,7.66252144603969
15,2041,Symmetric-energy ET-NMPC,67,6.6,22.1637740312003,16.7798716365315,7.7622147242015
15,2041,Symmetric-energy ET-NMPC,68,6.7,22.5194549110502,16.9378358216406,7.85776897402121
15,2041,Symmetric-energy ET-NMPC,69,6.8,22.8453611293612,17.0992050783779,7.95469253660476
15,2041,Symmetric-energy ET-NMPC,70,6.9,23.1924583059211,17.2817652938112,8.05024257888245
15,2041,Symmetric-energy ET-NMPC,71,7,23.5582762696807,17.4877580180284,8.14512205518941
15,2041,Symmetric-energy ET-NMPC,72,7.1,23.9301298058857,17.710622234558,8.23814028876972
15,2041,Symmetric-energy ET-NMPC,73,7.2,24.2922734351813,17.9339846480019,8.32843079575237
15,2041,Symmetric-energy ET-NMPC,74,7.3,24.6717375728937,18.1400265534492,8.43604181054887
15,2041,Symmetric-energy ET-NMPC,75,7.4,25.0264842676733,18.3304663940467,8.53689830187673
15,2041,Symmetric-energy ET-NMPC,76,7.5,25.3593324048095,18.5009469068973,8.63305602644859
15,2041,Symmetric-energy ET-NMPC,77,7.6,25.6709685651592,18.6502154468796,8.72953662537088
15,2041,Symmetric-energy ET-NMPC,78,7.7,25.9710911993691,18.819072743178,8.84560597978746
15,2041,Symmetric-energy ET-NMPC,79,7.8,26.2788044516239,19.0084529846678,8.9821982783974
15,2041,Symmetric-energy ET-NMPC,80,7.9,26.5986147423359,19.2172453577438,9.13820270743773
15,2041,Symmetric-energy ET-NMPC,81,8,26.9346148943475,19.443896740302,9.31206614460889
15,2041,Symmetric-energy ET-NMPC,82,8.1,27.2879355544667,19.687868631227,9.50325008953263
15,2041,Symmetric-energy ET-NMPC,83,8.2,27.6585767227542,19.9491610305282,9.71175454213894
15,2041,Symmetric-energy ET-NMPC,84,8.3,28.025732741348,20.2128324499183,9.92546893240595
15,2041,Symmetric-energy ET-NMPC,85,8.4,28.3889278875429,20.4782710324705,10.1437156842103
15,2041,Symmetric-energy ET-NMPC,86,8.5,28.7483294413797,20.7453403514645,10.3662117559774
15,2041,Symmetric-energy ET-NMPC,87,8.6,29.1041020269606,21.0139152894087,10.5926921526065
15,2041,Symmetric-energy ET-NMPC,88,8.7,29.4564071431752,21.2838812933734,10.8229082723557
15,2041,Symmetric-energy ET-NMPC,89,8.8,29.8054020161283,21.5551328340982,11.0566285759386
15,2041,Symmetric-energy ET-NMPC,90,8.9,30.1512398071309,21.8275732649262,11.293635820479
15,2041,Symmetric-energy ET-NMPC,91,9,30.4964143441788,22.1034551397656,11.5276096012941
15,2041,Symmetric-energy ET-NMPC,92,9.1,30.8386228884786,22.3802488845936,11.7648405753096
15,2041,Symmetric-energy ET-NMPC,93,9.2,31.1672436544873,22.6758268139787,11.9985970293557
15,2041,Symmetric-energy ET-NMPC,94,9.3,31.4812640754949,22.9917563493482,12.2257086844319
15,2041,Symmetric-energy ET-NMPC,95,9.4,31.794022769829,23.3063170942976,12.4564326252254
15,2041,Symmetric-energy ET-NMPC,96,9.5,32.0859028265753,23.6417564836867,12.6818495236369
15,2041,Symmetric-energy ET-NMPC,97,9.6,32.3574198746167,23.9975588841276,12.8988583510811
15,2041,Symmetric-energy ET-NMPC,98,9.7,32.6092895915462,24.3730086170066,13.1045550298241
15,2041,Symmetric-energy ET-NMPC,99,9.8,32.843473010511,24.7661446488177,13.2936869962425
15,2041,Symmetric-energy ET-NMPC,100,9.9,33.0603359169715,25.1766011937688,13.4654984640783
15,2041,Symmetric-energy ET-NMPC,101,10,33.2598398330288,25.6044167294633,13.6200666464802
15,2041,Symmetric-energy ET-NMPC,102,10.1,33.4419599389271,26.0493981106592,13.7572666370654
15,2041,Symmetric-energy ET-NMPC,103,10.2,33.6050549555691,26.5069182498518,13.8759061658057
15,2041,Symmetric-energy ET-NMPC,104,10.3,33.7488334689694,26.9752572178057,13.9758378934015
15,2041,Symmetric-energy ET-NMPC,105,10.4,33.8731513950422,27.4526977629568,14.0570510641489
15,2041,Symmetric-energy ET-NMPC,106,10.5,33.9831674814551,27.9369695027365,14.115165974293
15,2041,Symmetric-energy ET-NMPC,107,10.6,34.1098070874423,28.4192286247227,14.1524292196772
15,2041,Symmetric-energy ET-NMPC,108,10.7,34.2516692672159,28.8983741663538,14.1695952292584
15,2041,Symmetric-energy ET-NMPC,109,10.8,34.4069762756866,29.3736387973802,14.1677886814042
15,2041,Symmetric-energy ET-NMPC,110,10.9,34.5737397174028,29.8446123333619,14.1484526292746
15,2041,Symmetric-energy ET-NMPC,111,11,34.749957640538,30.311201910141,14.1132189748097
15,2041,Symmetric-energy ET-NMPC,112,11.1,34.9346949644145,30.7731063018551,14.0630547038379
15,2041,Symmetric-energy ET-NMPC,113,11.2,35.127336220672,31.2299976923226,13.998714951707
15,2041,Symmetric-energy ET-NMPC,114,11.3,35.327298264906,31.6816245767433,13.9209438893881
15,2041,Symmetric-energy ET-NMPC,115,11.4,35.5340313321169,32.1278036582449,13.8304692180595
15,2041,Symmetric-energy ET-NMPC,116,11.5,35.7470193875851,32.5684119933782,13.7279978404025
15,2041,Symmetric-energy ET-NMPC,117,11.6,35.9657799208154,33.0033795250022,13.6142126237278
15,2041,Symmetric-energy ET-NMPC,118,11.7,36.1903123655526,33.4329106749991,13.4913787015293
15,2041,Symmetric-energy ET-NMPC,119,11.8,36.4210072380249,33.8575952101388,13.3632267548871
15,2041,Symmetric-energy ET-NMPC,120,11.9,36.6581725606021,34.2781552858732,13.2332966488107
15,2041,Symmetric-energy ET-NMPC,121,12,36.9019791612972,34.6953129708813,13.1046972425282
15,2041,Symmetric-energy ET-NMPC,122,12.1,37.1524397688322,35.1096929770369,12.9799627462101
15,2041,Symmetric-energy ET-NMPC,123,12.2,37.4048489477841,35.5246033085978,12.8610551217915
15,2041,Symmetric-energy ET-NMPC,124,12.3,37.6562604558647,35.9421885070717,12.7496331507979
15,2041,Symmetric-energy ET-NMPC,125,12.4,37.9076043719763,36.3613907283383,12.6442968630391
15,2041,Symmetric-energy ET-NMPC,126,12.5,38.1589827107692,36.7808158735195,12.5442297568707
15,2041,Symmetric-energy ET-NMPC,127,12.6,38.4034361252734,37.1880714151921,12.4514881524944
15,2041,Symmetric-energy ET-NMPC,128,12.7,38.6357809523875,37.5754078925693,12.3673441547495
15,2041,Symmetric-energy ET-NMPC,129,12.8,38.852905268601,37.9384698130048,12.2920929593302
15,2041,Symmetric-energy ET-NMPC,130,12.9,39.0545468123615,38.2770875552515,12.2247642578271
15,2041,Symmetric-energy ET-NMPC,131,13,39.2396883310549,38.591857783796,12.1651196478773
15,2041,Symmetric-energy ET-NMPC,132,13.1,39.4074886151828,38.8833263539971,12.1129793235163
15,2041,Symmetric-energy ET-NMPC,133,13.2,39.5574618458397,39.1517793909985,12.0680834036215
15,2041,Symmetric-energy ET-NMPC,134,13.3,39.6894469362967,39.3972482702663,12.0301268861095
15,2041,Symmetric-energy ET-NMPC,135,13.4,39.8035514661653,39.6195448281801,11.9987528511162
16,2042,Asymmetric ET-NMPC,1,0,0,0,3
16,2042,Asymmetric ET-NMPC,2,0.1,0,0,3
16,2042,Asymmetric ET-NMPC,3,0.2,0.0209497155622598,0.0209497155622598,3.00471368600151
16,2042,Asymmetric ET-NMPC,4,0.3,0.0628491466867795,0.0628491466867795,3.01414105800453
16,2042,Asymmetric ET-NMPC,5,0.4,0.125698293373559,0.125698293373559,3.02828211600905
16,2042,Asymmetric ET-NMPC,6,0.5,0.209497155622598,0.209497155622598,3.04713686001508
16,2042,Asymmetric ET-NMPC,7,0.6,0.314245733433897,0.314245733433897,3.07070529002263
16,2042,Asymmetric ET-NMPC,8,0.7,0.439944026807456,0.439944026807456,3.09898740603168
16,2042,Asymmetric ET-NMPC,9,0.8,0.586592035743275,0.586592035743275,3.13198320804224
16,2042,Asymmetric ET-NMPC,10,0.9,0.754189760241354,0.754189760241354,3.16969269605431
16,2042,Asymmetric ET-NMPC,11,1,0.942737200301692,0.942737200301692,3.21211587006788
16,2042,Asymmetric ET-NMPC,12,1.1,1.15223435592429,1.15223435592429,3.25925273008297
16,2042,Asymmetric ET-NMPC,13,1.2,1.38268122710915,1.38268122710915,3.31110327609956
16,2042,Asymmetric ET-NMPC,14,1.3,1.63407781385627,1.63407781385627,3.36766750811766
16,2042,Asymmetric ET-NMPC,15,1.4,1.90642411616564,1.90642411616564,3.42894542613727
16,2042,Asymmetric ET-NMPC,16,1.5,2.19972013403728,2.19972013403728,3.49493703015839
16,2042,Asymmetric ET-NMPC,17,1.6,2.5104742482108,2.5104742482108,3.56485670584743
16,2042,Asymmetric ET-NMPC,18,1.7,2.83432193461074,2.83432193461074,3.63772243528742
16,2042,Asymmetric ET-NMPC,19,1.8,3.16798980018048,3.16798980018048,3.71279770504061
16,2042,Asymmetric ET-NMPC,20,1.9,3.50902280012758,3.50902280012758,3.78953013002871
16,2042,Asymmetric ET-NMPC,21,2,3.85557965085769,3.85557965085769,3.86750542144298
16,2042,Asymmetric ET-NMPC,22,2.1,4.20474157689536,4.20474157689536,3.94606685480146
16,2042,Asymmetric ET-NMPC,23,2.2,4.55390350293302,4.55390350293302,4.02462828815993
16,2042,Asymmetric ET-NMPC,24,2.3,4.90306542897069,4.90306542897069,4.1031897215184
16,2042,Asymmetric ET-NMPC,25,2.4,5.25222735500835,5.25222735500835,4.18175115487688
16,2042,Asymmetric ET-NMPC,26,2.5,5.60138928104601,5.60138928104601,4.26031258823535
16,2042,Asymmetric ET-NMPC,27,2.6,5.95055120708368,5.95055120708368,4.33887402159383
16,2042,Asymmetric ET-NMPC,28,2.7,6.29971313312134,6.29971313312134,4.4174354549523
16,2042,Asymmetric ET-NMPC,29,2.8,6.64887505915901,6.64887505915901,4.49599688831078
16,2042,Asymmetric ET-NMPC,30,2.9,6.99803698519667,6.99803698519667,4.57455832166925
16,2042,Asymmetric ET-NMPC,31,3,7.34719891123433,7.34719891123433,4.65311975502772
16,2042,Asymmetric ET-NMPC,32,3.1,7.71177632069712,7.67620714122401,4.74712452676014
16,2042,Asymmetric ET-NMPC,33,3.2,8.09286855001408,7.98276898904755,4.85099245353856
16,2042,Asymmetric ET-NMPC,34,3.3,8.48993729784467,8.26573991562958,4.96173478602958
16,2042,Asymmetric ET-NMPC,35,3.4,8.90308594081821,8.52436685194681,5.07318121540392
16,2042,Asymmetric ET-NMPC,36,3.5,9.33162248873833,8.75878526790318,5.17997275700347
16,2042,Asymmetric ET-NMPC,37,3.6,9.75721463903855,9.00068332430684,5.28174039385808
16,2042,Asymmetric ET-NMPC,38,3.7,10.1795801122488,9.24936820184714,5.38054949628639
16,2042,Asymmetric ET-NMPC,39,3.8,10.5988455689601,9.5044479420683,5.47620932556336
16,2042,Asymmetric ET-NMPC,40,3.9,11.0143125832796,9.76477252454574,5.57428211368717
16,2042,Asymmetric ET-NMPC,41,4,11.4293549372728,10.0269443036132,5.66918102122813
16,2042,Asymmetric ET-NMPC,42,4.1,11.8425503092146,10.290645599098,5.76782792369083
16,2042,Asymmetric ET-NMPC,43,4.2,12.2635213325397,10.5464667566772,5.85349549547532
16,2042,Asymmetric ET-NMPC,44,4.3,12.6884280007309,10.7935977028094,5.94504121514831
16,2042,Asymmetric ET-NMPC,45,4.4,13.112559338516,11.0388054361351,6.04497006896887
16,2042,Asymmetric ET-NMPC,46,4.5,13.5343188788199,11.2877074545406,6.14580000200637
16,2042,Asymmetric ET-NMPC,47,4.6,13.9524576140708,11.5425081973224,6.24697598512798
16,2042,Asymmetric ET-NMPC,48,4.7,14.3658892969821,11.8012132928123,6.35718450173482
16,2042,Asymmetric ET-NMPC,49,4.8,14.7758880539999,12.0650534506303,6.46804202455757
16,2042,Asymmetric ET-NMPC,50,4.9,15.1811958298903,12.3346256745515,6.58230672992627
16,2042,Asymmetric ET-NMPC,51,5,15.5829848308539,12.6126422874731,6.68847810857528
16,2042,Asymmetric ET-NMPC,52,5.1,15.9822465173156,12.8959973746198,6.78996702576291
16,2042,Asymmetric ET-NMPC,53,5.2,16.3748770047356,13.1867178116284,6.89637627279457
16,2042,Asymmetric ET-NMPC,54,5.3,16.764090426294,13.4776199402418,7.01422729759705
16,2042,Asymmetric ET-NMPC,55,5.4,17.1481818357667,13.7763167060278,7.12935345135127
16,2042,Asymmetric ET-NMPC,56,5.5,17.537935290636,14.0693881034707,7.23981340073688
16,2042,Asymmetric ET-NMPC,57,5.6,17.9341128212137,14.3487386886919,7.36231488971536
16,2042,Asymmetric ET-NMPC,58,5.7,18.3362384188203,14.6147133829433,7.49480060882281
16,2042,Asymmetric ET-NMPC,59,5.8,18.7444982045553,14.8650996803985,7.63843434231982
16,2042,Asymmetric ET-NMPC,60,5.9,19.1574617971668,15.1065475372509,7.78391287544005
16,2042,Asymmetric ET-NMPC,61,6,19.5742701710664,15.3386520368985,7.93357342699082
16,2042,Asymmetric ET-NMPC,62,6.1,19.9969433779862,15.5616667765372,8.08058290306639
16,2042,Asymmetric ET-NMPC,63,6.2,20.4264367425325,15.7771849702546,8.21873990791035
16,2042,Asymmetric ET-NMPC,64,6.3,20.8600619271761,15.984286672658,8.35686334583634
16,2042,Asymmetric ET-NMPC,65,6.4,21.2898715281532,16.190151622887,8.480724052519
16,2042,Asymmetric ET-NMPC,66,6.5,21.6938606016896,16.3859481161614,8.59309883141012
16,2042,Asymmetric ET-NMPC,67,6.6,22.0707107469945,16.5723596157216,8.69679026604743
16,2042,Asymmetric ET-NMPC,68,6.7,22.4231621031144,16.7583223910524,8.78303183727908
16,2042,Asymmetric ET-NMPC,69,6.8,22.7495608487506,16.9555080452354,8.85951080244229
16,2042,Asymmetric ET-NMPC,70,6.9,23.0535410208807,17.1711402368994,8.92843114227313
16,2042,Asymmetric ET-NMPC,71,7,23.3381007473991,17.406192829563,8.98528109200008
16,2042,Asymmetric ET-NMPC,72,7.1,23.6474778689527,17.6497689119883,9.02758982355414
16,2042,Asymmetric ET-NMPC,73,7.2,23.9731815182489,17.8874660390401,9.05435125514842
16,2042,Asymmetric ET-NMPC,74,7.3,24.3076670618501,18.1066433413578,9.07424076084958
16,2042,Asymmetric ET-NMPC,75,7.4,24.638464480946,18.3010612127614,9.08765183897032
16,2042,Asymmetric ET-NMPC,76,7.5,24.9571903624111,18.4682698474082,9.0973299003038
16,2042,Asymmetric ET-NMPC,77,7.6,25.2612866684746,18.6093200099212,9.1057003457948
16,2042,Asymmetric ET-NMPC,78,7.7,25.5496902188778,18.7248018876925,9.11408612628409
16,2042,Asymmetric ET-NMPC,79,7.8,25.8185818288435,18.8175381719417,9.12385832506757
16,2042,Asymmetric ET-NMPC,80,7.9,26.0662943615314,18.8890953795828,9.13533152346441
16,2042,Asymmetric ET-NMPC,81,8,26.2966863863953,18.9779730956411,9.16412522984697
16,2042,Asymmetric ET-NMPC,82,8.1,26.5097579033796,19.0841713201086,9.2102394441679
16,2042,Asymmetric ET-NMPC,83,8.2,26.7151343391435,19.2108730290457,9.27685714232974
16,2042,Asymmetric ET-NMPC,84,8.3,26.9313555014732,19.357353412535,9.36325351432666
16,2042,Asymmetric ET-NMPC,85,8.4,27.1648971717517,19.5211543043533,9.46697039427275
16,2042,Asymmetric ET-NMPC,86,8.5,27.4157593501032,19.7022757044818,9.58800778206268
16,2042,Asymmetric ET-NMPC,87,8.6,27.6839420366409,19.9007176129332,9.72636567757059
16,2042,Asymmetric ET-NMPC,88,8.7,27.969445231474,20.1164800297676,9.88204408062723
16,2042,Asymmetric ET-NMPC,89,8.8,28.272268934773,20.3495629551285,10.0550429909185
16,2042,Asymmetric ET-NMPC,90,8.9,28.5924131468791,20.5999663893554,10.2453624077638
16,2042,Asymmetric ET-NMPC,91,9,28.9298778688307,20.8676903335189,10.453002329054
16,2042,Asymmetric ET-NMPC,92,9.1,29.2796005542571,21.1487446658377,10.6736887708281
16,2042,Asymmetric ET-NMPC,93,9.2,29.6329407007385,21.4366213583149,10.8793043121008
16,2042,Asymmetric ET-NMPC,94,9.3,29.9911507400269,21.7319055194345,11.065026771553
16,2042,Asymmetric ET-NMPC,95,9.4,30.3520076615701,22.0328431707701,11.2359618825834
16,2042,Asymmetric ET-NMPC,96,9.5,30.7095135069803,22.3337050674262,11.4139272995554
16,2042,Asymmetric ET-NMPC,97,9.6,31.0611633818167,22.6441626992156,11.5870123202567
16,2042,Asymmetric ET-NMPC,98,9.7,31.398468693479,22.9653630016396,11.7688240152799
16,2042,Asymmetric ET-NMPC,99,9.8,31.7150437214379,23.3073808261371,11.9499429248361
16,2042,Asymmetric ET-NMPC,100,9.9,32.0104241657463,23.6603345309025,12.1453247955727
16,2042,Asymmetric ET-NMPC,101,10,32.2828204394893,24.0247415825314,12.3527079452596
16,2042,Asymmetric ET-NMPC,102,10.1,32.5308871977632,24.4045689220982,12.5629318153531
16,2042,Asymmetric ET-NMPC,103,10.2,32.7550448144502,24.8008125316887,12.7696789186941
16,2042,Asymmetric ET-NMPC,104,10.3,32.9556111555136,25.2045358850449,12.9859671448815
16,2042,Asymmetric ET-NMPC,105,10.4,33.1386940553387,25.6252054141567,13.184757987398
16,2042,Asymmetric ET-NMPC,106,10.5,33.3002146221365,26.060527218168,13.370246621696
16,2042,Asymmetric ET-NMPC,107,10.6,33.4432862215289,26.5096273108636,13.5370987244339
16,2042,Asymmetric ET-NMPC,108,10.7,33.5672001940565,26.9599167044533,13.7156618489392
16,2042,Asymmetric ET-NMPC,109,10.8,33.6949410083275,27.418212413107,13.8694387256112
16,2042,Asymmetric ET-NMPC,110,10.9,33.8356052713883,27.8794118767227,14.0017588671547
16,2042,Asymmetric ET-NMPC,111,11,33.9884305109792,28.3423041271264,14.1130027913045
16,2042,Asymmetric ET-NMPC,112,11.1,34.1526481077728,28.8057854989583,14.2036537640963
16,2042,Asymmetric ET-NMPC,113,11.2,34.3274939445617,29.2688629585325,14.2742809528549
16,2042,Asymmetric ET-NMPC,114,11.3,34.5122174638051,29.730654549744,14.3255230032108
16,2042,Asymmetric ET-NMPC,115,11.4,34.7060891654991,30.1903874014799,14.3580724781221
16,2042,Asymmetric ET-NMPC,116,11.5,34.908406552777,30.6473937861939,14.3726614854796
16,2042,Asymmetric ET-NMPC,117,11.6,35.1184986416829,31.1011056854543,14.3700486998611
16,2042,Asymmetric ET-NMPC,118,11.7,35.3357291661767,31.5510482893683,14.3510078907607
16,2042,Asymmetric ET-NMPC,119,11.8,35.5594986367136,31.9968328053692,14.3163179880581
16,2042,Asymmetric ET-NMPC,120,11.9,35.7892454147618,32.4381488979061,14.2667546503537
16,2042,Asymmetric ET-NMPC,121,12,36.0244459705009,32.8747570206944,14.2030832619962
16,2042,Asymmetric ET-NMPC,122,12.1,36.2646144734807,33.306480852227,14.1260532453584
16,2042,Asymmetric ET-NMPC,123,12.2,36.5093018600568,33.7331999924725,14.0363935654645
16,2042,Asymmetric ET-NMPC,124,12.3,36.758094504427,34.1548430340429,13.9348092871405
16,2042,Asymmetric ET-NMPC,125,12.4,37.010612551911,34.5713811102805,13.8219790308301
16,2042,Asymmetric ET-NMPC,126,12.5,37.2641293112662,34.9839617660115,13.6974541126704
16,2042,Asymmetric ET-NMPC,127,12.6,37.51507993129,35.3950588907934,13.5632045677711
16,2042,Asymmetric ET-NMPC,128,12.7,37.7604953615755,35.8074661822656,13.422878189216
16,2042,Asymmetric ET-NMPC,129,12.8,38.0009254410992,36.2212342520481,13.2780011334457
16,2042,Asymmetric ET-NMPC,130,12.9,38.2381799346136,36.6358569511019,13.1303585828834
16,2042,Asymmetric ET-NMPC,131,13,38.4696684430662,37.0444529754054,12.9835061747633
16,2042,Asymmetric ET-NMPC,132,13.1,38.6902591884489,37.4371287691592,12.8420538241995
16,2042,Asymmetric ET-NMPC,133,13.2,38.896283825921,37.8074420305421,12.7092629541057
16,2042,Asymmetric ET-NMPC,134,13.3,39.0870611141068,38.1537817523711,12.5861047233694
16,2042,Asymmetric ET-NMPC,135,13.4,39.2626401858628,38.4762109352869,12.4728105864202
16,2042,Asymmetric ET-NMPC,136,13.5,39.4222744555609,38.7754935985077,12.3700046291671
16,2042,Asymmetric ET-NMPC,137,13.6,39.5655285595888,39.0520966098625,12.2780302721585
16,2042,Asymmetric ET-NMPC,138,13.7,39.6922453360182,39.3062065750002,12.1970367925183
16,2042,Asymmetric ET-NMPC,139,13.8,39.8024824755737,39.5377649929577,12.1269908828494
16,2042,Asymmetric ET-NMPC,140,13.9,39.8965121810846,39.7464787395689,12.0676892773817
16,2042,Symmetric-energy ET-NMPC,1,0,0,0,3
16,2042,Symmetric-energy ET-NMPC,2,0.1,0,0,3
16,2042,Symmetric-energy ET-NMPC,3,0.2,0.0209497155622598,0.0209497155622598,3.00471368600151
16,2042,Symmetric-energy ET-NMPC,4,0.3,0.0628491466867795,0.0628491466867795,3.01414105800453
16,2042,Symmetric-energy ET-NMPC,5,0.4,0.125698293373559,0.125698293373559,3.02828211600905
16,2042,Symmetric-energy ET-NMPC,6,0.5,0.209497155622598,0.209497155622598,3.04713686001508
16,2042,Symmetric-energy ET-NMPC,7,0.6,0.314245733433897,0.314245733433897,3.07070529002263
16,2042,Symmetric-energy ET-NMPC,8,0.7,0.439944026807456,0.439944026807456,3.09898740603168
16,2042,Symmetric-energy ET-NMPC,9,0.8,0.586592035743275,0.586592035743275,3.13198320804224
16,2042,Symmetric-energy ET-NMPC,10,0.9,0.754189760241354,0.754189760241354,3.16969269605431
16,2042,Symmetric-energy ET-NMPC,11,1,0.942737200301692,0.942737200301692,3.21211587006788
16,2042,Symmetric-energy ET-NMPC,12,1.1,1.15223435592429,1.15223435592429,3.25925273008297
16,2042,Symmetric-energy ET-NMPC,13,1.2,1.38268122710915,1.38268122710915,3.31110327609956
16,2042,Symmetric-energy ET-NMPC,14,1.3,1.63407781385627,1.63407781385627,3.36766750811766
16,2042,Symmetric-energy ET-NMPC,15,1.4,1.90642411616564,1.90642411616564,3.42894542613727
16,2042,Symmetric-energy ET-NMPC,16,1.5,2.19972013403728,2.19972013403728,3.49493703015839
16,2042,Symmetric-energy ET-NMPC,17,1.6,2.5104742482108,2.5104742482108,3.56485670584743
16,2042,Symmetric-energy ET-NMPC,18,1.7,2.83432193461074,2.83432193461074,3.63772243528742
16,2042,Symmetric-energy ET-NMPC,19,1.8,3.16798980018048,3.16798980018048,3.71279770504061
16,2042,Symmetric-energy ET-NMPC,20,1.9,3.50902280012758,3.50902280012758,3.78953013002871
16,2042,Symmetric-energy ET-NMPC,21,2,3.85557965085769,3.85557965085769,3.86750542144298
16,2042,Symmetric-energy ET-NMPC,22,2.1,4.20474157689536,4.20474157689536,3.94606685480146
16,2042,Symmetric-energy ET-NMPC,23,2.2,4.55390350293302,4.55390350293302,4.02462828815993
16,2042,Symmetric-energy ET-NMPC,24,2.3,4.90306542897069,4.90306542897069,4.1031897215184
16,2042,Symmetric-energy ET-NMPC,25,2.4,5.25222735500835,5.25222735500835,4.18175115487688
16,2042,Symmetric-energy ET-NMPC,26,2.5,5.60138928104601,5.60138928104601,4.26031258823535
16,2042,Symmetric-energy ET-NMPC,27,2.6,5.95055120708368,5.95055120708368,4.33887402159383
16,2042,Symmetric-energy ET-NMPC,28,2.7,6.29971313312134,6.29971313312134,4.4174354549523
16,2042,Symmetric-energy ET-NMPC,29,2.8,6.64887505915901,6.64887505915901,4.49599688831078
16,2042,Symmetric-energy ET-NMPC,30,2.9,6.99803698519667,6.99803698519667,4.57455832166925
16,2042,Symmetric-energy ET-NMPC,31,3,7.34719891123433,7.34719891123433,4.65311975502772
16,2042,Symmetric-energy ET-NMPC,32,3.1,7.71173795014144,7.67623079207093,4.74719052894724
16,2042,Symmetric-energy ET-NMPC,33,3.2,8.09274856818575,7.98283560144603,4.85123090479025
16,2042,Symmetric-energy ET-NMPC,34,3.3,8.48968996604623,8.26586461469751,4.96228091299582
16,2042,Symmetric-energy ET-NMPC,35,3.4,8.90270895868736,8.52454984636472,5.07407206933204
16,2042,Symmetric-energy ET-NMPC,36,3.5,9.33108585568492,8.75897480832204,5.18148794958283
16,2042,Symmetric-energy ET-NMPC,37,3.6,9.75654070825288,9.00088730187394,5.28379393127441
16,2042,Symmetric-energy ET-NMPC,38,3.7,10.1787834220509,9.24959087577093,5.3830794940485
16,2042,Symmetric-energy ET-NMPC,39,3.8,10.5979381218691,9.50469203752126,5.47916661542228
16,2042,Symmetric-energy ET-NMPC,40,3.9,11.0133007302893,9.765038455726,5.57762293088409
16,2042,Symmetric-energy ET-NMPC,41,4,11.4282615582868,10.0272145689411,5.67286576204248
16,2042,Symmetric-energy ET-NMPC,42,4.1,11.8413868883183,10.2909133158976,5.7718123766381
16,2042,Symmetric-energy ET-NMPC,43,4.2,12.2623242913236,10.5466908465147,5.85777491256257
16,2042,Symmetric-energy ET-NMPC,44,4.3,12.6872071280126,10.7937578079297,5.94960351194358
16,2042,Symmetric-energy ET-NMPC,45,4.4,13.1113156100577,11.0388917122333,6.0498101205994
16,2042,Symmetric-energy ET-NMPC,46,4.5,13.5330640533088,11.2877139420547,6.15088310691143
16,2042,Symmetric-energy ET-NMPC,47,4.6,13.9511934199155,11.5424401918925,6.25228513068101
16,2042,Symmetric-energy ET-NMPC,48,4.7,14.3646171773704,11.8010795833144,6.36267744009048
16,2042,Symmetric-energy ET-NMPC,49,4.8,14.7746145531185,12.0648638960419,6.47367288251304
16,2042,Symmetric-energy ET-NMPC,50,4.9,15.179963084975,12.3343651328828,6.58796046304156
16,2042,Symmetric-energy ET-NMPC,51,5,15.5817966637881,12.6122877350376,6.69420923785666
16,2042,Symmetric-energy ET-NMPC,52,5.1,15.9811117028108,12.8955541277159,6.79573583727451
16,2042,Symmetric-energy ET-NMPC,53,5.2,16.3738199208645,13.1861938526738,6.90207870609732
16,2042,Symmetric-energy ET-NMPC,54,5.3,16.7630401029956,13.4771365826341,7.01980711263134
16,2042,Symmetric-energy ET-NMPC,55,5.4,17.1471529701939,13.7758629653381,7.13478473449471
16,2042,Symmetric-energy ET-NMPC,56,5.5,17.5369486843821,14.0688424385543,7.24533937923846
16,2042,Symmetric-energy ET-NMPC,57,5.6,17.9331452661086,14.3480772237939,7.3680431010258
16,2042,Symmetric-energy ET-NMPC,58,5.7,18.3352840093419,14.6139132672436,7.50076698430907
16,2042,Symmetric-energy ET-NMPC,59,5.8,18.743560825891,14.8641519207071,7.64460945849947
16,2042,Symmetric-energy ET-NMPC,60,5.9,19.1565381356526,15.1054080520592,7.79036686210951
16,2042,Symmetric-energy ET-NMPC,61,6,19.5733433725681,15.3372978739476,7.94036854538137
16,2042,Symmetric-energy ET-NMPC,62,6.1,19.9960119632043,15.5600722853635,8.08775519371781
16,2042,Symmetric-energy ET-NMPC,63,6.2,20.4254580602935,15.7753270598075,8.22646868179289
16,2042,Symmetric-energy ET-NMPC,64,6.3,20.8589715760878,15.9821494641078,8.36535901516106
16,2042,Symmetric-energy ET-NMPC,65,6.4,21.2888034116909,16.1878269830651,8.49049402469838
16,2042,Symmetric-energy ET-NMPC,66,6.5,21.6926490386214,16.3835149914666,8.60445197569232
16,2042,Symmetric-energy ET-NMPC,67,6.6,22.0692542979891,16.5699661997079,8.70988678771988
16,2042,Symmetric-energy ET-NMPC,68,6.7,22.4213337227353,16.755967021161,8.79805079814864
16,2042,Symmetric-energy ET-NMPC,69,6.8,22.7472489332986,16.9530649262655,8.87660811140194
16,2042,Symmetric-energy ET-NMPC,70,6.9,23.0506179480028,17.1684389741678,8.94757255584824
16,2042,Symmetric-energy ET-NMPC,71,7,23.3729616655538,17.4019937374329,9.00406557186586
16,2042,Symmetric-energy ET-NMPC,72,7.1,23.7158429534331,17.6469022195145,9.04252993434285
16,2042,Symmetric-energy ET-NMPC,73,7.2,24.0636079410659,17.8856384946921,9.06637562885286
16,2042,Symmetric-energy ET-NMPC,74,7.3,24.4096499593001,18.1059343744548,9.08362075572991
16,2042,Symmetric-energy ET-NMPC,75,7.4,24.7449132455146,18.3013042266058,9.0948809682914
16,2042,Symmetric-energy ET-NMPC,76,7.5,25.0650796221612,18.4709181818032,9.10318870839537
16,2042,Symmetric-energy ET-NMPC,77,7.6,25.3686087454326,18.6155812216276,9.11068797946805
16,2042,Symmetric-energy ET-NMPC,78,7.7,25.6894583677946,18.7775647743019,9.13550776282712
16,2042,Symmetric-energy ET-NMPC,79,7.8,26.0198551645664,18.9596586662256,9.18043788472298
16,2042,Symmetric-energy ET-NMPC,80,7.9,26.3628352453726,19.1610095178385,9.24462496552823
16,2042,Symmetric-energy ET-NMPC,81,8,26.7214095510718,19.3804824579463,9.32693413392218
16,2042,Symmetric-energy ET-NMPC,82,8.1,27.0935074646396,19.6188909740145,9.4281788771228
16,2042,Symmetric-energy ET-NMPC,83,8.2,27.4829258864116,19.8746199984635,9.54674412796561
16,2042,Symmetric-energy ET-NMPC,84,8.3,27.8829545761475,20.1431648531905,9.6803880892503
16,2042,Symmetric-energy ET-NMPC,85,8.4,28.2782385286115,20.4139165191302,9.82337106836061
16,2042,Symmetric-energy ET-NMPC,86,8.5,28.6688635211438,20.6866430689875,9.97513517548798
16,2042,Symmetric-energy ET-NMPC,87,8.6,29.0549315956636,20.9611353953758,10.1351520639419
16,2042,Symmetric-energy ET-NMPC,88,8.7,29.4365578264477,21.2372052654593,10.3029222842124
16,2042,Symmetric-energy ET-NMPC,89,8.8,29.8157783071448,21.5167834648058,10.4703375089383
16,2042,Symmetric-energy ET-NMPC,90,8.9,30.1920080567226,21.7989437176126,10.6401514284756
16,2042,Symmetric-energy ET-NMPC,91,9,30.5673886906606,22.0856019653845,10.8042136991189
16,2042,Symmetric-energy ET-NMPC,92,9.1,30.9336135374389,22.3774552493957,10.9794307708159
16,2042,Symmetric-energy ET-NMPC,93,9.2,31.2868050599216,22.6805543886854,11.1621509399495
16,2042,Symmetric-energy ET-NMPC,94,9.3,31.6231663020569,23.0045976868639,11.3406363894819
16,2042,Symmetric-energy ET-NMPC,95,9.4,31.9372840301559,23.3441171233338,11.5305221581774
16,2042,Symmetric-energy ET-NMPC,96,9.5,32.2292411453822,23.6951377998808,11.7343493582887
16,2042,Symmetric-energy ET-NMPC,97,9.6,32.4985409619454,24.056321346517,11.9511996625043
16,2042,Symmetric-energy ET-NMPC,98,9.7,32.7448726427671,24.4263419883576,12.1801219804102
16,2042,Symmetric-energy ET-NMPC,99,9.8,32.9665300650625,24.8099031580704,12.4119598897992
16,2042,Symmetric-energy ET-NMPC,100,9.9,33.1633926976278,25.206683861528,12.6439300975053
16,2042,Symmetric-energy ET-NMPC,101,10,33.336072130462,25.6175368151945,12.8706053364255
16,2042,Symmetric-energy ET-NMPC,102,10.1,33.4889383217776,26.0441869679788,13.0817961853792
16,2042,Symmetric-energy ET-NMPC,103,10.2,33.623444560524,26.4854218038067,13.2747207597348
16,2042,Symmetric-energy ET-NMPC,104,10.3,33.7355956179774,26.9381158519235,13.4549712496417
16,2042,Symmetric-energy ET-NMPC,105,10.4,33.8292255381053,27.4021796378591,13.615838401789
16,2042,Symmetric-energy ET-NMPC,106,10.5,33.9325091564904,27.871647037552,13.7534351125012
16,2042,Symmetric-energy ET-NMPC,107,10.6,34.0494355158069,28.3435905715944,13.8700435477562
16,2042,Symmetric-energy ET-NMPC,108,10.7,34.1783127752752,28.8097293884564,13.9969500306734
16,2042,Symmetric-energy ET-NMPC,109,10.8,34.3197491102064,29.2774431637073,14.1029669519726
16,2042,Symmetric-energy ET-NMPC,110,10.9,34.4729878679245,29.7456185719961,14.1885804451065
16,2042,Symmetric-energy ET-NMPC,111,11,34.637272760892,30.2132545152093,14.2543611304009
16,2042,Symmetric-energy ET-NMPC,112,11.1,34.8118572960801,30.6794625364622,14.300947834433
16,2042,Symmetric-energy ET-NMPC,113,11.2,34.996012657266,31.1434647700941,14.3290321740395
16,2042,Symmetric-energy ET-NMPC,114,11.3,35.1890340618271,31.6045899124853,14.3393443239572
16,2042,Symmetric-energy ET-NMPC,115,11.4,35.3902456741313,32.0622676828179,14.3326401746903
16,2042,Symmetric-energy ET-NMPC,116,11.5,35.5990042011876,32.5160222049913,14.3096899897587
16,2042,Symmetric-energy ET-NMPC,117,11.6,35.8147013196619,32.9654646920607,14.2712685907885
16,2042,Symmetric-energy ET-NMPC,118,11.7,36.0367650910666,33.4102857594739,14.2181470375838
16,2042,Symmetric-energy ET-NMPC,119,11.8,36.2646605309647,33.8502476311043,14.1510857224674
16,2042,Symmetric-energy ET-NMPC,120,11.9,36.4978894737352,34.2851764561226,14.0708287762115
16,2042,Symmetric-energy ET-NMPC,121,12,36.7359898827982,34.7149548929367,13.978099652126
16,2042,Symmetric-energy ET-NMPC,122,12.1,36.9785347266014,35.1395150795167,13.8735977539823
16,2042,Symmetric-energy ET-NMPC,123,12.2,37.2248022506392,35.5589817955864,13.7578394682571
16,2042,Symmetric-energy ET-NMPC,124,12.3,37.4726846206037,35.9736177912723,13.6288769863396
16,2042,Symmetric-energy ET-NMPC,125,12.4,37.7226095279372,36.3825599885676,13.4863855130311
16,2042,Symmetric-energy ET-NMPC,126,12.5,37.9742208851634,36.7871379878126,13.3347004200202
16,2042,Symmetric-energy ET-NMPC,127,12.6,38.2247055044011,37.1842988794244,13.1783224662247
16,2042,Symmetric-energy ET-NMPC,128,12.7,38.4672075071427,37.5652765700705,13.0235197976975
16,2042,Symmetric-energy ET-NMPC,129,12.8,38.6966575108631,37.9238423766896,12.8749072960891
16,2042,Symmetric-energy ET-NMPC,130,12.9,38.9108334842282,38.2580677449922,12.7349114678102
16,2042,Symmetric-energy ET-NMPC,131,13,39.1095487437924,38.5683474543998,12.6042736173498
16,2042,Symmetric-energy ET-NMPC,132,13.1,39.2917897281893,38.8557739714131,12.4839474037671
16,2042,Symmetric-energy ET-NMPC,133,13.2,39.4569293180373,39.1210862117707,12.3745070099735
16,2042,Symmetric-energy ET-NMPC,134,13.3,39.6046434383546,39.364705142443,12.2762805952476
16,2042,Symmetric-energy ET-NMPC,135,13.4,39.7348343076607,39.5867807286154,12.1894040695852
16,2042,Symmetric-energy ET-NMPC,136,13.5,39.847615590701,39.7872128209151,12.1138618052152
17,2043,Asymmetric ET-NMPC,1,0,0,0,3
17,2043,Asymmetric ET-NMPC,2,0.1,0,0,3
17,2043,Asymmetric ET-NMPC,3,0.2,0.0209497155622598,0.0209497155622598,3.00471368600151
17,2043,Asymmetric ET-NMPC,4,0.3,0.0628491466867795,0.0628491466867795,3.01414105800453
17,2043,Asymmetric ET-NMPC,5,0.4,0.125698293373559,0.125698293373559,3.02828211600905
17,2043,Asymmetric ET-NMPC,6,0.5,0.209497155622598,0.209497155622598,3.04713686001508
17,2043,Asymmetric ET-NMPC,7,0.6,0.314245733433897,0.314245733433897,3.07070529002263
17,2043,Asymmetric ET-NMPC,8,0.7,0.439944026807456,0.439944026807456,3.09898740603168
17,2043,Asymmetric ET-NMPC,9,0.8,0.586592035743275,0.586592035743275,3.13198320804224
17,2043,Asymmetric ET-NMPC,10,0.9,0.754189760241354,0.754189760241354,3.16969269605431
17,2043,Asymmetric ET-NMPC,11,1,0.942737200301692,0.942737200301692,3.21211587006788
17,2043,Asymmetric ET-NMPC,12,1.1,1.15223435592429,1.15223435592429,3.25925273008297
17,2043,Asymmetric ET-NMPC,13,1.2,1.38268122710915,1.38268122710915,3.31110327609956
17,2043,Asymmetric ET-NMPC,14,1.3,1.63407781385627,1.63407781385627,3.36766750811766
17,2043,Asymmetric ET-NMPC,15,1.4,1.90642411616564,1.90642411616564,3.42894542613727
17,2043,Asymmetric ET-NMPC,16,1.5,2.19972013403728,2.19972013403728,3.49493703015839
17,2043,Asymmetric ET-NMPC,17,1.6,2.5104742482108,2.5104742482108,3.56485670584743
17,2043,Asymmetric ET-NMPC,18,1.7,2.83432193461074,2.83432193461074,3.63772243528742
17,2043,Asymmetric ET-NMPC,19,1.8,3.16798980018048,3.16798980018048,3.71279770504061
17,2043,Asymmetric ET-NMPC,20,1.9,3.50902280012758,3.50902280012758,3.78953013002871
17,2043,Asymmetric ET-NMPC,21,2,3.85557965085769,3.85557965085769,3.86750542144298
17,2043,Asymmetric ET-NMPC,22,2.1,4.20474157689536,4.20474157689536,3.94606685480146
17,2043,Asymmetric ET-NMPC,23,2.2,4.55390350293302,4.55390350293302,4.02462828815993
17,2043,Asymmetric ET-NMPC,24,2.3,4.90306542897069,4.90306542897069,4.1031897215184
17,2043,Asymmetric ET-NMPC,25,2.4,5.25222735500835,5.25222735500835,4.18175115487688
17,2043,Asymmetric ET-NMPC,26,2.5,5.60138928104601,5.60138928104601,4.26031258823535
17,2043,Asymmetric ET-NMPC,27,2.6,5.95055120708368,5.95055120708368,4.33887402159383
17,2043,Asymmetric ET-NMPC,28,2.7,6.29971313312134,6.29971313312134,4.4174354549523
17,2043,Asymmetric ET-NMPC,29,2.8,6.64887505915901,6.64887505915901,4.49599688831078
17,2043,Asymmetric ET-NMPC,30,2.9,7.01602402674959,6.97650619534009,4.584650563936
17,2043,Asymmetric ET-NMPC,31,3,7.40010447612623,7.28147861017537,4.68198521653297
17,2043,Asymmetric ET-NMPC,32,3.1,7.80117743750307,7.56262646192845,4.78246588684842
17,2043,Asymmetric ET-NMPC,33,3.2,8.21706965456055,7.81981799733671,4.88680273511093
17,2043,Asymmetric ET-NMPC,34,3.3,8.64376005434896,8.06179135744797,4.98367479364626
17,2043,Asymmetric ET-NMPC,35,3.4,9.06719607154874,8.31057451107979,5.07753043709404
17,2043,Asymmetric ET-NMPC,36,3.5,9.48876615152987,8.56636026530095,5.16030915176279
17,2043,Asymmetric ET-NMPC,37,3.6,9.90992308074692,8.82843148756824,5.22312248977151
17,2043,Asymmetric ET-NMPC,38,3.7,10.3277467007326,9.0959639299005,5.28516936625867
17,2043,Asymmetric ET-NMPC,39,3.8,10.7437843953362,9.36907085982243,5.33339012421134
17,2043,Asymmetric ET-NMPC,40,3.9,11.1575672122226,9.64489967024426,5.38537327331571
17,2043,Asymmetric ET-NMPC,41,4,11.5728740754791,9.91912883994522,5.43352482383312
17,2043,Asymmetric ET-NMPC,42,4.1,11.9864933455792,10.1939526727319,5.4917567766966
17,2043,Asymmetric ET-NMPC,43,4.2,12.4014739273438,10.4643721077886,5.56005352553493
17,2043,Asymmetric ET-NMPC,44,4.3,12.8216140058311,10.7219084846886,5.64465452447635
17,2043,Asymmetric ET-NMPC,45,4.4,13.2417403139055,10.9783691820891,5.73252827455363
17,2043,Asymmetric ET-NMPC,46,4.5,13.6608170188538,11.2391486769134,5.81233285116958
17,2043,Asymmetric ET-NMPC,47,4.6,14.0767344426205,11.5055035509385,5.89022879259408
17,2043,Asymmetric ET-NMPC,48,4.7,14.4979779721389,11.7691373260923,5.94546574976006
17,2043,Asymmetric ET-NMPC,49,4.8,14.9165416730063,12.0326833376693,6.01859527935
17,2043,Asymmetric ET-NMPC,50,4.9,15.3300805913346,12.3031841666326,6.09485053856535
17,2043,Asymmetric ET-NMPC,51,5,15.7342498040394,12.5868215037487,6.173572254091
17,2043,Asymmetric ET-NMPC,52,5.1,16.1322590669409,12.8821770628236,6.23955498189275
17,2043,Asymmetric ET-NMPC,53,5.2,16.5285148649327,13.1813653880004,6.29844206567033
17,2043,Asymmetric ET-NMPC,54,5.3,16.9093587719108,13.4958578424111,6.37623933192282
17,2043,Asymmetric ET-NMPC,55,5.4,17.2907263455029,13.8121235616586,6.44358002275193
17,2043,Asymmetric ET-NMPC,56,5.5,17.6729516990627,14.129013161005,6.50261188636932
17,2043,Asymmetric ET-NMPC,57,5.6,18.0593629628612,14.436919317908,6.57929391653859
17,2043,Asymmetric ET-NMPC,58,5.7,18.448747003882,14.745603793477,6.63491732115415
17,2043,Asymmetric ET-NMPC,59,5.8,18.8469787621726,15.0387317029761,6.70899495179568
17,2043,Asymmetric ET-NMPC,60,5.9,19.2525820609123,15.3166991949265,6.79965937409173
17,2043,Asymmetric ET-NMPC,61,6,19.6647644240264,15.5784827677253,6.90724682944929
17,2043,Asymmetric ET-NMPC,62,6.1,20.0866619245096,15.8271942549646,7.0079696927986
17,2043,Asymmetric ET-NMPC,63,6.2,20.5210943458439,16.0616227887528,7.08741611398653
17,2043,Asymmetric ET-NMPC,64,6.3,20.9624110137663,16.2893233357299,7.14565750408147
17,2043,Asymmetric ET-NMPC,65,6.4,21.4153919446,16.4971088159194,7.1860737201766
17,2043,Asymmetric ET-NMPC,66,6.5,21.8735007504716,16.6887084406138,7.2446049579888
17,2043,Asymmetric ET-NMPC,67,6.6,22.3414062136943,16.8602295212888,7.2851635128259
17,2043,Asymmetric ET-NMPC,68,6.7,22.8174272845581,17.0115048569068,7.30796072597299
17,2043,Asymmetric ET-NMPC,69,6.8,23.3001111894214,17.141927476747,7.31044833928755
17,2043,Asymmetric ET-NMPC,70,6.9,23.7595707792481,17.2601583028227,7.3274958755377
17,2043,Asymmetric ET-NMPC,71,7,24.1994715477732,17.3979479336382,7.35615830164696
17,2043,Asymmetric ET-NMPC,72,7.1,24.6220518069865,17.5184170587698,7.4021412369877
17,2043,Asymmetric ET-NMPC,73,7.2,25.0227918800822,17.645245274496,7.4676835239834
17,2043,Asymmetric ET-NMPC,74,7.3,25.4062114302023,17.7893939706641,7.55054633178861
17,2043,Asymmetric ET-NMPC,75,7.4,25.7723104721089,17.9508631750742,7.65072964736535
17,2043,Asymmetric ET-NMPC,76,7.5,26.1210890058089,18.1296528877357,7.76823347071116
17,2043,Asymmetric ET-NMPC,77,7.6,26.4525470312765,18.3257631086551,7.90305780179377
17,2043,Asymmetric ET-NMPC,78,7.7,26.7666845484918,18.5391938378448,8.05520264058079
17,2043,Asymmetric ET-NMPC,79,7.8,27.0635015574433,18.7699450753301,8.22466798703541
17,2043,Asymmetric ET-NMPC,80,7.9,27.342998058095,19.0180168211449,8.41145384108797
17,2043,Asymmetric ET-NMPC,81,8,27.6051740504294,19.2834090753564,8.61556020265349
17,2043,Asymmetric ET-NMPC,82,8.1,27.8500295348508,19.5661218379498,8.8369870721512
17,2043,Asymmetric ET-NMPC,83,8.2,28.1091438661133,19.8674985406019,9.07707788089688
17,2043,Asymmetric ET-NMPC,84,8.3,28.3894530828522,20.1900701288805,9.31592223349875
17,2043,Asymmetric ET-NMPC,85,8.4,28.6852060556444,20.5278189811082,9.53604922390078
17,2043,Asymmetric ET-NMPC,86,8.5,28.9807844175852,20.8630464159505,9.76022772171316
17,2043,Asymmetric ET-NMPC,87,8.6,29.2761732008771,21.1958654764516,9.988212238013
17,2043,Asymmetric ET-NMPC,88,8.7,29.5800385693228,21.5361025328597,10.1929183280694
17,2043,Asymmetric ET-NMPC,89,8.8,29.8833662973783,21.8737796615142,10.4026001016605
17,2043,Asymmetric ET-NMPC,90,8.9,30.1641687898103,22.2223170855907,10.6254714193802
17,2043,Asymmetric ET-NMPC,91,9,30.4360000217245,22.5726009538343,10.8565752769947
17,2043,Asymmetric ET-NMPC,92,9.1,30.6847928418617,22.9319466289378,11.0994184742076
17,2043,Asymmetric ET-NMPC,93,9.2,30.9104109612613,23.2990864988346,11.3530023461923
17,2043,Asymmetric ET-NMPC,94,9.3,31.1336319615114,23.6644916065304,11.6111718492656
17,2043,Asymmetric ET-NMPC,95,9.4,31.3337075559911,24.0363899539164,11.8788682737938
17,2043,Asymmetric ET-NMPC,96,9.5,31.5108392688985,24.4136325448461,12.1551152355349
17,2043,Asymmetric ET-NMPC,97,9.6,31.6653630392193,24.7951413226531,12.4389698759092
17,2043,Asymmetric ET-NMPC,98,9.7,31.8267021080786,25.1727463756589,12.7242489126506
17,2043,Asymmetric ET-NMPC,99,9.8,31.965510672286,25.5536140455174,13.0169467099761
17,2043,Asymmetric ET-NMPC,100,9.9,32.1189733929427,25.9450020181039,13.2876211422435
17,2043,Asymmetric ET-NMPC,101,10,32.2619727457226,26.3361484899162,13.5643080098273
17,2043,Asymmetric ET-NMPC,102,10.1,32.38311365887,26.7298668045348,13.8476995550359
17,2043,Asymmetric ET-NMPC,103,10.2,32.5191695767639,27.1337646106143,14.1091481148909
17,2043,Asymmetric ET-NMPC,104,10.3,32.6694093760464,27.5463687935315,14.3482836223981
17,2043,Asymmetric ET-NMPC,105,10.4,32.8330519807659,27.9662414784762,14.5649123978596
17,2043,Asymmetric ET-NMPC,106,10.5,33.009281915884,28.3919996714718,14.7590076607213
17,2043,Asymmetric ET-NMPC,107,10.6,33.197264147787,28.8223315354005,14.9306968198913
17,2043,Asymmetric ET-NMPC,108,10.7,33.3961577614506,29.256009126787,15.0802464008771
17,2043,Asymmetric ET-NMPC,109,10.8,33.6051281494931,29.6918976198014,15.2080454563468
17,2043,Asymmetric ET-NMPC,110,10.9,33.8233575115224,30.1289612079505,15.3145882433505
17,2043,Asymmetric ET-NMPC,111,11,34.0500535751529,30.5662659953405,15.4004568503049
17,2043,Asymmetric ET-NMPC,112,11.1,34.284456545659,31.0029802681021,15.4663043360899
17,2043,Asymmetric ET-NMPC,113,11.2,34.5258443667619,31.4383725762997,15.5128388156243
17,2043,Asymmetric ET-NMPC,114,11.3,34.7735364286923,31.8718080643904,15.5408088016845
17,2043,Asymmetric ET-NMPC,115,11.4,35.0268958960808,32.3027434696334,15.5509899996847
17,2043,Asymmetric ET-NMPC,116,11.5,35.2853308448185,32.7307211731565,15.544173654769
17,2043,Asymmetric ET-NMPC,117,11.6,35.5482944016566,33.1553626419934,15.5211564716411
17,2043,Asymmetric ET-NMPC,118,11.7,35.8152840743826,33.5763615490254,15.4827320661745
17,2043,Asymmetric ET-NMPC,119,11.8,36.0858404477162,33.9934768054479,15.4296838644309
17,2043,Asymmetric ET-NMPC,120,11.9,36.3595454012862,34.4065256912555,15.3627793330128
17,2043,Asymmetric ET-NMPC,121,12,36.6360199831714,34.815377226916,15.282765413227
17,2043,Asymmetric ET-NMPC,122,12.1,36.9149218553102,35.219945999497,15.190364904734
17,2043,Asymmetric ET-NMPC,123,12.2,37.1928164850672,35.621964003271,15.0847424668066
17,2043,Asymmetric ET-NMPC,124,12.3,37.4664371892123,36.0227478287684,14.9643097657536
17,2043,Asymmetric ET-NMPC,125,12.4,37.7352700630659,36.4203695488561,14.8242174617178
17,2043,Asymmetric ET-NMPC,126,12.5,37.9982668395827,36.8123810911408,14.6594156223549
17,2043,Asymmetric ET-NMPC,127,12.6,38.254377555048,37.1963892127813,14.4672046342769
17,2043,Asymmetric ET-NMPC,128,12.7,38.5016298899975,37.5695959630364,14.2484444565533
17,2043,Asymmetric ET-NMPC,129,12.8,38.7337623999154,37.923121342213,14.0132900017593
17,2043,Asymmetric ET-NMPC,130,12.9,38.9481582310695,38.252904387374,13.7734759545017
17,2043,Asymmetric ET-NMPC,131,13,39.1449995561432,38.5585946506871,13.5370349146705
17,2043,Asymmetric ET-NMPC,132,13.1,39.3246541005889,38.8410972006094,13.3087758378896
17,2043,Asymmetric ET-NMPC,133,13.2,39.4871799259955,39.1017980049256,13.0919749840337
17,2043,Asymmetric ET-NMPC,134,13.3,39.6328553465507,39.3417783764559,12.8888389580771
17,2043,Asymmetric ET-NMPC,135,13.4,39.7620556017279,39.5618146834477,12.7008951411582
17,2043,Asymmetric ET-NMPC,136,13.5,39.8752217338571,39.7624093217721,12.5292279460483
17,2043,Asymmetric ET-NMPC,137,13.6,39.9758780976444,39.9409702214229,12.3736237536494
17,2043,Symmetric-energy ET-NMPC,1,0,0,0,3
17,2043,Symmetric-energy ET-NMPC,2,0.1,0,0,3
17,2043,Symmetric-energy ET-NMPC,3,0.2,0.0209497155622598,0.0209497155622598,3.00471368600151
17,2043,Symmetric-energy ET-NMPC,4,0.3,0.0628491466867795,0.0628491466867795,3.01414105800453
17,2043,Symmetric-energy ET-NMPC,5,0.4,0.125698293373559,0.125698293373559,3.02828211600905
17,2043,Symmetric-energy ET-NMPC,6,0.5,0.209497155622598,0.209497155622598,3.04713686001508
17,2043,Symmetric-energy ET-NMPC,7,0.6,0.314245733433897,0.314245733433897,3.07070529002263
17,2043,Symmetric-energy ET-NMPC,8,0.7,0.439944026807456,0.439944026807456,3.09898740603168
17,2043,Symmetric-energy ET-NMPC,9,0.8,0.586592035743275,0.586592035743275,3.13198320804224
17,2043,Symmetric-energy ET-NMPC,10,0.9,0.754189760241354,0.754189760241354,3.16969269605431
17,2043,Symmetric-energy ET-NMPC,11,1,0.942737200301692,0.942737200301692,3.21211587006788
17,2043,Symmetric-energy ET-NMPC,12,1.1,1.15223435592429,1.15223435592429,3.25925273008297
17,2043,Symmetric-energy ET-NMPC,13,1.2,1.38268122710915,1.38268122710915,3.31110327609956
17,2043,Symmetric-energy ET-NMPC,14,1.3,1.63407781385627,1.63407781385627,3.36766750811766
17,2043,Symmetric-energy ET-NMPC,15,1.4,1.90642411616564,1.90642411616564,3.42894542613727
17,2043,Symmetric-energy ET-NMPC,16,1.5,2.19972013403728,2.19972013403728,3.49493703015839
17,2043,Symmetric-energy ET-NMPC,17,1.6,2.5104742482108,2.5104742482108,3.56485670584743
17,2043,Symmetric-energy ET-NMPC,18,1.7,2.83432193461074,2.83432193461074,3.63772243528742
17,2043,Symmetric-energy ET-NMPC,19,1.8,3.16798980018048,3.16798980018048,3.71279770504061
17,2043,Symmetric-energy ET-NMPC,20,1.9,3.50902280012758,3.50902280012758,3.78953013002871
17,2043,Symmetric-energy ET-NMPC,21,2,3.85557965085769,3.85557965085769,3.86750542144298
17,2043,Symmetric-energy ET-NMPC,22,2.1,4.20474157689536,4.20474157689536,3.94606685480146
17,2043,Symmetric-energy ET-NMPC,23,2.2,4.55390350293302,4.55390350293302,4.02462828815993
17,2043,Symmetric-energy ET-NMPC,24,2.3,4.90306542897069,4.90306542897069,4.1031897215184
17,2043,Symmetric-energy ET-NMPC,25,2.4,5.25222735500835,5.25222735500835,4.18175115487688
17,2043,Symmetric-energy ET-NMPC,26,2.5,5.60138928104601,5.60138928104601,4.26031258823535
17,2043,Symmetric-energy ET-NMPC,27,2.6,5.95055120708368,5.95055120708368,4.33887402159383
17,2043,Symmetric-energy ET-NMPC,28,2.7,6.29971313312134,6.29971313312134,4.4174354549523
17,2043,Symmetric-energy ET-NMPC,29,2.8,6.64887505915901,6.64887505915901,4.49599688831078
17,2043,Symmetric-energy ET-NMPC,30,2.9,7.0160037154098,6.97651492740811,4.58470239261124
17,2043,Symmetric-energy ET-NMPC,31,3,7.40004808309201,7.28150242996759,4.68213209513616
17,2043,Symmetric-energy ET-NMPC,32,3.1,7.8010571740467,7.56266604722157,4.78282335247442
17,2043,Symmetric-energy ET-NMPC,33,3.2,8.21688731826912,7.81986435300723,4.88739066408253
17,2043,Symmetric-energy ET-NMPC,34,3.3,8.64356466905633,8.0617437874262,4.98455432771437
17,2043,Symmetric-energy ET-NMPC,35,3.4,9.06698985873625,8.31043888783863,5.07869175797126
17,2043,Symmetric-energy ET-NMPC,36,3.5,9.48855327458608,8.56614415957571,5.16175258160609
17,2043,Symmetric-energy ET-NMPC,37,3.6,9.90971373045968,8.82814432337648,5.22483811542101
17,2043,Symmetric-energy ET-NMPC,38,3.7,10.3275404749814,9.09560919887913,5.28715466165683
17,2043,Symmetric-energy ET-NMPC,39,3.8,10.7435940930523,9.36865516319756,5.335582837954
17,2043,Symmetric-energy ET-NMPC,40,3.9,11.1573820272134,9.64443412200238,5.387789268815
17,2043,Symmetric-energy ET-NMPC,41,4,11.5727144232229,9.91858475799935,5.43616725562154
17,2043,Symmetric-energy ET-NMPC,42,4.1,11.9863431016578,10.1933487595734,5.49461432411285
17,2043,Symmetric-energy ET-NMPC,43,4.2,12.4013116205726,10.4637301720422,5.56313454084494
17,2043,Symmetric-energy ET-NMPC,44,4.3,12.8213431375625,10.7213268056459,5.64809040639407
17,2043,Symmetric-energy ET-NMPC,45,4.4,13.2413707265017,10.9778305878891,5.73630964593347
17,2043,Symmetric-energy ET-NMPC,46,4.5,13.6603940015334,11.2386002597819,5.81642626844485
17,2043,Symmetric-energy ET-NMPC,47,4.6,14.0762603427227,11.5049452159509,5.8946282542838
17,2043,Symmetric-energy ET-NMPC,48,4.7,14.4975416905967,11.7684599049488,5.95014432957583
17,2043,Symmetric-energy ET-NMPC,49,4.8,14.9161079441846,12.0318981513911,6.02364658579108
17,2043,Symmetric-energy ET-NMPC,50,4.9,15.3296463286721,12.3023106798516,6.10021726560408
17,2043,Symmetric-energy ET-NMPC,51,5,15.7337009660116,12.5858336040054,6.17993302015613
17,2043,Symmetric-energy ET-NMPC,52,5.1,16.1315089291425,12.8811284108551,6.24738523670371
17,2043,Symmetric-energy ET-NMPC,53,5.2,16.5276199365802,13.1802872488809,6.30738573185007
17,2043,Symmetric-energy ET-NMPC,54,5.3,16.9083536353715,13.4946365102931,6.38629322486733
17,2043,Symmetric-energy ET-NMPC,55,5.4,17.2896636251858,13.8108004333475,6.45443326762213
17,2043,Symmetric-energy ET-NMPC,56,5.5,17.6718852155715,14.1276185001627,6.51387204606354
17,2043,Symmetric-energy ET-NMPC,57,5.6,18.0583271120872,14.4353852221341,6.59095839676359
17,2043,Symmetric-energy ET-NMPC,58,5.7,18.4477335530914,14.7439995762644,6.64681360358597
17,2043,Symmetric-energy ET-NMPC,59,5.8,18.8460356844285,15.0369772184788,6.72110703085132
17,2043,Symmetric-energy ET-NMPC,60,5.9,19.2517638774257,15.3147545125737,6.81179555434011
17,2043,Symmetric-energy ET-NMPC,61,6,19.6640653749453,15.5763416943054,6.9194042040703
17,2043,Symmetric-energy ET-NMPC,62,6.1,20.0861021497137,15.8250460045921,7.01955971708848
17,2043,Symmetric-energy ET-NMPC,63,6.2,20.5206482314746,16.0594535273514,7.09844454516084
17,2043,Symmetric-energy ET-NMPC,64,6.3,20.9619802641109,16.2872991140391,7.15599822094389
17,2043,Symmetric-energy ET-NMPC,65,6.4,21.4149592866776,16.4952200037491,7.19573370554722
17,2043,Symmetric-energy ET-NMPC,66,6.5,21.8730725038041,16.6870044226007,7.25362167476139
17,2043,Symmetric-energy ET-NMPC,67,6.6,22.3409677746531,16.8587020396702,7.29354590061302
17,2043,Symmetric-energy ET-NMPC,68,6.7,22.8169646404637,17.0101460429113,7.31572015642406
17,2043,Symmetric-energy ET-NMPC,69,6.8,23.29960803707,17.1407286383455,7.31760097592315
17,2043,Symmetric-energy ET-NMPC,70,6.9,23.7592922904291,17.2588105715335,7.3341995121188
17,2043,Symmetric-energy ET-NMPC,71,7,24.1994654911541,17.3964035408632,7.36257252468455
17,2043,Symmetric-energy ET-NMPC,72,7.1,24.6186303792059,17.5381560941363,7.36993723746085
17,2043,Symmetric-energy ET-NMPC,73,7.2,25.0166022542938,17.6812180968983,7.39849491000089
17,2043,Symmetric-energy ET-NMPC,74,7.3,25.3952562156221,17.8366751185945,7.44637049427056
17,2043,Symmetric-energy ET-NMPC,75,7.4,25.7565896333392,18.0094525782517,7.51156662119484
17,2043,Symmetric-energy ET-NMPC,76,7.5,26.1006025428805,18.1995505461349,7.59408325594456
17,2043,Symmetric-energy ET-NMPC,77,7.6,26.4272949442449,18.4069690222562,7.69392039850623
17,2043,Symmetric-energy ET-NMPC,78,7.7,26.7366668374098,18.6317080066311,7.81107804884185
17,2043,Symmetric-energy ET-NMPC,79,7.8,27.0287182223619,18.8737674992821,7.94555620691573
17,2043,Symmetric-energy ET-NMPC,80,7.9,27.3034490991002,19.1331475002533,8.09735487268265
17,2043,Symmetric-energy ET-NMPC,81,8,27.5608594678685,19.409848009737,8.26647404619415
17,2043,Symmetric-energy ET-NMPC,82,8.1,27.8355903410628,19.7038690300045,8.452913728723
17,2043,Symmetric-energy ET-NMPC,83,8.2,28.1276417225019,20.0152105586425,8.65667391886358
17,2043,Symmetric-energy ET-NMPC,84,8.3,28.4354134358936,20.3421726440262,8.87661110798224
17,2043,Symmetric-energy ET-NMPC,85,8.4,28.751010788878,20.6763998817533,9.07331002600319
17,2043,Symmetric-energy ET-NMPC,86,8.5,29.0733993974536,21.0168291644418,9.24701520309624
17,2043,Symmetric-energy ET-NMPC,87,8.6,29.4015980267335,21.3624571893046,9.39810103356412
17,2043,Symmetric-energy ET-NMPC,88,8.7,29.7346862607923,21.7123477544976,9.52705381841385
17,2043,Symmetric-energy ET-NMPC,89,8.8,30.0504539983954,22.0795588336762,9.63868608947781
17,2043,Symmetric-energy ET-NMPC,90,8.9,30.3489012301628,22.4640904219598,9.73299785125545
17,2043,Symmetric-energy ET-NMPC,91,9,30.6420165169913,22.8627445681788,9.80481915958233
17,2043,Symmetric-energy ET-NMPC,92,9.1,30.9171407923908,23.2767706586857,9.85856885228355
17,2043,Symmetric-energy ET-NMPC,93,9.2,31.1729822337078,23.704833968776,9.89472074655433
17,2043,Symmetric-energy ET-NMPC,94,9.3,31.4088695146038,24.1453000374086,9.91334420205699
17,2043,Symmetric-energy ET-NMPC,95,9.4,31.6242959905293,24.5965092840252,9.91462842866352
17,2043,Symmetric-energy ET-NMPC,96,9.5,31.8191165292039,25.0548452897792,9.89530671791679
17,2043,Symmetric-energy ET-NMPC,97,9.6,31.993472322609,25.5220760157804,9.85931357986984
17,2043,Symmetric-energy ET-NMPC,98,9.7,32.1505076077745,25.9719862341193,9.80599993349764
17,2043,Symmetric-energy ET-NMPC,99,9.8,32.3061738903749,26.4413018806388,9.73176495256957
17,2043,Symmetric-energy ET-NMPC,100,9.9,32.4407156772574,26.9145573424098,9.64272689617571
17,2043,Symmetric-energy ET-NMPC,101,10,32.5863537504988,27.3818358206876,9.54054874116757
17,2043,Symmetric-energy ET-NMPC,102,10.1,32.7448168932591,27.8457973119465,9.44242042203704
17,2043,Symmetric-energy ET-NMPC,103,10.2,32.9032125109829,28.3064483362835,9.3296753021287
17,2043,Symmetric-energy ET-NMPC,104,10.3,33.0735147949227,28.7667017151092,9.23394673082219
17,2043,Symmetric-energy ET-NMPC,105,10.4,33.2542468064925,29.2267358473463,9.15841834429875
17,2043,Symmetric-energy ET-NMPC,106,10.5,33.4474577198332,29.6846437779603,9.10373864014004
17,2043,Symmetric-energy ET-NMPC,107,10.6,33.6583675780742,30.1367841341993,9.07078215433257
17,2043,Symmetric-energy ET-NMPC,108,10.7,33.8878552154505,30.5808535941708,9.05904592785025
17,2043,Symmetric-energy ET-NMPC,109,10.8,34.1370087614173,31.013675647121,9.06697560776996
17,2043,Symmetric-energy ET-NMPC,110,10.9,34.4049202794146,31.4324878082027,9.09366325706618
17,2043,Symmetric-energy ET-NMPC,111,11,34.6918816164734,31.839315480787,9.1399713109353
17,2043,Symmetric-energy ET-NMPC,112,11.1,34.9906501564273,32.2348579356943,9.20541996179719
17,2043,Symmetric-energy ET-NMPC,113,11.2,35.2908207148863,32.6269287758171,9.28402080250411
17,2043,Symmetric-energy ET-NMPC,114,11.3,35.5921141231123,33.0154339238789,9.37504844714569
17,2043,Symmetric-energy ET-NMPC,115,11.4,35.8942848948937,33.4003156326148,9.47780493093939
17,2043,Symmetric-energy ET-NMPC,116,11.5,36.197118293781,33.7815475514821,9.59162125909625
17,2043,Symmetric-energy ET-NMPC,117,11.6,36.5004273491918,34.1591303254196,9.7158583941705
17,2043,Symmetric-energy ET-NMPC,118,11.7,36.8019071601921,34.5344046390575,9.85105866444708
17,2043,Symmetric-energy ET-NMPC,119,11.8,37.0978738085698,34.9095351854425,9.9983027346738
17,2043,Symmetric-energy ET-NMPC,120,11.9,37.3846328749061,35.2876902853783,10.1556811266673
17,2043,Symmetric-energy ET-NMPC,121,12,37.6596028868522,35.6718907154455,10.3193317364021
17,2043,Symmetric-energy ET-NMPC,122,12.1,37.9206472971956,36.0648880818775,10.4848880283573
17,2043,Symmetric-energy ET-NMPC,123,12.2,38.1708806057857,36.4644219117099,10.6514893791666
17,2043,Symmetric-energy ET-NMPC,124,12.3,38.412912480486,36.8673055621796,10.8182446427632
17,2043,Symmetric-energy ET-NMPC,125,12.4,38.6422393448852,37.2608758459045,10.9801033267449
17,2043,Symmetric-energy ET-NMPC,126,12.5,38.8556625219985,37.6371078306481,11.1333801482335
17,2043,Symmetric-energy ET-NMPC,127,12.6,39.051819034335,37.9912414725207,11.2760021337385
17,2043,Symmetric-energy ET-NMPC,128,12.7,39.2317274750763,38.3225444212202,11.4079115276488
17,2043,Symmetric-energy ET-NMPC,129,12.8,39.3956611284238,38.6309282618508,11.5288883713968
17,2043,Symmetric-energy ET-NMPC,130,12.9,39.5432291270835,38.9169319973108,11.6384067580412
17,2043,Symmetric-energy ET-NMPC,131,13,39.674251810278,39.1808370106983,11.7361821033881
17,2043,Symmetric-energy ET-NMPC,132,13.1,39.7887679044803,39.4226646763507,11.8221200826079
17,2043,Symmetric-energy ET-NMPC,133,13.2,39.8906208288281,39.6389452549787,11.8987311934462
18,2044,Asymmetric ET-NMPC,1,0,0,0,3
18,2044,Asymmetric ET-NMPC,2,0.1,0,0,3
18,2044,Asymmetric ET-NMPC,3,0.2,0.0209497155622598,0.0209497155622598,3.00471368600151
18,2044,Asymmetric ET-NMPC,4,0.3,0.0628491466867795,0.0628491466867795,3.01414105800453
18,2044,Asymmetric ET-NMPC,5,0.4,0.125698293373559,0.125698293373559,3.02828211600905
18,2044,Asymmetric ET-NMPC,6,0.5,0.209497155622598,0.209497155622598,3.04713686001508
18,2044,Asymmetric ET-NMPC,7,0.6,0.314245733433897,0.314245733433897,3.07070529002263
18,2044,Asymmetric ET-NMPC,8,0.7,0.439944026807456,0.439944026807456,3.09898740603168
18,2044,Asymmetric ET-NMPC,9,0.8,0.586592035743275,0.586592035743275,3.13198320804224
18,2044,Asymmetric ET-NMPC,10,0.9,0.754189760241354,0.754189760241354,3.16969269605431
18,2044,Asymmetric ET-NMPC,11,1,0.942737200301692,0.942737200301692,3.21211587006788
18,2044,Asymmetric ET-NMPC,12,1.1,1.15223435592429,1.15223435592429,3.25925273008297
18,2044,Asymmetric ET-NMPC,13,1.2,1.38268122710915,1.38268122710915,3.31110327609956
18,2044,Asymmetric ET-NMPC,14,1.3,1.63407781385627,1.63407781385627,3.36766750811766
18,2044,Asymmetric ET-NMPC,15,1.4,1.90642411616564,1.90642411616564,3.42894542613727
18,2044,Asymmetric ET-NMPC,16,1.5,2.19972013403728,2.19972013403728,3.49493703015839
18,2044,Asymmetric ET-NMPC,17,1.6,2.5104742482108,2.5104742482108,3.56485670584743
18,2044,Asymmetric ET-NMPC,18,1.7,2.83432193461074,2.83432193461074,3.63772243528742
18,2044,Asymmetric ET-NMPC,19,1.8,3.16798980018048,3.16798980018048,3.71279770504061
18,2044,Asymmetric ET-NMPC,20,1.9,3.50902280012758,3.50902280012758,3.78953013002871
18,2044,Asymmetric ET-NMPC,21,2,3.85557965085769,3.85557965085769,3.86750542144298
18,2044,Asymmetric ET-NMPC,22,2.1,4.20474157689536,4.20474157689536,3.94606685480146
18,2044,Asymmetric ET-NMPC,23,2.2,4.55390350293302,4.55390350293302,4.02462828815993
18,2044,Asymmetric ET-NMPC,24,2.3,4.90306542897069,4.90306542897069,4.1031897215184
18,2044,Asymmetric ET-NMPC,25,2.4,5.25222735500835,5.25222735500835,4.18175115487688
18,2044,Asymmetric ET-NMPC,26,2.5,5.60138928104601,5.60138928104601,4.26031258823535
18,2044,Asymmetric ET-NMPC,27,2.6,5.95055120708368,5.95055120708368,4.33887402159383
18,2044,Asymmetric ET-NMPC,28,2.7,6.29971313312134,6.29971313312134,4.4174354549523
18,2044,Asymmetric ET-NMPC,29,2.8,6.64887505915901,6.64887505915901,4.49599688831078
18,2044,Asymmetric ET-NMPC,30,2.9,6.99803698519667,6.99803698519667,4.57455832166925
18,2044,Asymmetric ET-NMPC,31,3,7.36462863071399,7.32592339475581,4.66456425404774
18,2044,Asymmetric ET-NMPC,32,3.1,7.74779903299005,7.63130172233052,4.76418613852739
18,2044,Asymmetric ET-NMPC,33,3.2,8.14720911219858,7.91297228786795,4.86970050312511
18,2044,Asymmetric ET-NMPC,34,3.3,8.56114716981936,8.1703613197163,4.9810834943639
18,2044,Asymmetric ET-NMPC,35,3.4,8.9887469811742,8.40288449526509,5.09550103743319
18,2044,Asymmetric ET-NMPC,36,3.5,9.41599357390174,8.63284192002173,5.21624842581905
18,2044,Asymmetric ET-NMPC,37,3.6,9.83769985460556,8.86738344952331,5.34722202527331
18,2044,Asymmetric ET-NMPC,38,3.7,10.2644705175399,9.10319068813234,5.45795480035915
18,2044,Asymmetric ET-NMPC,39,3.8,10.6861564964213,9.3439592583055,5.57716650629244
18,2044,Asymmetric ET-NMPC,40,3.9,11.1067435862833,9.57937439241978,5.71015603396819
18,2044,Asymmetric ET-NMPC,41,4,11.5369017496085,9.80769283012449,5.82344612854312
18,2044,Asymmetric ET-NMPC,42,4.1,11.9651123120048,10.0396351381972,5.93675314499881
18,2044,Asymmetric ET-NMPC,43,4.2,12.3897734748273,10.2787225447976,6.04855703042028
18,2044,Asymmetric ET-NMPC,44,4.3,12.810960501758,10.5214087552518,6.16562492354493
18,2044,Asymmetric ET-NMPC,45,4.4,13.2283421015785,10.7700992980539,6.28371647299744
18,2044,Asymmetric ET-NMPC,46,4.5,13.6442303240972,11.0259362369424,6.39134754225929
18,2044,Asymmetric ET-NMPC,47,4.6,14.0565080313088,11.287007301511,6.50029244292618
18,2044,Asymmetric ET-NMPC,48,4.7,14.4662079069429,11.5537852255601,6.60505670756573
18,2044,Asymmetric ET-NMPC,49,4.8,14.8731201697715,11.8287937451896,6.69882623614991
18,2044,Asymmetric ET-NMPC,50,4.9,15.2794270386278,12.1094471857605,6.7772378081014
18,2044,Asymmetric ET-NMPC,51,5,15.6819948979544,12.398721000708,6.84250478767673
18,2044,Asymmetric ET-NMPC,52,5.1,16.0795350568983,12.6977292368453,6.89306066516864
18,2044,Asymmetric ET-NMPC,53,5.2,16.46499527962,13.014497833803,6.9258946822961
18,2044,Asymmetric ET-NMPC,54,5.3,16.8366997229202,13.3485092638598,6.94239230098315
18,2044,Asymmetric ET-NMPC,55,5.4,17.1930160215758,13.6992757607378,6.94364129269948
18,2044,Asymmetric ET-NMPC,56,5.5,17.5347703340215,14.0641908700929,6.93724184825689
18,2044,Asymmetric ET-NMPC,57,5.6,17.851811218215,14.4264276529042,6.91404737386643
18,2044,Asymmetric ET-NMPC,58,5.7,18.1466078463229,14.7789893075558,6.87320112998133
18,2044,Asymmetric ET-NMPC,59,5.8,18.4266083621291,15.1105431209581,6.82950602695008
18,2044,Asymmetric ET-NMPC,60,5.9,18.690247556143,15.4205385665925,6.7728670478228
18,2044,Asymmetric ET-NMPC,61,6,18.9353648963058,15.7120121309574,6.70160340308723
18,2044,Asymmetric ET-NMPC,62,6.1,19.1978027443447,15.9861651869384,6.6130192503845
18,2044,Asymmetric ET-NMPC,63,6.2,19.4814517076134,16.2607391713038,6.54564621292825
18,2044,Asymmetric ET-NMPC,64,6.3,19.782421178846,16.5179926475022,6.46095266737575
18,2044,Asymmetric ET-NMPC,65,6.4,20.100711158195,16.7579256155047,6.35893861390857
18,2044,Asymmetric ET-NMPC,66,6.5,20.4363216454854,16.9805380753556,6.23960405230728
18,2044,Asymmetric ET-NMPC,67,6.6,20.7696958515598,17.2243047197389,6.14142367523511
18,2044,Asymmetric ET-NMPC,68,6.7,21.0857495495617,17.4507508560448,6.02592279008577
18,2044,Asymmetric ET-NMPC,69,6.8,21.419123755633,17.6598764842538,5.89310139687572
18,2044,Asymmetric ET-NMPC,70,6.9,21.7629793209857,17.849125730653,5.74040362185796
18,2044,Asymmetric ET-NMPC,71,7,22.1241553945425,18.0210544688504,5.57038533901898
18,2044,Asymmetric ET-NMPC,72,7.1,22.5026519761004,18.1756626989303,5.38304654807152
18,2044,Asymmetric ET-NMPC,73,7.2,22.8959884158101,18.3118348419851,5.17727167008703
18,2044,Asymmetric ET-NMPC,74,7.3,23.2720043474854,18.4306864769496,4.95417628400036
18,2044,Asymmetric ET-NMPC,75,7.4,23.6306997721282,18.5322176033273,4.71376038930583
18,2044,Asymmetric ET-NMPC,76,7.5,23.9720746887715,18.6164282216102,4.45602398647865
18,2044,Asymmetric ET-NMPC,77,7.6,24.2961290973715,18.6833183318774,4.18096707548333
18,2044,Asymmetric ET-NMPC,78,7.7,24.602862998635,18.7328879338296,3.88858965591241
18,2044,Asymmetric ET-NMPC,79,7.8,24.9151123261756,18.7674334943263,3.62158659842855
18,2044,Asymmetric ET-NMPC,80,7.9,25.2399724349412,18.7747690057157,3.35534605289327
18,2044,Asymmetric ET-NMPC,81,8,25.5440570816179,18.7868574390453,3.11021924478235
18,2044,Asymmetric ET-NMPC,82,8.1,25.8270384266361,18.8019963958897,2.88619563466125
18,2044,Asymmetric ET-NMPC,83,8.2,26.0835888088025,18.8207294847629,2.67590106011025
18,2044,Asymmetric ET-NMPC,84,8.3,26.3190317688747,18.8424548316555,2.48671390426648
18,2044,Asymmetric ET-NMPC,85,8.4,26.5371542208751,18.8815006866497,2.3148472564763
18,2044,Asymmetric ET-NMPC,86,8.5,26.737956164814,18.9378670497532,2.16030111674245
18,2044,Asymmetric ET-NMPC,87,8.6,26.9211675039813,18.9774661421728,2.02334557840768
18,2044,Asymmetric ET-NMPC,88,8.7,27.0870583350668,19.0343857426957,1.90371054811494
18,2044,Asymmetric ET-NMPC,89,8.8,27.2356286580676,19.1086258513244,1.80139602585873
18,2044,Asymmetric ET-NMPC,90,8.9,27.3668784730073,19.2001864680715,1.71640201165009
18,2044,Asymmetric ET-NMPC,91,9,27.480807779884,19.3090675929422,1.6487285054819
18,2044,Asymmetric ET-NMPC,92,9.1,27.58578440226,19.438195315609,1.601301597001
18,2044,Asymmetric ET-NMPC,93,9.2,27.705548999099,19.5857799585951,1.57233160872952
18,2044,Asymmetric ET-NMPC,94,9.3,27.8426341039674,19.7506851097378,1.56068212849899
18,2044,Asymmetric ET-NMPC,95,9.4,27.9970397169303,19.9329107690125,1.56635315626905
18,2044,Asymmetric ET-NMPC,96,9.5,28.1687658380061,20.1324569364183,1.58934469202216
18,2044,Asymmetric ET-NMPC,97,9.6,28.3578124672073,20.3493236119581,1.62965673574302
18,2044,Asymmetric ET-NMPC,98,9.7,28.5641796045454,20.5835107956346,1.68728928741723
18,2044,Asymmetric ET-NMPC,99,9.8,28.7878672500341,20.8350184874426,1.7622423470365
18,2044,Asymmetric ET-NMPC,100,9.9,29.028875403667,21.1038466873939,1.85451591459528
18,2044,Asymmetric ET-NMPC,101,10,29.2872040654024,21.3899953954361,1.96410999018773
18,2044,Asymmetric ET-NMPC,102,10.1,29.5628532351541,21.6934646115956,2.09102457387357
18,2044,Asymmetric ET-NMPC,103,10.2,29.8558229124164,22.0142543361126,2.23525966591851
18,2044,Asymmetric ET-NMPC,104,10.3,30.1601080782412,22.3546904307659,2.39914112808775
18,2044,Asymmetric ET-NMPC,105,10.4,30.4655600997115,22.7072330130959,2.57917665298139
18,2044,Asymmetric ET-NMPC,106,10.5,30.7519446600411,23.0683289096854,2.77306743943383
18,2044,Asymmetric ET-NMPC,107,10.6,31.0156799028218,23.4392507669711,2.9800956923441
18,2044,Asymmetric ET-NMPC,108,10.7,31.2564843664633,23.8186537823176,3.19933656954609
18,2044,Asymmetric ET-NMPC,109,10.8,31.4742524807022,24.2052306743464,3.42984764296815
18,2044,Asymmetric ET-NMPC,110,10.9,31.669042619287,24.5977284028459,3.67068438234333
18,2044,Asymmetric ET-NMPC,111,11,31.8410624247476,24.9949617359565,3.92091400807771
18,2044,Asymmetric ET-NMPC,112,11.1,31.9906522811381,25.3958236025396,4.1796274379274
18,2044,Asymmetric ET-NMPC,113,11.2,32.1182677653911,25.7992923297668,4.44594918756212
18,2044,Asymmetric ET-NMPC,114,11.3,32.2244618164613,26.2044359944148,4.71904520458336
18,2044,Asymmetric ET-NMPC,115,11.4,32.3215994404651,26.6081019879999,4.99764536184445
18,2044,Asymmetric ET-NMPC,116,11.5,32.4268889596011,27.0077989776423,5.2789928936105
18,2044,Asymmetric ET-NMPC,117,11.6,32.5431314021466,27.4031592416068,5.56215001647517
18,2044,Asymmetric ET-NMPC,118,11.7,32.669691555389,27.7942028762091,5.84687339705411
18,2044,Asymmetric ET-NMPC,119,11.8,32.8059643203207,28.1809741776207,6.13294627927508
18,2044,Asymmetric ET-NMPC,120,11.9,32.9513747818756,28.5635376525629,6.42017612680247
18,2044,Asymmetric ET-NMPC,121,12,33.1053779242119,28.9419744654343,6.70839238382878
18,2044,Asymmetric ET-NMPC,122,12.1,33.2674580706496,29.3163792908473,6.99744437368214
18,2044,Asymmetric ET-NMPC,123,12.2,33.4371894751833,29.6867759253276,7.28726773968412
18,2044,Asymmetric ET-NMPC,124,12.3,33.6161277323479,30.0504534550256,7.58004710117608
18,2044,Asymmetric ET-NMPC,125,12.4,33.8059205847189,30.4041290631375,7.87819511377306
18,2044,Asymmetric ET-NMPC,126,12.5,34.0060378148928,30.7476707263245,8.18139837866683
18,2044,Asymmetric ET-NMPC,127,12.6,34.2155022615035,31.081797155268,8.48878116134593
18,2044,Asymmetric ET-NMPC,128,12.7,34.4325001104254,31.4097698685781,8.79756236687387
18,2044,Asymmetric ET-NMPC,129,12.8,34.658170785042,31.7359048177423,9.10204346899969
18,2044,Asymmetric ET-NMPC,130,12.9,34.8919610213483,32.0650207301967,9.39704320048626
18,2044,Asymmetric ET-NMPC,131,13,35.1346457529247,32.3984432781559,9.67976837724286
18,2044,Asymmetric ET-NMPC,132,13.1,35.3866069450177,32.7370536731143,9.94783284356612
18,2044,Asymmetric ET-NMPC,133,13.2,35.6477943491408,33.081181927509,10.1995407783928
18,2044,Asymmetric ET-NMPC,134,13.3,35.9178615985047,33.4307488756257,10.4337770471588
18,2044,Asymmetric ET-NMPC,135,13.4,36.1962865506998,33.7854162661964,10.6498570972811
18,2044,Asymmetric ET-NMPC,136,13.5,36.482440505446,34.1446779121996,10.8474601941552
18,2044,Asymmetric ET-NMPC,137,13.6,36.7756263683807,34.5079379331822,11.0265808432468
18,2044,Asymmetric ET-NMPC,138,13.7,37.0710287625225,34.8784110807605,11.18622755464
18,2044,Asymmetric ET-NMPC,139,13.8,37.3628983605422,35.2593897135881,11.3264681303683
18,2044,Asymmetric ET-NMPC,140,13.9,37.6468420935952,35.6524638619862,11.4484052876302
18,2044,Asymmetric ET-NMPC,141,14,37.9192425232515,36.0584138634141,11.553298577519
18,2044,Asymmetric ET-NMPC,142,14.1,38.1825059855665,36.4737095447087,11.6439729758242
18,2044,Asymmetric ET-NMPC,143,14.2,38.4343634249877,36.8872944432342,11.7221957740142
18,2044,Asymmetric ET-NMPC,144,14.3,38.6707197596445,37.2877011547087,11.7887609897839
18,2044,Asymmetric ET-NMPC,145,14.4,38.8887526499428,37.6675646238404,11.8445855441707
18,2044,Asymmetric ET-NMPC,146,14.5,39.089008779735,38.0248550679532,11.8917819279864
18,2044,Asymmetric ET-NMPC,147,14.6,39.2722351745286,38.3584977150185,11.9318530173746
18,2044,Asymmetric ET-NMPC,148,14.7,39.437675586502,38.6688964868532,11.9653376753025
18,2044,Asymmetric ET-NMPC,149,14.8,39.584939637799,38.9562100167398,11.9927649809405
18,2044,Asymmetric ET-NMPC,150,14.9,39.7139330203683,39.2203807223813,12.0146612513952
18,2044,Asymmetric ET-NMPC,151,15,39.8291364359351,39.4580685480392,12.0336430960323
18,2044,Asymmetric ET-NMPC,152,15.1,39.9306112098757,39.6692346895036,12.0497745605826
18,2044,Symmetric-energy ET-NMPC,1,0,0,0,3
18,2044,Symmetric-energy ET-NMPC,2,0.1,0,0,3
18,2044,Symmetric-energy ET-NMPC,3,0.2,0.0209497155622598,0.0209497155622598,3.00471368600151
18,2044,Symmetric-energy ET-NMPC,4,0.3,0.0628491466867795,0.0628491466867795,3.01414105800453
18,2044,Symmetric-energy ET-NMPC,5,0.4,0.125698293373559,0.125698293373559,3.02828211600905
18,2044,Symmetric-energy ET-NMPC,6,0.5,0.209497155622598,0.209497155622598,3.04713686001508
18,2044,Symmetric-energy ET-NMPC,7,0.6,0.314245733433897,0.314245733433897,3.07070529002263
18,2044,Symmetric-energy ET-NMPC,8,0.7,0.439944026807456,0.439944026807456,3.09898740603168
18,2044,Symmetric-energy ET-NMPC,9,0.8,0.586592035743275,0.586592035743275,3.13198320804224
18,2044,Symmetric-energy ET-NMPC,10,0.9,0.754189760241354,0.754189760241354,3.16969269605431
18,2044,Symmetric-energy ET-NMPC,11,1,0.942737200301692,0.942737200301692,3.21211587006788
18,2044,Symmetric-energy ET-NMPC,12,1.1,1.15223435592429,1.15223435592429,3.25925273008297
18,2044,Symmetric-energy ET-NMPC,13,1.2,1.38268122710915,1.38268122710915,3.31110327609956
18,2044,Symmetric-energy ET-NMPC,14,1.3,1.63407781385627,1.63407781385627,3.36766750811766
18,2044,Symmetric-energy ET-NMPC,15,1.4,1.90642411616564,1.90642411616564,3.42894542613727
18,2044,Symmetric-energy ET-NMPC,16,1.5,2.19972013403728,2.19972013403728,3.49493703015839
18,2044,Symmetric-energy ET-NMPC,17,1.6,2.5104742482108,2.5104742482108,3.56485670584743
18,2044,Symmetric-energy ET-NMPC,18,1.7,2.83432193461074,2.83432193461074,3.63772243528742
18,2044,Symmetric-energy ET-NMPC,19,1.8,3.16798980018048,3.16798980018048,3.71279770504061
18,2044,Symmetric-energy ET-NMPC,20,1.9,3.50902280012758,3.50902280012758,3.78953013002871
18,2044,Symmetric-energy ET-NMPC,21,2,3.85557965085769,3.85557965085769,3.86750542144298
18,2044,Symmetric-energy ET-NMPC,22,2.1,4.20474157689536,4.20474157689536,3.94606685480146
18,2044,Symmetric-energy ET-NMPC,23,2.2,4.55390350293302,4.55390350293302,4.02462828815993
18,2044,Symmetric-energy ET-NMPC,24,2.3,4.90306542897069,4.90306542897069,4.1031897215184
18,2044,Symmetric-energy ET-NMPC,25,2.4,5.25222735500835,5.25222735500835,4.18175115487688
18,2044,Symmetric-energy ET-NMPC,26,2.5,5.60138928104601,5.60138928104601,4.26031258823535
18,2044,Symmetric-energy ET-NMPC,27,2.6,5.95055120708368,5.95055120708368,4.33887402159383
18,2044,Symmetric-energy ET-NMPC,28,2.7,6.29971313312134,6.29971313312134,4.4174354549523
18,2044,Symmetric-energy ET-NMPC,29,2.8,6.64887505915901,6.64887505915901,4.49599688831078
18,2044,Symmetric-energy ET-NMPC,30,2.9,6.99803698519667,6.99803698519667,4.57455832166925
18,2044,Symmetric-energy ET-NMPC,31,3,7.36460630894366,7.32593424299874,4.66461563238611
18,2044,Symmetric-energy ET-NMPC,32,3.1,7.7477355875843,7.63133180215919,4.76433667684087
18,2044,Symmetric-energy ET-NMPC,33,3.2,8.14708468985983,7.91302717733834,4.87001548320431
18,2044,Symmetric-energy ET-NMPC,34,3.3,8.56095242411197,8.17044455956154,4.98159410962694
18,2044,Symmetric-energy ET-NMPC,35,3.4,8.98846976356469,8.40299849595095,5.09625705541611
18,2044,Symmetric-energy ET-NMPC,36,3.5,9.41564165005641,8.63293297619829,5.21731206020524
18,2044,Symmetric-energy ET-NMPC,37,3.6,9.83726992485217,8.86745358748867,5.34857393880194
18,2044,Symmetric-energy ET-NMPC,38,3.7,10.2639769694705,9.10313151151533,5.45982596889376
18,2044,Symmetric-energy ET-NMPC,39,3.8,10.6855833452385,9.34375173031725,5.57961734677833
18,2044,Symmetric-energy ET-NMPC,40,3.9,11.1060366026531,9.57911135522383,5.71312729132659
18,2044,Symmetric-energy ET-NMPC,41,4,11.5360243002491,9.80693287542906,5.82805307106062
18,2044,Symmetric-energy ET-NMPC,42,4.1,11.9639895539326,10.0386159342873,5.94280803556201
18,2044,Symmetric-energy ET-NMPC,43,4.2,12.3884398237542,10.2774746418702,6.05589422508229
18,2044,Symmetric-energy ET-NMPC,44,4.3,12.8093465488936,10.5200870069708,6.17411761123209
18,2044,Symmetric-energy ET-NMPC,45,4.4,13.2264525874212,10.7686979387922,6.29334494535785
18,2044,Symmetric-energy ET-NMPC,46,4.5,13.6421285906744,11.0244828695064,6.40191533514697
18,2044,Symmetric-energy ET-NMPC,47,4.6,14.0541784942033,11.2854768180986,6.51190186068546
18,2044,Symmetric-energy ET-NMPC,48,4.7,14.4636594160061,11.5521785263416,6.61771099781396
18,2044,Symmetric-energy ET-NMPC,49,4.8,14.8704463912868,11.8271131187831,6.71223785442579
18,2044,Symmetric-energy ET-NMPC,50,4.9,15.2766826949864,12.1077128728851,6.79120521195043
18,2044,Symmetric-energy ET-NMPC,51,5,15.6792533427035,12.3969107980766,6.8567905278495
18,2044,Symmetric-energy ET-NMPC,52,5.1,16.0768302542595,12.6958460643071,6.90748871323346
18,2044,Symmetric-energy ET-NMPC,53,5.2,16.4625061772187,13.0123760573069,6.9400900319367
18,2044,Symmetric-energy ET-NMPC,54,5.3,16.8346093879571,13.34597670197,6.95589542464021
18,2044,Symmetric-energy ET-NMPC,55,5.4,17.1915066853475,13.6961542552491,6.95591259782124
18,2044,Symmetric-energy ET-NMPC,56,5.5,17.5336098969741,14.0607023508314,6.94754130150209
18,2044,Symmetric-energy ET-NMPC,57,5.6,17.8512258819277,14.4228186019072,6.92201011409474
18,2044,Symmetric-energy ET-NMPC,58,5.7,18.1466710696729,14.7755162531829,6.87859749137168
18,2044,Symmetric-energy ET-NMPC,59,5.8,18.4271650124178,15.1073175625554,6.83193008922024
18,2044,Symmetric-energy ET-NMPC,60,5.9,18.6912069565076,15.4175672808191,6.77242287940174
18,2044,Symmetric-energy ET-NMPC,61,6,18.9366119746918,15.7091800457744,6.69858636519756
18,2044,Symmetric-energy ET-NMPC,62,6.1,19.1993375008816,15.9834723022823,6.6074293432193
18,2044,Symmetric-energy ET-NMPC,63,6.2,19.4793835348504,16.2404440504718,6.49895181311141
18,2044,Symmetric-energy ET-NMPC,64,6.3,19.7767500769841,16.4800952903165,6.37315377528616
18,2044,Symmetric-energy ET-NMPC,65,6.4,20.091437128302,16.7024260208459,6.23003523173323
18,2044,Symmetric-energy ET-NMPC,66,6.5,20.4234446876722,16.9074362432001,6.06959618018087
18,2044,Symmetric-energy ET-NMPC,67,6.6,20.7727727550186,17.095125957402,5.8918366205299
18,2044,Symmetric-energy ET-NMPC,68,6.7,21.1047803143252,17.2654951635074,5.69675655278821
18,2044,Symmetric-energy ET-NMPC,69,6.8,21.4573773889613,17.4152748542234,5.49445542456151
18,2044,Symmetric-energy ET-NMPC,70,6.9,21.8272949715633,17.5477340367911,5.274833788222
18,2044,Symmetric-energy ET-NMPC,71,7,22.2181171193233,17.6592886541554,5.06031100559818
18,2044,Symmetric-energy ET-NMPC,72,7.1,22.6262597762583,17.7535227622925,4.82846771714958
18,2044,Symmetric-energy ET-NMPC,73,7.2,23.05172295666,17.8304363470869,4.57930395128335
18,2044,Symmetric-energy ET-NMPC,74,7.3,23.4773013709595,17.887713809686,4.32317448097492
18,2044,Symmetric-energy ET-NMPC,75,7.4,23.8866305240073,17.927159258106,4.04921299510211
18,2044,Symmetric-energy ET-NMPC,76,7.5,24.2769999478953,17.9531490042729,3.75629174269434
18,2044,Symmetric-energy ET-NMPC,77,7.6,24.6420494727398,17.9922268039272,3.47273027491723
18,2044,Symmetric-energy ET-NMPC,78,7.7,24.9927969182965,18.0499519945343,3.20781620209761
18,2044,Symmetric-energy ET-NMPC,79,7.8,25.3262238476872,18.1249976767337,2.96022264574673
18,2044,Symmetric-energy ET-NMPC,80,7.9,25.6423301519724,18.2173636334826,2.72994971396561
18,2044,Symmetric-energy ET-NMPC,81,8,25.9405414369659,18.3258397291571,2.5175718012777
18,2044,Symmetric-energy ET-NMPC,82,8.1,26.2190713484875,18.4455089986083,2.32487526046943
18,2044,Symmetric-energy ET-NMPC,83,8.2,26.4802807519582,18.5824987761791,2.14949922771772
18,2044,Symmetric-energy ET-NMPC,84,8.3,26.7241696473631,18.7368090618662,1.99144370301099
18,2044,Symmetric-energy ET-NMPC,85,8.4,26.9507380347412,18.9084398556891,1.85070868636864
18,2044,Symmetric-energy ET-NMPC,86,8.5,27.1599859140795,19.0973911576479,1.72729417777783
18,2044,Symmetric-energy ET-NMPC,87,8.6,27.3610041086771,19.3067418749595,1.62427908443188
18,2044,Symmetric-energy ET-NMPC,88,8.7,27.5772224722171,19.5343813165048,1.53955271520831
18,2044,Symmetric-energy ET-NMPC,89,8.8,27.8107613437902,19.7793412662051,1.47214685402373
18,2044,Symmetric-energy ET-NMPC,90,8.9,28.0616207234481,20.0416217240406,1.42206150084617
18,2044,Symmetric-energy ET-NMPC,91,9,28.3298006112093,20.3212226900071,1.38929665566132
18,2044,Symmetric-energy ET-NMPC,92,9.1,28.6153010070818,20.618144164101,1.37385231846493
18,2044,Symmetric-energy ET-NMPC,93,9.2,28.918121911065,20.9323861463107,1.37572848926918
18,2044,Symmetric-energy ET-NMPC,94,9.3,29.238263323106,21.2639486366204,1.3949251681425
18,2044,Symmetric-energy ET-NMPC,95,9.4,29.5757252430696,21.6128316350566,1.43144235519396
18,2044,Symmetric-energy ET-NMPC,96,9.5,29.9217110027927,21.9699552949851,1.48394517024364
18,2044,Symmetric-energy ET-NMPC,97,9.6,30.2565587976822,22.3344236956675,1.55493629054446
18,2044,Symmetric-energy ET-NMPC,98,9.7,30.575960390988,22.7086377228988,1.64407934421186
18,2044,Symmetric-energy ET-NMPC,99,9.8,30.8754524202732,23.0947902845059,1.74986556051078
18,2044,Symmetric-energy ET-NMPC,100,9.9,31.1534483606678,23.4922927482909,1.87115054890142
18,2044,Symmetric-energy ET-NMPC,101,10,31.4094354388355,23.899654958701,2.0072631689665
18,2044,Symmetric-energy ET-NMPC,102,10.1,31.6430816775344,24.3154045110717,2.15746884411046
18,2044,Symmetric-energy ET-NMPC,103,10.2,31.8542295619742,24.738108859434,2.32098521874078
18,2044,Symmetric-energy ET-NMPC,104,10.3,32.0428858413972,25.1663943461581,2.49699757653342
18,2044,Symmetric-energy ET-NMPC,105,10.4,32.2092082856711,25.5989617993508,2.68467347527683
18,2044,Symmetric-energy ET-NMPC,106,10.5,32.3534902567865,26.0345985670342,2.8831761690959
18,2044,Symmetric-energy ET-NMPC,107,10.6,32.4761439312594,26.4721870522065,3.09167651389868
18,2044,Symmetric-energy ET-NMPC,108,10.7,32.5776829379478,26.9107099687334,3.30936317357605
18,2044,Symmetric-energy ET-NMPC,109,10.8,32.6587050702598,27.3492526510555,3.53545105440415
18,2044,Symmetric-energy ET-NMPC,110,10.9,32.729965221679,27.7851736438502,3.76974761618132
18,2044,Symmetric-energy ET-NMPC,111,11,32.8141811374572,28.2160820205686,4.00896644989549
18,2044,Symmetric-energy ET-NMPC,112,11.1,32.9106367531955,28.641881859446,4.25266875067357
18,2044,Symmetric-energy ET-NMPC,113,11.2,33.0186412031055,29.0625234415996,4.50045030398801
18,2044,Symmetric-energy ET-NMPC,114,11.3,33.142447621215,29.4724371720843,4.75860278682531
18,2044,Symmetric-energy ET-NMPC,115,11.4,33.2835745645733,29.8650304216253,5.03407578769729
18,2044,Symmetric-energy ET-NMPC,116,11.5,33.4414975575596,30.2390610042986,5.32590013814
18,2044,Symmetric-energy ET-NMPC,117,11.6,33.6155192252368,30.593284021738,5.63288957296635
18,2044,Symmetric-energy ET-NMPC,118,11.7,33.8048678062589,30.9266763405207,5.95382052604126
18,2044,Symmetric-energy ET-NMPC,119,11.8,34.0086919811556,31.2383972453857,6.28741576461313
18,2044,Symmetric-energy ET-NMPC,120,11.9,34.22607861206,31.5277947056805,6.63236817101003
18,2044,Symmetric-energy ET-NMPC,121,12,34.4560709521792,31.7944061691395,6.98736373582563
18,2044,Symmetric-energy ET-NMPC,122,12.1,34.696967604807,32.0423329686187,7.34861310240319
18,2044,Symmetric-energy ET-NMPC,123,12.2,34.9408086798416,32.2928127860535,7.70610630679147
18,2044,Symmetric-energy ET-NMPC,124,12.3,35.1874037265717,32.5456762921893,8.06001438835062
18,2044,Symmetric-energy ET-NMPC,125,12.4,35.4367545804533,32.8009461356266,8.41024496768372
18,2044,Symmetric-energy ET-NMPC,126,12.5,35.6909138118711,33.0607065205145,8.75365089006716
18,2044,Symmetric-energy ET-NMPC,127,12.6,35.9518470951774,33.3269599312377,9.08685194489929
18,2044,Symmetric-energy ET-NMPC,128,12.7,36.2208878065497,33.6010749272969,9.4069738975357
18,2044,Symmetric-energy ET-NMPC,129,12.8,36.4986265345735,33.8836695992139,9.71193528912471
18,2044,Symmetric-energy ET-NMPC,130,12.9,36.7853559285963,34.175062701715,9.99981775545091
18,2044,Symmetric-energy ET-NMPC,131,13,37.077135727611,34.4793384005804,10.2686687326984
18,2044,Symmetric-energy ET-NMPC,132,13.1,37.3683219124879,34.8006483960812,10.5176074651771
18,2044,Symmetric-energy ET-NMPC,133,13.2,37.6545216700972,35.1406977122261,10.7466405661336
18,2044,Symmetric-energy ET-NMPC,134,13.3,37.9321832497607,35.4998724052363,10.9561580763322
18,2044,Symmetric-energy ET-NMPC,135,13.4,38.1984510227492,35.8777779527072,11.146654454929
18,2044,Symmetric-energy ET-NMPC,136,13.5,38.4511274993685,36.2736548193722,11.3182239877801
18,2044,Symmetric-energy ET-NMPC,137,13.6,38.6865885083246,36.6800422616804,11.4677958954755
18,2044,Symmetric-energy ET-NMPC,138,13.7,38.9026862275933,37.0818016366526,11.5963659174534
18,2044,Symmetric-energy ET-NMPC,139,13.8,39.0994663435179,37.4698807395459,11.7065055200954
18,2044,Symmetric-energy ET-NMPC,140,13.9,39.2782107521079,37.8396560395207,11.8011633896415
18,2044,Symmetric-energy ET-NMPC,141,14,39.4401752134131,38.1883382598101,11.8826487363272
18,2044,Symmetric-energy ET-NMPC,142,14.1,39.5854660702275,38.5152214267286,11.9520183005201
18,2044,Symmetric-energy ET-NMPC,143,14.2,39.7137925275421,38.8202156173058,12.0098517533947
18,2044,Symmetric-energy ET-NMPC,144,14.3,39.8251041478714,39.1030352912785,12.0567863010162
18,2044,Symmetric-energy ET-NMPC,145,14.4,39.9196011585786,39.3631985824766,12.0935249071497
18,2044,Symmetric-energy ET-NMPC,146,14.5,40.0028313096603,39.596109754978,12.1247517167777
19,2045,Asymmetric ET-NMPC,1,0,0,0,3
19,2045,Asymmetric ET-NMPC,2,0.1,0,0,3
19,2045,Asymmetric ET-NMPC,3,0.2,0.0209497155622598,0.0209497155622598,3.00471368600151
19,2045,Asymmetric ET-NMPC,4,0.3,0.0628491466867795,0.0628491466867795,3.01414105800453
19,2045,Asymmetric ET-NMPC,5,0.4,0.125698293373559,0.125698293373559,3.02828211600905
19,2045,Asymmetric ET-NMPC,6,0.5,0.209497155622598,0.209497155622598,3.04713686001508
19,2045,Asymmetric ET-NMPC,7,0.6,0.314245733433897,0.314245733433897,3.07070529002263
19,2045,Asymmetric ET-NMPC,8,0.7,0.439944026807456,0.439944026807456,3.09898740603168
19,2045,Asymmetric ET-NMPC,9,0.8,0.586592035743275,0.586592035743275,3.13198320804224
19,2045,Asymmetric ET-NMPC,10,0.9,0.754189760241354,0.754189760241354,3.16969269605431
19,2045,Asymmetric ET-NMPC,11,1,0.942737200301692,0.942737200301692,3.21211587006788
19,2045,Asymmetric ET-NMPC,12,1.1,1.15223435592429,1.15223435592429,3.25925273008297
19,2045,Asymmetric ET-NMPC,13,1.2,1.38268122710915,1.38268122710915,3.31110327609956
19,2045,Asymmetric ET-NMPC,14,1.3,1.63407781385627,1.63407781385627,3.36766750811766
19,2045,Asymmetric ET-NMPC,15,1.4,1.90642411616564,1.90642411616564,3.42894542613727
19,2045,Asymmetric ET-NMPC,16,1.5,2.19972013403728,2.19972013403728,3.49493703015839
19,2045,Asymmetric ET-NMPC,17,1.6,2.5104742482108,2.5104742482108,3.56485670584743
19,2045,Asymmetric ET-NMPC,18,1.7,2.83432193461074,2.83432193461074,3.63772243528742
19,2045,Asymmetric ET-NMPC,19,1.8,3.16798980018048,3.16798980018048,3.71279770504061
19,2045,Asymmetric ET-NMPC,20,1.9,3.50902280012758,3.50902280012758,3.78953013002871
19,2045,Asymmetric ET-NMPC,21,2,3.85557965085769,3.85557965085769,3.86750542144298
19,2045,Asymmetric ET-NMPC,22,2.1,4.20474157689536,4.20474157689536,3.94606685480146
19,2045,Asymmetric ET-NMPC,23,2.2,4.55390350293302,4.55390350293302,4.02462828815993
19,2045,Asymmetric ET-NMPC,24,2.3,4.90306542897069,4.90306542897069,4.1031897215184
19,2045,Asymmetric ET-NMPC,25,2.4,5.25222735500835,5.25222735500835,4.18175115487688
19,2045,Asymmetric ET-NMPC,26,2.5,5.60138928104601,5.60138928104601,4.26031258823535
19,2045,Asymmetric ET-NMPC,27,2.6,5.95055120708368,5.95055120708368,4.33887402159383
19,2045,Asymmetric ET-NMPC,28,2.7,6.29971313312134,6.29971313312134,4.4174354549523
19,2045,Asymmetric ET-NMPC,29,2.8,6.64887505915901,6.64887505915901,4.49599688831078
19,2045,Asymmetric ET-NMPC,30,2.9,6.99803698519667,6.99803698519667,4.57455832166925
19,2045,Asymmetric ET-NMPC,31,3,7.36469923157733,7.32588937804452,4.66440043642076
19,2045,Asymmetric ET-NMPC,32,3.1,7.74919999208672,7.63081030546529,4.76022524108305
19,2045,Asymmetric ET-NMPC,33,3.2,8.1487270927381,7.91246761654421,4.86533116366067
19,2045,Asymmetric ET-NMPC,34,3.3,8.56252645595309,8.16992878948922,4.97706223108887
19,2045,Asymmetric ET-NMPC,35,3.4,8.98512299926634,8.40532180101354,5.10356239593147
19,2045,Asymmetric ET-NMPC,36,3.5,9.40943650915059,8.63857679979098,5.22826264001723
19,2045,Asymmetric ET-NMPC,37,3.6,9.83017701457398,8.87870118991416,5.35202735374469
19,2045,Asymmetric ET-NMPC,38,3.7,10.2470306737192,9.12485550751664,5.47709165233911
19,2045,Asymmetric ET-NMPC,39,3.8,10.6610752586531,9.37751364919653,5.59846275734273
19,2045,Asymmetric ET-NMPC,40,3.9,11.0706248158643,9.63441445643581,5.72602111821289
19,2045,Asymmetric ET-NMPC,41,4,11.4796487023856,9.88925409013115,5.85927359043411
19,2045,Asymmetric ET-NMPC,42,4.1,11.8862714398359,10.1501161849627,5.98814917721639
19,2045,Asymmetric ET-NMPC,43,4.2,12.2951507316302,10.4034249743417,6.12472290076945
19,2045,Asymmetric ET-NMPC,44,4.3,12.709400651084,10.6546965070792,6.24825273954649
19,2045,Asymmetric ET-NMPC,45,4.4,13.1236955453997,10.905866106833,6.37183903613105
19,2045,Asymmetric ET-NMPC,46,4.5,13.5337867080879,11.161762256695,6.49967642804301
19,2045,Asymmetric ET-NMPC,47,4.6,13.9426380896378,11.4243919920115,6.61743113042165
19,2045,Asymmetric ET-NMPC,48,4.7,14.3494573820706,11.6928930319473,6.72881001018719
19,2045,Asymmetric ET-NMPC,49,4.8,14.7549713364132,11.9672920216676,6.83011957179887
19,2045,Asymmetric ET-NMPC,50,4.9,15.1586024379065,12.2498145123902,6.9153426681003
19,2045,Asymmetric ET-NMPC,51,5,15.5602745093202,12.5390941189082,6.98588950572578
19,2045,Asymmetric ET-NMPC,52,5.1,15.9591652863698,12.8352702717815,7.04215525422374
19,2045,Asymmetric ET-NMPC,53,5.2,16.3487504380354,13.1463271939056,7.08045670067599
19,2045,Asymmetric ET-NMPC,54,5.3,16.7309209473671,13.4675133492327,7.10847732563944
19,2045,Asymmetric ET-NMPC,55,5.4,17.0984222397282,13.8058055186183,7.13086500629969
19,2045,Asymmetric ET-NMPC,56,5.5,17.4556687383796,14.1553146159716,7.14564100266611
19,2045,Asymmetric ET-NMPC,57,5.6,17.7884079062598,14.5100683606878,7.14392808116281
19,2045,Asymmetric ET-NMPC,58,5.7,18.110611168106,14.8557975852151,7.13458659574435
19,2045,Asymmetric ET-NMPC,59,5.8,18.4090550240892,15.1862018889829,7.11521328911737
19,2045,Asymmetric ET-NMPC,60,5.9,18.6901783665928,15.4992856919214,7.07851947257237
19,2045,Asymmetric ET-NMPC,61,6,18.9539811952321,15.7950489735431,7.05914614507346
19,2045,Asymmetric ET-NMPC,62,6.1,19.2351045274951,16.0734917448013,7.0224523073347
19,2045,Asymmetric ET-NMPC,63,6.2,19.5335483697038,16.3346140059822,6.968437965392
19,2045,Asymmetric ET-NMPC,64,6.3,19.8345467045356,16.5746001065748,6.89328746289388
19,2045,Asymmetric ET-NMPC,65,6.4,20.1528655473771,16.7972656990144,6.80081645233142
19,2045,Asymmetric ET-NMPC,66,6.5,20.4538638821591,17.0026107833684,6.69102493368693
19,2045,Asymmetric ET-NMPC,67,6.6,20.7721827248819,17.1906353595681,6.56391290691042
19,2045,Asymmetric ET-NMPC,68,6.7,21.1078220767919,17.3613394265341,6.41948037432774
19,2045,Asymmetric ET-NMPC,69,6.8,21.460781940435,17.514722981728,6.25772734102329
19,2045,Asymmetric ET-NMPC,70,6.9,21.7964212960685,17.6507860288223,6.07865379960101
19,2045,Asymmetric ET-NMPC,71,7,22.1531634022769,17.7657463253248,5.89652283514103
19,2045,Asymmetric ET-NMPC,72,7.1,22.5276814133026,17.8629307170147,5.69802011402458
19,2045,Asymmetric ET-NMPC,73,7.2,22.919519932517,17.9427946006156,5.51683790085756
19,2045,Asymmetric ET-NMPC,74,7.3,23.3286789601036,18.0053379769776,5.35297619630646
19,2045,Asymmetric ET-NMPC,75,7.4,23.7520780019109,18.0865524612177,5.20778563862949
19,2045,Asymmetric ET-NMPC,76,7.5,24.1668678535728,18.1880878640146,5.08291605814475
19,2045,Asymmetric ET-NMPC,77,7.6,24.5989781889406,18.3069437870934,4.9753669978992
19,2045,Asymmetric ET-NMPC,78,7.7,25.0100708169022,18.4298632019808,4.88883564470533
19,2045,Asymmetric ET-NMPC,79,7.8,25.400154045923,18.548634084102,4.82331369017092
19,2045,Asymmetric ET-NMPC,80,7.9,25.7729167670484,18.6847254744496,4.77511224374178
19,2045,Asymmetric ET-NMPC,81,8,26.1283589802296,18.838137373008,4.74423130538469
19,2045,Asymmetric ET-NMPC,82,8.1,26.4664806855599,19.0088697798345,4.73067087513573
19,2045,Asymmetric ET-NMPC,83,8.2,26.7872818829571,19.1969226949019,4.73443095293971
19,2045,Asymmetric ET-NMPC,84,8.3,27.0907625723249,19.4022961182212,4.75551153868969
19,2045,Asymmetric ET-NMPC,85,8.4,27.3921118582896,19.6288291390515,4.79775172161685
19,2045,Asymmetric ET-NMPC,86,8.5,27.7107816477798,19.8726826704898,4.85731241463753
19,2045,Asymmetric ET-NMPC,87,8.6,28.0467719453741,20.1338567103535,4.93419361535578
19,2045,Asymmetric ET-NMPC,88,8.7,28.4000827514519,20.4123512587848,5.02839532325007
19,2045,Asymmetric ET-NMPC,89,8.8,28.7707140662985,20.7081663160687,5.13991753775002
19,2045,Asymmetric ET-NMPC,90,8.9,29.1474118124134,21.0122181465608,5.26502266332998
19,2045,Asymmetric ET-NMPC,91,9,29.5205139977144,21.3165307538655,5.39988776763425
19,2045,Asymmetric ET-NMPC,92,9.1,29.8900640139854,21.6209688028357,5.54393727236568
19,2045,Asymmetric ET-NMPC,93,9.2,30.2531729259565,21.9421016533628,5.66651626877004
19,2045,Asymmetric ET-NMPC,94,9.3,30.5989197265375,22.2787281118576,5.7974428792401
19,2045,Asymmetric ET-NMPC,95,9.4,30.9242798378782,22.6338329738773,5.9317609156996
19,2045,Asymmetric ET-NMPC,96,9.5,31.2289846430038,23.0091903231865,6.05928284343362
19,2045,Asymmetric ET-NMPC,97,9.6,31.5163689397418,23.401868182885,6.16948426571764
19,2045,Asymmetric ET-NMPC,98,9.7,31.7864327282835,23.8118665508859,6.26236518027325
19,2045,Asymmetric ET-NMPC,99,9.8,32.0380762227108,24.2373260126504,6.33759680997427
19,2045,Asymmetric ET-NMPC,100,9.9,32.2704027801072,24.6763335025906,6.395014529406
19,2045,Asymmetric ET-NMPC,101,10,32.4819283176259,25.1275167336687,6.43613190981088
19,2045,Asymmetric ET-NMPC,102,10.1,32.6731811417043,25.5888985194277,6.45956703413078
19,2045,Asymmetric ET-NMPC,103,10.2,32.8439178961073,26.0588058862168,6.46556931146818
19,2045,Asymmetric ET-NMPC,104,10.3,32.9897854580004,26.537052183951,6.46733936538131
19,2045,Asymmetric ET-NMPC,105,10.4,33.1146586121547,27.0207819797976,6.48764158155933
19,2045,Asymmetric ET-NMPC,106,10.5,33.2182540993768,27.5083309319663,6.52718894893684
19,2045,Asymmetric ET-NMPC,107,10.6,33.3004285161487,27.9979741112784,6.58632372873079
19,2045,Asymmetric ET-NMPC,108,10.7,33.382230357251,28.4838470202182,6.67138826394194
19,2045,Asymmetric ET-NMPC,109,10.8,33.4808926514065,28.9633241841337,6.77320869900066
19,2045,Asymmetric ET-NMPC,110,10.9,33.5939790637283,29.4363228979551,6.88932794835849
19,2045,Asymmetric ET-NMPC,111,11,33.725525334358,29.8995731267096,7.02384487756189
19,2045,Asymmetric ET-NMPC,112,11.1,33.8743921270765,30.3455028721171,7.17568232555649
19,2045,Asymmetric ET-NMPC,113,11.2,34.0405794297709,30.7741121109188,7.34484028119652
19,2045,Asymmetric ET-NMPC,114,11.3,34.224087241944,31.1854008414181,7.53131874328247
19,2045,Asymmetric ET-NMPC,115,11.4,34.4249155695354,31.579369058703,7.73511770096286
19,2045,Asymmetric ET-NMPC,116,11.5,34.6430644197569,31.9560167555741,7.95623713982637
19,2045,Asymmetric ET-NMPC,117,11.6,34.8785337810433,32.3153439419646,8.19467708137136
19,2045,Asymmetric ET-NMPC,118,11.7,35.1313236553039,32.6573506167484,8.45043752256256
19,2045,Asymmetric ET-NMPC,119,11.8,35.3960440254995,32.986468296582,8.71802802767141
19,2045,Asymmetric ET-NMPC,120,11.9,35.6621958103369,33.3133894852269,8.98688814714421
19,2045,Asymmetric ET-NMPC,121,12,35.9308575517453,33.639398244532,9.25435619674964
19,2045,Asymmetric ET-NMPC,122,12.1,36.2034990301905,33.9662176691028,9.51675987041759
19,2045,Asymmetric ET-NMPC,123,12.2,36.4811762562024,34.2951730257454,9.77108983619126
19,2045,Asymmetric ET-NMPC,124,12.3,36.7646262229421,34.627264738476,10.0147519191894
19,2045,Asymmetric ET-NMPC,125,12.4,37.0510187054778,34.9658864256924,10.2456516785955
19,2045,Asymmetric ET-NMPC,126,12.5,37.3352771876915,35.3156223798223,10.4621739122769
19,2045,Asymmetric ET-NMPC,127,12.6,37.613223737971,35.6792890419435,10.6634008340576
19,2045,Asymmetric ET-NMPC,128,12.7,37.881502374617,36.0582179545786,10.8489795297329
19,2045,Asymmetric ET-NMPC,129,12.8,38.1397594490178,36.4507606998531,11.0198990331674
19,2045,Asymmetric ET-NMPC,130,12.9,38.3888576433336,36.8492841520893,11.1781519542076
19,2045,Asymmetric ET-NMPC,131,13,38.6242972366403,37.2403877825232,11.3221134105594
19,2045,Asymmetric ET-NMPC,132,13.1,38.8429099744732,37.615621514082,11.4509487525624
19,2045,Asymmetric ET-NMPC,133,13.2,39.0442445821365,37.9707388539224,11.5657556590831
19,2045,Asymmetric ET-NMPC,134,13.3,39.2290431943921,38.3041330898715,11.668126022145
19,2045,Asymmetric ET-NMPC,135,13.4,39.3974714282551,38.6152400512363,11.7588650438019
19,2045,Asymmetric ET-NMPC,136,13.5,39.5489863433279,38.9043939010765,11.8381149165827
19,2045,Asymmetric ET-NMPC,137,13.6,39.6832899402669,39.1716912203958,11.9061370290489
19,2045,Asymmetric ET-NMPC,138,13.7,39.8003300039854,39.4169814182204,11.9633121592498
19,2045,Asymmetric ET-NMPC,139,13.8,39.9042240104119,39.6362237827191,12.0135093558954
19,2045,Symmetric-energy ET-NMPC,1,0,0,0,3
19,2045,Symmetric-energy ET-NMPC,2,0.1,0,0,3
19,2045,Symmetric-energy ET-NMPC,3,0.2,0.0209497155622598,0.0209497155622598,3.00471368600151
19,2045,Symmetric-energy ET-NMPC,4,0.3,0.0628491466867795,0.0628491466867795,3.01414105800453
19,2045,Symmetric-energy ET-NMPC,5,0.4,0.125698293373559,0.125698293373559,3.02828211600905
19,2045,Symmetric-energy ET-NMPC,6,0.5,0.209497155622598,0.209497155622598,3.04713686001508
19,2045,Symmetric-energy ET-NMPC,7,0.6,0.314245733433897,0.314245733433897,3.07070529002263
19,2045,Symmetric-energy ET-NMPC,8,0.7,0.439944026807456,0.439944026807456,3.09898740603168
19,2045,Symmetric-energy ET-NMPC,9,0.8,0.586592035743275,0.586592035743275,3.13198320804224
19,2045,Symmetric-energy ET-NMPC,10,0.9,0.754189760241354,0.754189760241354,3.16969269605431
19,2045,Symmetric-energy ET-NMPC,11,1,0.942737200301692,0.942737200301692,3.21211587006788
19,2045,Symmetric-energy ET-NMPC,12,1.1,1.15223435592429,1.15223435592429,3.25925273008297
19,2045,Symmetric-energy ET-NMPC,13,1.2,1.38268122710915,1.38268122710915,3.31110327609956
19,2045,Symmetric-energy ET-NMPC,14,1.3,1.63407781385627,1.63407781385627,3.36766750811766
19,2045,Symmetric-energy ET-NMPC,15,1.4,1.90642411616564,1.90642411616564,3.42894542613727
19,2045,Symmetric-energy ET-NMPC,16,1.5,2.19972013403728,2.19972013403728,3.49493703015839
19,2045,Symmetric-energy ET-NMPC,17,1.6,2.5104742482108,2.5104742482108,3.56485670584743
19,2045,Symmetric-energy ET-NMPC,18,1.7,2.83432193461074,2.83432193461074,3.63772243528742
19,2045,Symmetric-energy ET-NMPC,19,1.8,3.16798980018048,3.16798980018048,3.71279770504061
19,2045,Symmetric-energy ET-NMPC,20,1.9,3.50902280012758,3.50902280012758,3.78953013002871
19,2045,Symmetric-energy ET-NMPC,21,2,3.85557965085769,3.85557965085769,3.86750542144298
19,2045,Symmetric-energy ET-NMPC,22,2.1,4.20474157689536,4.20474157689536,3.94606685480146
19,2045,Symmetric-energy ET-NMPC,23,2.2,4.55390350293302,4.55390350293302,4.02462828815993
19,2045,Symmetric-energy ET-NMPC,24,2.3,4.90306542897069,4.90306542897069,4.1031897215184
19,2045,Symmetric-energy ET-NMPC,25,2.4,5.25222735500835,5.25222735500835,4.18175115487688
19,2045,Symmetric-energy ET-NMPC,26,2.5,5.60138928104601,5.60138928104601,4.26031258823535
19,2045,Symmetric-energy ET-NMPC,27,2.6,5.95055120708368,5.95055120708368,4.33887402159383
19,2045,Symmetric-energy ET-NMPC,28,2.7,6.29971313312134,6.29971313312134,4.4174354549523
19,2045,Symmetric-energy ET-NMPC,29,2.8,6.64887505915901,6.64887505915901,4.49599688831078
19,2045,Symmetric-energy ET-NMPC,30,2.9,6.99803698519667,6.99803698519667,4.57455832166925
19,2045,Symmetric-energy ET-NMPC,31,3,7.36467711609745,7.32589998500341,4.66445196866825
19,2045,Symmetric-energy ET-NMPC,32,3.1,7.74913151298169,7.63083713076486,4.76041109460864
19,2045,Symmetric-energy ET-NMPC,33,3.2,8.148598379076,7.91251701241036,4.86568534202444
19,2045,Symmetric-energy ET-NMPC,34,3.3,8.56231360727674,8.17000984210332,4.97765476915313
19,2045,Symmetric-energy ET-NMPC,35,3.4,8.98482423122322,8.4054319639496,5.10438754785598
19,2045,Symmetric-energy ET-NMPC,36,3.5,9.40910842458648,8.63858927934271,5.22936990477392
19,2045,Symmetric-energy ET-NMPC,37,3.6,9.82981380172912,8.87861415266046,5.35344667871678
19,2045,Symmetric-energy ET-NMPC,38,3.7,10.2466177176677,9.12465691772511,5.47889568595707
19,2045,Symmetric-energy ET-NMPC,39,3.8,10.6606103301395,9.37720528838894,5.60067186299458
19,2045,Symmetric-energy ET-NMPC,40,3.9,11.0700871692262,9.63397237866919,5.72873192546735
19,2045,Symmetric-energy ET-NMPC,41,4,11.4789351942444,9.88871235714791,5.86271265469154
19,2045,Symmetric-energy ET-NMPC,42,4.1,11.885382482837,10.1494727644763,5.99234525693971
19,2045,Symmetric-energy ET-NMPC,43,4.2,12.2940067172565,10.4027357198145,6.12976472607873
19,2045,Symmetric-energy ET-NMPC,44,4.3,12.7080101671761,10.6539614419062,6.2542106179924
19,2045,Symmetric-energy ET-NMPC,45,4.4,13.1219954286523,10.9050404277053,6.37901264590267
19,2045,Symmetric-energy ET-NMPC,46,4.5,13.5317856288521,11.1608463707476,6.50799059488799
19,2045,Symmetric-energy ET-NMPC,47,4.6,13.940346801345,11.4233909507037,6.62693643074151
19,2045,Symmetric-energy ET-NMPC,48,4.7,14.3468708439724,11.6917976373065,6.7396131956616
19,2045,Symmetric-energy ET-NMPC,49,4.8,14.752134925843,11.9661256039696,6.84210802798001
19,2045,Symmetric-energy ET-NMPC,50,4.9,15.1556306128633,12.2485588118965,6.92826319971205
19,2045,Symmetric-energy ET-NMPC,51,5,15.5572499570256,12.5377405532671,6.99950800901419
19,2045,Symmetric-energy ET-NMPC,52,5.1,15.956153854495,12.8338112940866,7.0562336382688
19,2045,Symmetric-energy ET-NMPC,53,5.2,16.3459199266709,13.1446311948551,7.09461850855402
19,2045,Symmetric-energy ET-NMPC,54,5.3,16.7282865139695,13.465604690464,7.12239994181846
19,2045,Symmetric-energy ET-NMPC,55,5.4,17.095994841159,13.8037045992317,7.14428687414876
19,2045,Symmetric-energy ET-NMPC,56,5.5,17.4533518259983,14.1531344085352,7.15824372754352
19,2045,Symmetric-energy ET-NMPC,57,5.6,17.7866294069496,14.5078171470767,7.15509534656931
19,2045,Symmetric-energy ET-NMPC,58,5.7,18.1092530958725,14.8535997932841,7.14355574585014
19,2045,Symmetric-energy ET-NMPC,59,5.8,18.4082198042287,15.1841906187479,7.12154925194558
19,2045,Symmetric-energy ET-NMPC,60,5.9,18.6898659988872,15.4974609437369,7.0822222479864
19,2045,Symmetric-energy ET-NMPC,61,6,18.954191680853,15.7934107486796,7.06021573551537
19,2045,Symmetric-energy ET-NMPC,62,6.1,19.2358378692033,16.0720400446315,7.02088871419273
19,2045,Symmetric-energy ET-NMPC,63,6.2,19.5348045676039,16.3333488304029,6.96424118887359
19,2045,Symmetric-energy ET-NMPC,64,6.3,19.83901694886,16.5737712233221,6.88670727073526
19,2045,Symmetric-energy ET-NMPC,65,6.4,20.1605498381387,16.7968731080889,6.79185284454487
19,2045,Symmetric-energy ET-NMPC,66,6.5,20.4647622193591,17.0026544847698,6.67967791027181
19,2045,Symmetric-energy ET-NMPC,67,6.6,20.7862951085324,17.1911153533016,6.55018246787366
19,2045,Symmetric-energy ET-NMPC,68,6.7,21.125148507075,17.3622557124177,6.40336652003342
19,2045,Symmetric-energy ET-NMPC,69,6.8,21.4813224177087,17.5160755594038,6.23923007218722
19,2045,Symmetric-energy ET-NMPC,70,6.9,21.8201758203442,17.6525748982849,6.05777311621723
19,2045,Symmetric-energy ET-NMPC,71,7,22.1801656789211,17.7679377812091,5.87886576018095
19,2045,Symmetric-energy ET-NMPC,72,7.1,22.5578758279123,17.8655803737274,5.68346650869383
19,2045,Symmetric-energy ET-NMPC,73,7.2,22.9529064850948,17.9459024581713,5.50538776516811
19,2045,Symmetric-energy ET-NMPC,74,7.3,23.3652576507169,18.0089040355984,5.34462953041304
19,2045,Symmetric-energy ET-NMPC,75,7.4,23.7833053087949,18.092732868616,5.20469857100234
19,2045,Symmetric-energy ET-NMPC,76,7.5,24.2185805909995,18.1939284653876,5.08213437535651
19,2045,Symmetric-energy ET-NMPC,77,7.6,24.6345202467154,18.3074637183527,4.97890580572374
19,2045,Symmetric-energy ET-NMPC,78,7.7,25.0296333779209,18.4267008808545,4.89650376015162
19,2045,Symmetric-energy ET-NMPC,79,7.8,25.4074260065656,18.5632585542346,4.83142222536755
19,2045,Symmetric-energy ET-NMPC,80,7.9,25.7678981309689,18.7171367376562,4.78366120052751
19,2045,Symmetric-energy ET-NMPC,81,8,26.1110497481612,18.8883354296529,4.75322068412864
19,2045,Symmetric-energy ET-NMPC,82,8.1,26.4368808576803,19.0768546300151,4.74010067591803
19,2045,Symmetric-energy ET-NMPC,83,8.2,26.7575131140583,19.2862660769832,4.74787291406286
19,2045,Symmetric-energy ET-NMPC,84,8.3,27.0886896177471,19.5155372679742,4.77550489581101
19,2045,Symmetric-energy ET-NMPC,85,8.4,27.4371866288233,19.7621289675465,4.82045738581757
19,2045,Symmetric-energy ET-NMPC,86,8.5,27.8030041479551,20.0260411755346,4.8827303835798
19,2045,Symmetric-energy ET-NMPC,87,8.6,28.186142175451,20.3072738919824,4.96232388874536
19,2045,Symmetric-energy ET-NMPC,88,8.7,28.5796624169217,20.6006544212212,5.05755878054664
19,2045,Symmetric-energy ET-NMPC,89,8.8,28.9692685873276,20.89529666783,5.16429667679238
19,2045,Symmetric-energy ET-NMPC,90,8.9,29.3549503657573,21.1909724168354,5.28187821121596
19,2045,Symmetric-energy ET-NMPC,91,9,29.7367237238999,21.4874809903855,5.40967402031693
19,2045,Symmetric-energy ET-NMPC,92,9.1,30.1146268507753,21.7846466478422,5.54708507782752
19,2045,Symmetric-energy ET-NMPC,93,9.2,30.4825699512392,22.1019725759435,5.66507715457714
19,2045,Symmetric-energy ET-NMPC,94,9.3,30.830546460393,22.4383069175525,5.79074162740658
19,2045,Symmetric-energy ET-NMPC,95,9.4,31.1567810626975,22.7947165510537,5.9193618334661
19,2045,Symmetric-energy ET-NMPC,96,9.5,31.4623389436443,23.1715068683549,6.04045451771821
19,2045,Symmetric-energy ET-NMPC,97,9.6,31.7505763151946,23.5656176951284,6.14422669661192
19,2045,Symmetric-energy ET-NMPC,98,9.7,32.0214143318176,23.9769292887089,6.23065320723245
19,2045,Symmetric-energy ET-NMPC,99,9.8,32.2687653236616,24.4041931796184,6.30979266868298
19,2045,Symmetric-energy ET-NMPC,100,9.9,32.4968019546421,24.8449240204828,6.37107578905084
19,2045,Symmetric-energy ET-NMPC,101,10,32.7007595849673,25.2983562984537,6.42399510807738
19,2045,Symmetric-energy ET-NMPC,102,10.1,32.884584064431,25.7620147865406,6.45905744078365
19,2045,Symmetric-energy ET-NMPC,103,10.2,33.0480499292856,26.2342176251783,6.47647554084982
19,2045,Symmetric-energy ET-NMPC,104,10.3,33.1873377972212,26.7143625608774,6.48420409624181
19,2045,Symmetric-energy ET-NMPC,105,10.4,33.3055233202583,27.1994697424506,6.51072210013694
19,2045,Symmetric-energy ET-NMPC,106,10.5,33.4023711704815,27.6878476861392,6.55662937652696
19,2045,Symmetric-energy ET-NMPC,107,10.6,33.477777045672,28.1777680754827,6.62214247515861
19,2045,Symmetric-energy ET-NMPC,108,10.7,33.5458420366223,28.6646593744021,6.71326887113447
19,2045,Symmetric-energy ET-NMPC,109,10.8,33.6314807359041,29.1452867941966,6.82126561426558
19,2045,Symmetric-energy ET-NMPC,110,10.9,33.7323892812742,29.6194530085052,6.94367421968035
19,2045,Symmetric-energy ET-NMPC,111,11,33.8511830716804,30.0774873887646,7.08396806873934
19,2045,Symmetric-energy ET-NMPC,112,11.1,33.9872973720362,30.5182012627085,7.2415824257603
19,2045,Symmetric-energy ET-NMPC,113,11.2,34.140732181676,30.94159462839,7.41651728946189
19,2045,Symmetric-energy ET-NMPC,114,11.3,34.3114875022703,31.3476674839133,7.60877265627782
19,2045,Symmetric-energy ET-NMPC,115,11.4,34.4995633394185,31.7364198241412,7.81834851547153
19,2045,Symmetric-energy ET-NMPC,116,11.5,34.704959686812,32.107851654334,8.04524487861207
19,2045,Symmetric-energy ET-NMPC,117,11.6,34.9276765454234,32.4619629736864,8.28946174392117
19,2045,Symmetric-energy ET-NMPC,118,11.7,35.167713917325,32.7987537806466,8.55099910777492
19,2045,Symmetric-energy ET-NMPC,119,11.8,35.426433467856,33.1221184142907,8.83117674407247
19,2045,Symmetric-energy ET-NMPC,120,11.9,35.6875582196185,33.4442453257306,9.11054767481356
19,2045,Symmetric-energy ET-NMPC,121,12,35.9529374134405,33.7672606557024,9.38483763104537
19,2045,Symmetric-energy ET-NMPC,122,12.1,36.2236940555064,34.0925774311712,9.6510327406469
19,2045,Symmetric-energy ET-NMPC,123,12.2,36.5006588455704,34.4213164140359,9.90641712977404
19,2045,Symmetric-energy ET-NMPC,124,12.3,36.7842686053985,34.7541715247695,10.1488485208702
19,2045,Symmetric-energy ET-NMPC,125,12.4,37.0713498329584,35.094463004939,10.3764140659484
19,2045,Symmetric-energy ET-NMPC,126,12.5,37.3565481819986,35.4465797106877,10.5877804001585
19,2045,Symmetric-energy ET-NMPC,127,12.6,37.6356135209145,35.8129474807202,10.7824524158597
19,2045,Symmetric-energy ET-NMPC,128,12.7,37.9049859527359,36.194700338935,10.9605064756827
19,2045,Symmetric-energy ET-NMPC,129,12.8,38.1659192247934,36.5886136335812,11.1240489589533
19,2045,Symmetric-energy ET-NMPC,130,12.9,38.4165303789937,36.9840474081903,11.2737075131396
19,2045,Symmetric-energy ET-NMPC,131,13,38.6524879606909,37.369316051472,11.408453665713
19,2045,Symmetric-energy ET-NMPC,132,13.1,38.8707752414555,37.7368319281497,11.5279341834148
19,2045,Symmetric-energy ET-NMPC,133,13.2,39.0717643828581,38.0837793370531,11.6340838156235
19,2045,Symmetric-energy ET-NMPC,134,13.3,39.2561332146236,38.4086924003076,11.7284753476712
19,2045,Symmetric-energy ET-NMPC,135,13.4,39.4236737433068,38.7114026470975,11.811738395707
19,2045,Symmetric-energy ET-NMPC,136,13.5,39.5738779820456,38.9921725040288,11.8841353338677
19,2045,Symmetric-energy ET-NMPC,137,13.6,39.7065027077505,39.251031760624,11.9460020149373
19,2045,Symmetric-energy ET-NMPC,138,13.7,39.8215548817004,39.4877834954899,11.99774629966
19,2045,Symmetric-energy ET-NMPC,139,13.8,39.9232996273175,39.6984988606786,12.0427809044201
20,2046,Asymmetric ET-NMPC,1,0,0,0,3
20,2046,Asymmetric ET-NMPC,2,0.1,0,0,3
20,2046,Asymmetric ET-NMPC,3,0.2,0.0209497155622598,0.0209497155622598,3.00471368600151
20,2046,Asymmetric ET-NMPC,4,0.3,0.0628491466867795,0.0628491466867795,3.01414105800453
20,2046,Asymmetric ET-NMPC,5,0.4,0.125698293373559,0.125698293373559,3.02828211600905
20,2046,Asymmetric ET-NMPC,6,0.5,0.209497155622598,0.209497155622598,3.04713686001508
20,2046,Asymmetric ET-NMPC,7,0.6,0.314245733433897,0.314245733433897,3.07070529002263
20,2046,Asymmetric ET-NMPC,8,0.7,0.439944026807456,0.439944026807456,3.09898740603168
20,2046,Asymmetric ET-NMPC,9,0.8,0.586592035743275,0.586592035743275,3.13198320804224
20,2046,Asymmetric ET-NMPC,10,0.9,0.754189760241354,0.754189760241354,3.16969269605431
20,2046,Asymmetric ET-NMPC,11,1,0.942737200301692,0.942737200301692,3.21211587006788
20,2046,Asymmetric ET-NMPC,12,1.1,1.15223435592429,1.15223435592429,3.25925273008297
20,2046,Asymmetric ET-NMPC,13,1.2,1.38268122710915,1.38268122710915,3.31110327609956
20,2046,Asymmetric ET-NMPC,14,1.3,1.63407781385627,1.63407781385627,3.36766750811766
20,2046,Asymmetric ET-NMPC,15,1.4,1.90642411616564,1.90642411616564,3.42894542613727
20,2046,Asymmetric ET-NMPC,16,1.5,2.19972013403728,2.19972013403728,3.49493703015839
20,2046,Asymmetric ET-NMPC,17,1.6,2.5104742482108,2.5104742482108,3.56485670584743
20,2046,Asymmetric ET-NMPC,18,1.7,2.83432193461074,2.83432193461074,3.63772243528742
20,2046,Asymmetric ET-NMPC,19,1.8,3.16798980018048,3.16798980018048,3.71279770504061
20,2046,Asymmetric ET-NMPC,20,1.9,3.50902280012758,3.50902280012758,3.78953013002871
20,2046,Asymmetric ET-NMPC,21,2,3.85557965085769,3.85557965085769,3.86750542144298
20,2046,Asymmetric ET-NMPC,22,2.1,4.20474157689536,4.20474157689536,3.94606685480146
20,2046,Asymmetric ET-NMPC,23,2.2,4.55390350293302,4.55390350293302,4.02462828815993
20,2046,Asymmetric ET-NMPC,24,2.3,4.90306542897069,4.90306542897069,4.1031897215184
20,2046,Asymmetric ET-NMPC,25,2.4,5.25222735500835,5.25222735500835,4.18175115487688
20,2046,Asymmetric ET-NMPC,26,2.5,5.60138928104601,5.60138928104601,4.26031258823535
20,2046,Asymmetric ET-NMPC,27,2.6,5.95055120708368,5.95055120708368,4.33887402159383
20,2046,Asymmetric ET-NMPC,28,2.7,6.29971313312134,6.29971313312134,4.4174354549523
20,2046,Asymmetric ET-NMPC,29,2.8,6.64887505915901,6.64887505915901,4.49599688831078
20,2046,Asymmetric ET-NMPC,30,2.9,6.99803698519667,6.99803698519667,4.57455832166925
20,2046,Asymmetric ET-NMPC,31,3,7.36536872683192,7.32559172621476,4.6627358881121
20,2046,Asymmetric ET-NMPC,32,3.1,7.74930957744351,7.63062101102141,4.76044238043475
20,2046,Asymmetric ET-NMPC,33,3.2,8.14884081888612,7.91213673229817,4.86591126582448
20,2046,Asymmetric ET-NMPC,34,3.3,8.56294294965895,8.16935195164858,4.97708570633993
20,2046,Asymmetric ET-NMPC,35,3.4,8.98680913884344,8.40371676613699,5.10122509330484
20,2046,Asymmetric ET-NMPC,36,3.5,9.41361934848944,8.6319598460085,5.2266768427255
20,2046,Asymmetric ET-NMPC,37,3.6,9.8344604509261,8.88087621799653,5.33123977237181
20,2046,Asymmetric ET-NMPC,38,3.7,10.2504850764614,9.1340531748539,5.4444870216303
20,2046,Asymmetric ET-NMPC,39,3.8,10.6675697620106,9.37933183309078,5.57049791359543
20,2046,Asymmetric ET-NMPC,40,3.9,11.0909679556661,9.60490114837744,5.71139664889999
20,2046,Asymmetric ET-NMPC,41,4,11.5209558086487,9.8080793263419,5.86576333664856
20,2046,Asymmetric ET-NMPC,42,4.1,11.9480532217153,10.0083660444329,6.03151323953887
20,2046,Asymmetric ET-NMPC,43,4.2,12.375626379317,10.2192475022613,6.18221229608078
20,2046,Asymmetric ET-NMPC,44,4.3,12.8029363548032,10.4207781443244,6.34589364859113
20,2046,Asymmetric ET-NMPC,45,4.4,13.2312407504035,10.6328595555183,6.4927841511279
20,2046,Asymmetric ET-NMPC,46,4.5,13.6594373513194,10.8546874704126,6.62484492175161
20,2046,Asymmetric ET-NMPC,47,4.6,14.0863472033827,11.0854130825715,6.7453176161897
20,2046,Asymmetric ET-NMPC,48,4.7,14.5119000901045,11.3244598392472,6.8537675526838
20,2046,Asymmetric ET-NMPC,49,4.8,14.9353580079506,11.5722809266824,6.95003852668882
20,2046,Asymmetric ET-NMPC,50,4.9,15.356393708864,11.8269850378756,7.03866557841496
20,2046,Asymmetric ET-NMPC,51,5,15.7748108111983,12.0895088954351,7.11617914294547
20,2046,Asymmetric ET-NMPC,52,5.1,16.188862617195,12.3619588697712,7.18199793536189
20,2046,Asymmetric ET-NMPC,53,5.2,16.5958363805832,12.6470640246855,7.23756237142411
20,2046,Asymmetric ET-NMPC,54,5.3,16.9974088674749,12.9409122043186,7.28647847406857
20,2046,Asymmetric ET-NMPC,55,5.4,17.3926923486449,13.2447191540896,7.32458761713142
20,2046,Asymmetric ET-NMPC,56,5.5,17.7807494257669,13.5588992288677,7.35109394671404
20,2046,Asymmetric ET-NMPC,57,5.6,18.1664702984557,13.8743636947481,7.39234414839878
20,2046,Asymmetric ET-NMPC,58,5.7,18.5496291536852,14.1907319706476,7.44802543487393
20,2046,Asymmetric ET-NMPC,59,5.8,18.9300482690489,14.5077060455097,7.51737046015488
20,2046,Asymmetric ET-NMPC,60,5.9,19.309480408991,14.8271869930092,7.58032421591098
20,2046,Asymmetric ET-NMPC,61,6,19.6880473058693,15.1470327571552,7.64654952637322
20,2046,Asymmetric ET-NMPC,62,6.1,20.073111314814,15.4594059379575,7.71095996753669
20,2046,Asymmetric ET-NMPC,63,6.2,20.4693859887391,15.7604389662135,7.75939031654003
20,2046,Asymmetric ET-NMPC,64,6.3,20.8762903782541,16.049770624015,7.78614867200604
20,2046,Asymmetric ET-NMPC,65,6.4,21.2956797554746,16.3219041727346,7.79362409412909
20,2046,Asymmetric ET-NMPC,66,6.5,21.7274290153574,16.5738901610385,7.78384461105932
20,2046,Asymmetric ET-NMPC,67,6.6,22.1695186635576,16.8056289355648,7.75462332882639
20,2046,Asymmetric ET-NMPC,68,6.7,22.6190128325248,17.0198207955001,7.70905097753836
20,2046,Asymmetric ET-NMPC,69,6.8,23.0681674170004,17.2374106035838,7.67880474368049
20,2046,Asymmetric ET-NMPC,70,6.9,23.5094492819111,17.4703552954535,7.64707012172505
20,2046,Asymmetric ET-NMPC,71,7,23.9390629912109,17.7063712336122,7.59505313252089
20,2046,Asymmetric ET-NMPC,72,7.1,24.385997208589,17.9250666638165,7.5603566515111
20,2046,Asymmetric ET-NMPC,73,7.2,24.8156109109818,18.1264415940847,7.50833966119582
20,2046,Asymmetric ET-NMPC,74,7.3,25.2249360175,18.3190560570205,7.47661126594173
20,2046,Asymmetric ET-NMPC,75,7.4,25.6336115498601,18.532878750293,7.46609110067987
20,2046,Asymmetric ET-NMPC,76,7.5,26.0362072622125,18.7674744525586,7.47634394401196
20,2046,Asymmetric ET-NMPC,77,7.6,26.4214824703408,19.0193906650364,7.50391729713476
20,2046,Asymmetric ET-NMPC,78,7.7,26.8030560524949,19.2923579820607,7.5525417538514
20,2046,Asymmetric ET-NMPC,79,7.8,27.2011221804067,19.5830452872188,7.61888619801078
20,2046,Asymmetric ET-NMPC,80,7.9,27.5975999508228,19.8770322398663,7.69874262692491
20,2046,Asymmetric ET-NMPC,81,8,27.9902999638963,20.1724671181168,7.79096481755818
20,2046,Asymmetric ET-NMPC,82,8.1,28.3791713948963,20.4690904049824,7.89485724192625
20,2046,Asymmetric ET-NMPC,83,8.2,28.764195114762,20.7666733852437,8.00975330364965
20,2046,Asymmetric ET-NMPC,84,8.3,29.1453791207547,21.0650153643753,8.13501629524397
20,2046,Asymmetric ET-NMPC,85,8.4,29.5161759777576,21.3700364231027,8.27455784665308
20,2046,Asymmetric ET-NMPC,86,8.5,29.867234612095,21.6901732306922,8.43034699801951
20,2046,Asymmetric ET-NMPC,87,8.6,30.1975385639301,22.0241581011764,8.6016753543701
20,2046,Asymmetric ET-NMPC,88,8.7,30.5062526851276,22.3706714179453,8.78775091073129
20,2046,Asymmetric ET-NMPC,89,8.8,30.7957287661385,22.7260418369873,8.98753945843228
20,2046,Asymmetric ET-NMPC,90,8.9,31.0639943380385,23.0818903836711,9.20853851525535
20,2046,Asymmetric ET-NMPC,91,9,31.3110527433005,23.4384545886445,9.45074473870672
20,2046,Asymmetric ET-NMPC,92,9.1,31.5363624794666,23.8051327279445,9.70526912839913
20,2046,Asymmetric ET-NMPC,93,9.2,31.7385267182452,24.1783770281848,9.96950068006773
20,2046,Asymmetric ET-NMPC,94,9.3,31.9177318890934,24.557027867118,10.2424641371759
20,2046,Asymmetric ET-NMPC,95,9.4,32.0743005664411,24.9399962654264,10.5232157269678
20,2046,Asymmetric ET-NMPC,96,9.5,32.2086738699243,25.3262716865687,10.8108528496283
20,2046,Asymmetric ET-NMPC,97,9.6,32.3213935511872,25.7149271167767,11.1045214213648
20,2046,Asymmetric ET-NMPC,98,9.7,32.4445540847908,26.0996196238956,11.3992130532939
20,2046,Asymmetric ET-NMPC,99,9.8,32.582763893408,26.495133074748,11.6720997678787
20,2046,Asymmetric ET-NMPC,100,9.9,32.7352927957394,26.900000186909,11.922734074078
20,2046,Asymmetric ET-NMPC,101,10,32.9013570530014,27.3127792071997,12.1508483938122
20,2046,Asymmetric ET-NMPC,102,10.1,33.0801351994563,27.7320746487361,12.3563470727788
20,2046,Asymmetric ET-NMPC,103,10.2,33.2707832826383,28.1565548353281,12.5392948237073
20,2046,Asymmetric ET-NMPC,104,10.3,33.4724490252738,28.5849659924749,12.6999024470613
20,2046,Asymmetric ET-NMPC,105,10.4,33.6842845459762,29.0161428298125,12.8385106975815
20,2046,Asymmetric ET-NMPC,106,10.5,33.9054574013278,29.4490157445884,12.9555731070437
20,2046,Asymmetric ET-NMPC,107,10.6,34.1351598314524,29.8826149080356,13.0516384965068
20,2046,Asymmetric ET-NMPC,108,10.7,34.3726161930647,30.3160715941574,13.1273337908527
20,2046,Asymmetric ET-NMPC,109,10.8,34.6170886466545,30.7486171640943,13.1833476227503
20,2046,Asymmetric ET-NMPC,110,10.9,34.8678812256176,31.1795801388747,13.2204150842956
20,2046,Asymmetric ET-NMPC,111,11,35.1243424552125,31.608381784708,13.2393038705286
20,2046,Asymmetric ET-NMPC,112,11.1,35.3858667125133,32.034530606839,13.2408019491816
20,2046,Asymmetric ET-NMPC,113,11.2,35.6518945260341,32.4576161054957,13.2257068089128
20,2046,Asymmetric ET-NMPC,114,11.3,35.9219120080296,32.877302099647,13.1948162645667
20,2046,Asymmetric ET-NMPC,115,11.4,36.1954496079976,33.2933198712606,13.1489207843375
20,2046,Asymmetric ET-NMPC,116,11.5,36.4722030884724,33.7054835062974,13.0895183517422
20,2046,Asymmetric ET-NMPC,117,11.6,36.752226686494,34.1138254514033,13.0199220844704
20,2046,Asymmetric ET-NMPC,118,11.7,37.033110567376,34.5201578591178,12.9424739088841
20,2046,Asymmetric ET-NMPC,119,11.8,37.3102481685321,34.9279524938776,12.8594179886463
20,2046,Asymmetric ET-NMPC,120,11.9,37.5796547030624,35.3403621833061,12.773753718277
20,2046,Asymmetric ET-NMPC,121,12,37.838278320585,35.7596984327101,12.6884839440584
20,2046,Asymmetric ET-NMPC,122,12.1,38.0886136024706,36.1842683302023,12.6043849025255
20,2046,Asymmetric ET-NMPC,123,12.2,38.3334162454455,36.6123117142235,12.5216169897323
20,2046,Asymmetric ET-NMPC,124,12.3,38.5674317860746,37.0301706206229,12.4426771817196
20,2046,Asymmetric ET-NMPC,125,12.4,38.7867768778413,37.4291966791189,12.3693140953546
20,2046,Asymmetric ET-NMPC,126,12.5,38.9892901575812,37.8042518294767,12.3024383556682
20,2046,Asymmetric ET-NMPC,127,12.6,39.1756307081863,38.1548017201169,12.2417217619047
20,2046,Asymmetric ET-NMPC,128,12.7,39.3452799798987,38.4812228336838,12.1872664240756
20,2046,Asymmetric ET-NMPC,129,12.8,39.4977007764505,38.7839205450011,12.1391655987644
20,2046,Asymmetric ET-NMPC,130,12.9,39.6326542287276,39.0630580939617,12.0973743402938
20,2046,Asymmetric ET-NMPC,131,13,39.7501940193166,39.3185575029425,12.0617477168417
20,2046,Asymmetric ET-NMPC,132,13.1,39.85482599001,39.547279051404,12.0301626737176
20,2046,Symmetric-energy ET-NMPC,1,0,0,0,3
20,2046,Symmetric-energy ET-NMPC,2,0.1,0,0,3
20,2046,Symmetric-energy ET-NMPC,3,0.2,0.0209497155622598,0.0209497155622598,3.00471368600151
20,2046,Symmetric-energy ET-NMPC,4,0.3,0.0628491466867795,0.0628491466867795,3.01414105800453
20,2046,Symmetric-energy ET-NMPC,5,0.4,0.125698293373559,0.125698293373559,3.02828211600905
20,2046,Symmetric-energy ET-NMPC,6,0.5,0.209497155622598,0.209497155622598,3.04713686001508
20,2046,Symmetric-energy ET-NMPC,7,0.6,0.314245733433897,0.314245733433897,3.07070529002263
20,2046,Symmetric-energy ET-NMPC,8,0.7,0.439944026807456,0.439944026807456,3.09898740603168
20,2046,Symmetric-energy ET-NMPC,9,0.8,0.586592035743275,0.586592035743275,3.13198320804224
20,2046,Symmetric-energy ET-NMPC,10,0.9,0.754189760241354,0.754189760241354,3.16969269605431
20,2046,Symmetric-energy ET-NMPC,11,1,0.942737200301692,0.942737200301692,3.21211587006788
20,2046,Symmetric-energy ET-NMPC,12,1.1,1.15223435592429,1.15223435592429,3.25925273008297
20,2046,Symmetric-energy ET-NMPC,13,1.2,1.38268122710915,1.38268122710915,3.31110327609956
20,2046,Symmetric-energy ET-NMPC,14,1.3,1.63407781385627,1.63407781385627,3.36766750811766
20,2046,Symmetric-energy ET-NMPC,15,1.4,1.90642411616564,1.90642411616564,3.42894542613727
20,2046,Symmetric-energy ET-NMPC,16,1.5,2.19972013403728,2.19972013403728,3.49493703015839
20,2046,Symmetric-energy ET-NMPC,17,1.6,2.5104742482108,2.5104742482108,3.56485670584743
20,2046,Symmetric-energy ET-NMPC,18,1.7,2.83432193461074,2.83432193461074,3.63772243528742
20,2046,Symmetric-energy ET-NMPC,19,1.8,3.16798980018048,3.16798980018048,3.71279770504061
20,2046,Symmetric-energy ET-NMPC,20,1.9,3.50902280012758,3.50902280012758,3.78953013002871
20,2046,Symmetric-energy ET-NMPC,21,2,3.85557965085769,3.85557965085769,3.86750542144298
20,2046,Symmetric-energy ET-NMPC,22,2.1,4.20474157689536,4.20474157689536,3.94606685480146
20,2046,Symmetric-energy ET-NMPC,23,2.2,4.55390350293302,4.55390350293302,4.02462828815993
20,2046,Symmetric-energy ET-NMPC,24,2.3,4.90306542897069,4.90306542897069,4.1031897215184
20,2046,Symmetric-energy ET-NMPC,25,2.4,5.25222735500835,5.25222735500835,4.18175115487688
20,2046,Symmetric-energy ET-NMPC,26,2.5,5.60138928104601,5.60138928104601,4.26031258823535
20,2046,Symmetric-energy ET-NMPC,27,2.6,5.95055120708368,5.95055120708368,4.33887402159383
20,2046,Symmetric-energy ET-NMPC,28,2.7,6.29971313312134,6.29971313312134,4.4174354549523
20,2046,Symmetric-energy ET-NMPC,29,2.8,6.64887505915901,6.64887505915901,4.49599688831078
20,2046,Symmetric-energy ET-NMPC,30,2.9,6.99803698519667,6.99803698519667,4.57455832166925
20,2046,Symmetric-energy ET-NMPC,31,3,7.36534048514849,7.32560326635327,4.66281063253068
20,2046,Symmetric-energy ET-NMPC,32,3.1,7.74923480363685,7.63065217076208,4.76063863543035
20,2046,Symmetric-energy ET-NMPC,33,3.2,8.14869984458623,7.91219542135054,4.86628464390864
20,2046,Symmetric-energy ET-NMPC,34,3.3,8.56271581700595,8.16944484153315,4.97770057812394
20,2046,Symmetric-energy ET-NMPC,35,3.4,8.98642163436669,8.40389837118212,5.10221934285359
20,2046,Symmetric-energy ET-NMPC,36,3.5,9.41314808903782,8.63201876887523,5.22817813389316
20,2046,Symmetric-energy ET-NMPC,37,3.6,9.83392646477022,8.88082540088359,5.33325343253492
20,2046,Symmetric-energy ET-NMPC,38,3.7,10.2498938050702,9.13390958365499,5.44691771115711
20,2046,Symmetric-energy ET-NMPC,39,3.8,10.6666114767472,9.37926299877664,5.57399282201786
20,2046,Symmetric-energy ET-NMPC,40,3.9,11.0895984393312,9.6049544641531,5.71592728555701
20,2046,Symmetric-energy ET-NMPC,41,4,11.5191708201952,9.8082451022916,5.87129937456955
20,2046,Symmetric-energy ET-NMPC,42,4.1,11.9458276579653,10.0087026081321,6.03797490107587
20,2046,Symmetric-energy ET-NMPC,43,4.2,12.3729790899474,10.2197543125412,6.18962855985701
20,2046,Symmetric-energy ET-NMPC,44,4.3,12.7998195892344,10.4215622352912,6.35419085956047
20,2046,Symmetric-energy ET-NMPC,45,4.4,13.2276269510385,10.6339169677707,6.50213114744665
20,2046,Symmetric-energy ET-NMPC,46,4.5,13.6552979882182,10.8560076165564,6.63544741681963
20,2046,Symmetric-energy ET-NMPC,47,4.6,14.0816794762475,11.0869796436221,6.75731106759024
20,2046,Symmetric-energy ET-NMPC,48,4.7,14.5067011456042,11.3262608631389,6.86731597004347
20,2046,Symmetric-energy ET-NMPC,49,4.8,14.9297596338123,11.5741814117364,6.96507545622371
20,2046,Symmetric-energy ET-NMPC,50,4.9,15.3504202475466,11.8289832416869,7.05519024694385
20,2046,Symmetric-energy ET-NMPC,51,5,15.7686072969636,12.0914852700101,7.13400824505443
20,2046,Symmetric-energy ET-NMPC,52,5.1,16.1825875943751,12.3637951220048,7.20084878560971
20,2046,Symmetric-energy ET-NMPC,53,5.2,16.5896575342458,12.6486543856189,7.25696708910198
20,2046,Symmetric-energy ET-NMPC,54,5.3,16.991416030427,12.9422161536775,7.30607512388823
20,2046,Symmetric-energy ET-NMPC,55,5.4,17.3869934341529,13.245663910275,7.34399578682289
20,2046,Symmetric-energy ET-NMPC,56,5.5,17.775432809848,13.5594217533416,7.36989689343535
20,2046,Symmetric-energy ET-NMPC,57,5.6,18.1615347791037,13.8745077520436,7.41046883890055
20,2046,Symmetric-energy ET-NMPC,58,5.7,18.5450721571715,14.1905296007995,7.46550765005944
20,2046,Symmetric-energy ET-NMPC,59,5.8,18.9258653689055,14.5071866815418,7.53424499880875
20,2046,Symmetric-energy ET-NMPC,60,5.9,19.3056869484412,14.8263938249819,7.59623183044146
20,2046,Symmetric-energy ET-NMPC,61,6,19.6846861339673,15.1459213690664,7.66151403277786
20,2046,Symmetric-energy ET-NMPC,62,6.1,20.0702442986234,15.4579005165856,7.72486948384701
20,2046,Symmetric-energy ET-NMPC,63,6.2,20.4668863771914,15.758640513507,7.77209782026643
20,2046,Symmetric-energy ET-NMPC,64,6.3,20.8740945201404,16.0476510159093,7.79768019344162
20,2046,Symmetric-energy ET-NMPC,65,6.4,21.2936915838918,16.3194944816072,7.8039598628969
20,2046,Symmetric-energy ET-NMPC,66,6.5,21.7255278915088,16.5712782149975,7.79289844238436
20,2046,Symmetric-energy ET-NMPC,67,6.6,22.1676270942977,16.8028242593989,7.76232518257325
20,2046,Symmetric-energy ET-NMPC,68,6.7,22.6168174561846,17.0173328046874,7.71527092892757
20,2046,Symmetric-energy ET-NMPC,69,6.8,23.065666838545,17.2353277395472,7.68345206140832
20,2046,Symmetric-energy ET-NMPC,70,6.9,23.5067091142216,17.4685111973242,7.65017765555212
20,2046,Symmetric-energy ET-NMPC,71,7,23.9363516685112,17.7047652124002,7.5959587201714
20,2046,Symmetric-energy ET-NMPC,72,7.1,24.3417434378757,17.9336027444131,7.54566450241157
20,2046,Symmetric-energy ET-NMPC,73,7.2,24.7298146986047,18.145119770628,7.47804977485821
20,2046,Symmetric-energy ET-NMPC,74,7.3,25.1381524630803,18.365498943874,7.43070155109535
20,2046,Symmetric-energy ET-NMPC,75,7.4,25.5638107356084,18.6031986252337,7.40067383539331
20,2046,Symmetric-energy ET-NMPC,76,7.5,25.9970000463802,18.8525830792844,7.3882474477053
20,2046,Symmetric-energy ET-NMPC,77,7.6,26.4261669188385,19.1090649669858,7.39397779371741
20,2046,Symmetric-energy ET-NMPC,78,7.7,26.8426190442006,19.3846381929589,7.41901824914767
20,2046,Symmetric-energy ET-NMPC,79,7.8,27.2499824364289,19.67114080578,7.46341779327815
20,2046,Symmetric-energy ET-NMPC,80,7.9,27.6538216081276,19.9600513990866,7.52210844395553
20,2046,Symmetric-energy ET-NMPC,81,8,28.0539793937729,20.251011729375,7.59432916664599
20,2046,Symmetric-energy ET-NMPC,82,8.1,28.450344514328,20.5437018489203,7.67934201936756
20,2046,Symmetric-energy ET-NMPC,83,8.2,28.8428458655211,20.8378372547357,7.77643502816557
20,2046,Symmetric-energy ET-NMPC,84,8.3,29.2314472129326,21.1331660302448,7.88492423106698
20,2046,Symmetric-energy ET-NMPC,85,8.4,29.6214439383233,21.4335494551931,7.97251619531521
20,2046,Symmetric-energy ET-NMPC,86,8.5,29.994120159336,21.7512533902846,8.0427876498576
20,2046,Symmetric-energy ET-NMPC,87,8.6,30.3562426238302,22.0888145459132,8.09320188868653
20,2046,Symmetric-energy ET-NMPC,88,8.7,30.7010445803612,22.4436962098912,8.1262956196009
20,2046,Symmetric-energy ET-NMPC,89,8.8,31.0285260289425,22.8158983821692,8.17670985849247
20,2046,Symmetric-energy ET-NMPC,90,8.9,31.3386869693272,23.2054210622536,8.20980358915985
20,2046,Symmetric-energy ET-NMPC,91,9,31.6306379015849,23.6110284681614,8.22552890081306
20,2046,Symmetric-energy ET-NMPC,92,9.1,31.9052683256314,23.9993153662642,8.22393370425547
20,2046,Symmetric-energy ET-NMPC,93,9.2,32.1625782414592,24.3702817565703,8.20501799948611
20,2046,Symmetric-energy ET-NMPC,94,9.3,32.4025676490445,24.7585686547373,8.16878178659291
20,2046,Symmetric-energy ET-NMPC,95,9.4,32.6252365483854,25.164176060805,8.11522506561792
20,2046,Symmetric-energy ET-NMPC,96,9.5,32.8305849396366,25.5524629588243,8.04434783655393
20,2046,Symmetric-energy ET-NMPC,97,9.6,33.0186128209189,25.9580703611399,7.9561500975282
20,2046,Symmetric-energy ET-NMPC,98,9.7,33.1893201940296,26.3809982714266,7.85063185041809
20,2046,Symmetric-energy ET-NMPC,99,9.8,33.3427070590505,26.8212466897776,7.72779309523503
20,2046,Symmetric-energy ET-NMPC,100,9.9,33.4787734159365,27.2788156161014,7.58763383193257
20,2046,Symmetric-energy ET-NMPC,101,10,33.5942359106967,27.7405742325101,7.43450841772551
20,2046,Symmetric-energy ET-NMPC,102,10.1,33.6909208827139,28.2125409548484,7.30071966935235
20,2046,Symmetric-energy ET-NMPC,103,10.2,33.7686198578608,28.6930840679793,7.18652165849608
20,2046,Symmetric-energy ET-NMPC,104,10.3,33.8562315387081,29.1772308819332,7.0974932589963
20,2046,Symmetric-energy ET-NMPC,105,10.4,33.9614228119031,29.6613319648364,7.02981063511454
20,2046,Symmetric-energy ET-NMPC,106,10.5,34.0834452594417,30.1439638074818,6.98315201574636
20,2046,Symmetric-energy ET-NMPC,107,10.6,34.2227882472397,30.6092752062585,6.95381393647688
20,2046,Symmetric-energy ET-NMPC,108,10.7,34.379451744717,31.0572660999798,6.94179636669982
20,2046,Symmetric-energy ET-NMPC,109,10.8,34.5534357508102,31.4879364864458,6.94709930527869
20,2046,Symmetric-energy ET-NMPC,110,10.9,34.7447402654033,31.901286365209,6.96972275188181
20,2046,Symmetric-energy ET-NMPC,111,11,34.9533652891879,32.2973157366664,7.00966670621472
20,2046,Symmetric-energy ET-NMPC,112,11.1,35.1793108238409,32.6760246030217,7.06693116880419
20,2046,Symmetric-energy ET-NMPC,113,11.2,35.422576871229,33.0374129703073,7.14151614381593
20,2046,Symmetric-energy ET-NMPC,114,11.3,35.6831634573707,33.4161217805639,7.23342166133002
20,2046,Symmetric-energy ET-NMPC,115,11.4,35.961070546919,33.8121510990428,7.34264769144221
20,2046,Symmetric-energy ET-NMPC,116,11.5,36.2430560242148,34.206960580262,7.4635181350322
20,2046,Symmetric-energy ET-NMPC,117,11.6,36.5266179136369,34.5974117560007,7.59443999810978
20,2046,Symmetric-energy ET-NMPC,118,11.7,36.81106394518,34.9838226073156,7.73507110820071
20,2046,Symmetric-energy ET-NMPC,119,11.8,37.0926912097555,35.3681977550173,7.88653671379177
20,2046,Symmetric-energy ET-NMPC,120,11.9,37.3676437308161,35.7525855736959,8.04977615759721
20,2046,Symmetric-energy ET-NMPC,121,12,37.6337060524263,36.1375257847705,8.22593482163976
20,2046,Symmetric-energy ET-NMPC,122,12.1,37.8903099813235,36.5202967296431,8.41994726308581
20,2046,Symmetric-energy ET-NMPC,123,12.2,38.1370002129659,36.8974360495095,8.63653411176998
20,2046,Symmetric-energy ET-NMPC,124,12.3,38.3736076553527,37.2656090877754,8.878330580109
20,2046,Symmetric-energy ET-NMPC,125,12.4,38.5997192949192,37.6225712702365,9.14563476403653
20,2046,Symmetric-energy ET-NMPC,126,12.5,38.8124325185082,37.9633182949179,9.43432939226687
20,2046,Symmetric-energy ET-NMPC,127,12.6,39.0085604743746,38.2819962426292,9.7312783740925
20,2046,Symmetric-energy ET-NMPC,128,12.7,39.1874973819661,38.5762238653603,10.0256486997634
20,2046,Symmetric-energy ET-NMPC,129,12.8,39.3505599078971,38.8467534363286,10.3107235238581
20,2046,Symmetric-energy ET-NMPC,130,12.9,39.4985392842261,39.0950236830454,10.5824934209727
20,2046,Symmetric-energy ET-NMPC,131,13,39.6318918256202,39.3225609148256,10.8382571382987
20,2046,Symmetric-energy ET-NMPC,132,13.1,39.7510888838182,39.5305080371209,11.0762486890191
20,2046,Symmetric-energy ET-NMPC,133,13.2,39.8565245360822,39.7196042277992,11.2953917362476
20,2046,Symmetric-energy ET-NMPC,134,13.3,39.9482549780303,39.8898301500237,11.4956646966006
20,2046,Symmetric-energy ET-NMPC,135,13.4,40.0292998560548,40.0403493105248,11.6760012012504
21,2047,Asymmetric ET-NMPC,1,0,0,0,3
21,2047,Asymmetric ET-NMPC,2,0.1,0,0,3
21,2047,Asymmetric ET-NMPC,3,0.2,0.0209497155622598,0.0209497155622598,3.00471368600151
21,2047,Asymmetric ET-NMPC,4,0.3,0.0628491466867795,0.0628491466867795,3.01414105800453
21,2047,Asymmetric ET-NMPC,5,0.4,0.125698293373559,0.125698293373559,3.02828211600905
21,2047,Asymmetric ET-NMPC,6,0.5,0.209497155622598,0.209497155622598,3.04713686001508
21,2047,Asymmetric ET-NMPC,7,0.6,0.314245733433897,0.314245733433897,3.07070529002263
21,2047,Asymmetric ET-NMPC,8,0.7,0.439944026807456,0.439944026807456,3.09898740603168
21,2047,Asymmetric ET-NMPC,9,0.8,0.586592035743275,0.586592035743275,3.13198320804224
21,2047,Asymmetric ET-NMPC,10,0.9,0.754189760241354,0.754189760241354,3.16969269605431
21,2047,Asymmetric ET-NMPC,11,1,0.942737200301692,0.942737200301692,3.21211587006788
21,2047,Asymmetric ET-NMPC,12,1.1,1.15223435592429,1.15223435592429,3.25925273008297
21,2047,Asymmetric ET-NMPC,13,1.2,1.38268122710915,1.38268122710915,3.31110327609956
21,2047,Asymmetric ET-NMPC,14,1.3,1.63407781385627,1.63407781385627,3.36766750811766
21,2047,Asymmetric ET-NMPC,15,1.4,1.90642411616564,1.90642411616564,3.42894542613727
21,2047,Asymmetric ET-NMPC,16,1.5,2.19972013403728,2.19972013403728,3.49493703015839
21,2047,Asymmetric ET-NMPC,17,1.6,2.5104742482108,2.5104742482108,3.56485670584743
21,2047,Asymmetric ET-NMPC,18,1.7,2.83432193461074,2.83432193461074,3.63772243528742
21,2047,Asymmetric ET-NMPC,19,1.8,3.16798980018048,3.16798980018048,3.71279770504061
21,2047,Asymmetric ET-NMPC,20,1.9,3.50902280012758,3.50902280012758,3.78953013002871
21,2047,Asymmetric ET-NMPC,21,2,3.85557965085769,3.85557965085769,3.86750542144298
21,2047,Asymmetric ET-NMPC,22,2.1,4.20474157689536,4.20474157689536,3.94606685480146
21,2047,Asymmetric ET-NMPC,23,2.2,4.55390350293302,4.55390350293302,4.02462828815993
21,2047,Asymmetric ET-NMPC,24,2.3,4.90306542897069,4.90306542897069,4.1031897215184
21,2047,Asymmetric ET-NMPC,25,2.4,5.25222735500835,5.25222735500835,4.18175115487688
21,2047,Asymmetric ET-NMPC,26,2.5,5.60138928104601,5.60138928104601,4.26031258823535
21,2047,Asymmetric ET-NMPC,27,2.6,5.95055120708368,5.95055120708368,4.33887402159383
21,2047,Asymmetric ET-NMPC,28,2.7,6.31687801246749,6.27881250139102,4.42859132381009
21,2047,Asymmetric ET-NMPC,29,2.8,6.69918674988405,6.58555598772694,4.52732562831182
21,2047,Asymmetric ET-NMPC,30,2.9,7.09447371369173,6.87326717150213,4.63206573989462
21,2047,Asymmetric ET-NMPC,31,3,7.49653995693661,7.15169528309037,4.73608748146992
21,2047,Asymmetric ET-NMPC,32,3.1,7.89837441203142,7.43059544784254,4.83973963436543
21,2047,Asymmetric ET-NMPC,33,3.2,8.30023768644319,7.71291384815967,4.93355983219843
21,2047,Asymmetric ET-NMPC,34,3.3,8.70506962374141,7.99212260825843,5.02385695744326
21,2047,Asymmetric ET-NMPC,35,3.4,9.10873075180291,8.27656412026972,5.10228348316545
21,2047,Asymmetric ET-NMPC,36,3.5,9.50983728727073,8.56509823424417,5.17884465007127
21,2047,Asymmetric ET-NMPC,37,3.6,9.91088440254286,8.85824877644455,5.23562467243413
21,2047,Asymmetric ET-NMPC,38,3.7,10.3173177818034,9.14737446766168,5.27052800896584
21,2047,Asymmetric ET-NMPC,39,3.8,10.7322626012198,9.42108467089371,5.32441234329594
21,2047,Asymmetric ET-NMPC,40,3.9,11.1580547470904,9.67363492895272,5.3945508895402
21,2047,Asymmetric ET-NMPC,41,4,11.5948866549262,9.91192591200726,5.44349260683119
21,2047,Asymmetric ET-NMPC,42,4.1,12.032490499161,10.15213389527,5.4718298665392
21,2047,Asymmetric ET-NMPC,43,4.2,12.4796829882501,10.3712331976691,5.51671163778954
21,2047,Asymmetric ET-NMPC,44,4.3,12.9340144620013,10.5786933472757,5.5400182523935
21,2047,Asymmetric ET-NMPC,45,4.4,13.384013739734,10.7952055262738,5.56498075197826
21,2047,Asymmetric ET-NMPC,46,4.5,13.8299103374449,11.0201585782147,5.58890455962582
21,2047,Asymmetric ET-NMPC,47,4.6,14.2715362536145,11.2512738426741,5.62830360404549
21,2047,Asymmetric ET-NMPC,48,4.7,14.7088728055212,11.4892991257192,5.67391834944289
21,2047,Asymmetric ET-NMPC,49,4.8,15.1412647750954,11.7340954225489,5.7297032730888
21,2047,Asymmetric ET-NMPC,50,4.9,15.5687789793764,11.9863740835099,5.78959552936395
21,2047,Asymmetric ET-NMPC,51,5,15.9918823664562,12.2432496341008,5.86029542575838
21,2047,Asymmetric ET-NMPC,52,5.1,16.4105572244873,12.5049843934213,5.93907536620079
21,2047,Asymmetric ET-NMPC,53,5.2,16.8227067695484,12.772344143838,6.03208889405068
21,2047,Asymmetric ET-NMPC,54,5.3,17.2254117980958,13.049795362402,6.13624973746097
21,2047,Asymmetric ET-NMPC,55,5.4,17.6189013765811,13.3364874977645,6.25015132280881
21,2047,Asymmetric ET-NMPC,56,5.5,17.9999912020139,13.635829681799,6.37329677261957
21,2047,Asymmetric ET-NMPC,57,5.6,18.3766876109823,13.9362912994583,6.50679820251393
21,2047,Asymmetric ET-NMPC,58,5.7,18.7492181098025,14.2375190885332,6.64991649812216
21,2047,Asymmetric ET-NMPC,59,5.8,19.1181217277104,14.5389512737469,6.80173467362088
21,2047,Asymmetric ET-NMPC,60,5.9,19.483473727861,14.8404781884377,6.96173291018301
21,2047,Asymmetric ET-NMPC,61,6,19.8432035453265,15.1437402053353,7.13092690396976
21,2047,Asymmetric ET-NMPC,62,6.1,20.1998430840453,15.4464861008106,7.30742948807335
21,2047,Asymmetric ET-NMPC,63,6.2,20.559718974977,15.7390286218014,7.49426689476283
21,2047,Asymmetric ET-NMPC,64,6.3,20.9332808448753,16.0142117847491,7.68061537527232
21,2047,Asymmetric ET-NMPC,65,6.4,21.3232406633252,16.2679816501287,7.85382696229231
21,2047,Asymmetric ET-NMPC,66,6.5,21.7289001466452,16.5078214989192,8.00560317759174
21,2047,Asymmetric ET-NMPC,67,6.6,22.1164434886744,16.7282495423199,8.1434156098709
21,2047,Asymmetric ET-NMPC,68,6.7,22.4974419031828,16.9276454154912,8.26086111456656
21,2047,Asymmetric ET-NMPC,69,6.8,22.8702560062937,17.1213604677155,8.3586447543199
21,2047,Asymmetric ET-NMPC,70,6.9,23.2583166378334,17.3386225730041,8.44579450189539
21,2047,Asymmetric ET-NMPC,71,7,23.6533105546955,17.5664530940427,8.50692473594162
21,2047,Asymmetric ET-NMPC,72,7.1,24.0656249840886,17.7769631027336,8.55073447063951
21,2047,Asymmetric ET-NMPC,73,7.2,24.4546530861231,17.976282455924,8.5866569977694
21,2047,Asymmetric ET-NMPC,74,7.3,24.817550946014,18.1669429988532,8.62332152372252
21,2047,Asymmetric ET-NMPC,75,7.4,25.1548575363984,18.3439993506218,8.65223924982613
21,2047,Asymmetric ET-NMPC,76,7.5,25.469431941369,18.5015899407541,8.6832382904752
21,2047,Asymmetric ET-NMPC,77,7.6,25.7636461255959,18.63882039329,8.70581556121989
21,2047,Asymmetric ET-NMPC,78,7.7,26.0380260198712,18.7562166265906,8.73903260120256
21,2047,Asymmetric ET-NMPC,79,7.8,26.2912370081004,18.8947817666456,8.77418737275561
21,2047,Asymmetric ET-NMPC,80,7.9,26.5247417242023,19.0444521152306,8.7896358716437
21,2047,Asymmetric ET-NMPC,81,8,26.7647064388501,19.2148380184835,8.78436881566151
21,2047,Asymmetric ET-NMPC,82,8.1,27.0257129229592,19.4062656964755,8.78290802474749
21,2047,Asymmetric ET-NMPC,83,8.2,27.3040399153595,19.6150138828752,8.76412672630524
21,2047,Asymmetric ET-NMPC,84,8.3,27.5956259785949,19.8427909556572,8.72631654130505
21,2047,Asymmetric ET-NMPC,85,8.4,27.9045325512605,20.0878885379386,8.70582686160236
21,2047,Asymmetric ET-NMPC,86,8.5,28.2307596319444,20.3503066283189,8.66801667378975
21,2047,Asymmetric ET-NMPC,87,8.6,28.5743072206748,20.6300452267622,8.6128859778596
21,2047,Asymmetric ET-NMPC,88,8.7,28.9351753171431,20.9271043334147,8.5404347736495
21,2047,Asymmetric ET-NMPC,89,8.8,29.3133639214705,21.2414839482144,8.45066306121863
21,2047,Asymmetric ET-NMPC,90,8.9,29.6884800015084,21.5560811235826,8.34909267307661
21,2047,Asymmetric ET-NMPC,91,9,30.0553580524161,21.8844741210904,8.262152837845
21,2047,Asymmetric ET-NMPC,92,9.1,30.4166326682533,22.2150742167268,8.161235898153
21,2047,Asymmetric ET-NMPC,93,9.2,30.7758473231451,22.5539460621546,8.08293708534357
21,2047,Asymmetric ET-NMPC,94,9.3,31.1259256049461,22.8981325845117,7.98816982074747
21,2047,Asymmetric ET-NMPC,95,9.4,31.45421905546,23.2628528419402,7.89223992879022
21,2047,Asymmetric ET-NMPC,96,9.5,31.7651919981496,23.644893607638,7.8136305449665
21,2047,Asymmetric ET-NMPC,97,9.6,32.0588444326235,24.0442548813859,7.75234166910409
21,2047,Asymmetric ET-NMPC,98,9.7,32.3341233619158,24.4593488456586,7.70854084819767
21,2047,Asymmetric ET-NMPC,99,9.8,32.58992876115,24.8881542176003,7.6822815504807
21,2047,Asymmetric ET-NMPC,100,9.9,32.8234853941651,25.3300620733391,7.669291315264
21,2047,Asymmetric ET-NMPC,101,10,33.0364799140564,25.7824061251622,7.67355667299106
21,2047,Asymmetric ET-NMPC,102,10.1,33.2285984113622,26.2435365977106,7.69475031072092
21,2047,Asymmetric ET-NMPC,103,10.2,33.3996886669646,26.7118388990192,7.73244751256672
21,2047,Asymmetric ET-NMPC,104,10.3,33.5497521182907,27.1857567928466,7.78613913655302
21,2047,Asymmetric ET-NMPC,105,10.4,33.6786101200986,27.6637602831888,7.85619824438847
21,2047,Asymmetric ET-NMPC,106,10.5,33.7861097242457,28.144281608422,7.94304921504732
21,2047,Asymmetric ET-NMPC,107,10.6,33.8722649181173,28.6257742724236,8.04669330355031
21,2047,Asymmetric ET-NMPC,108,10.7,33.9501183743448,29.1038850784843,8.17058396696529
21,2047,Asymmetric ET-NMPC,109,10.8,34.0428885703776,29.5757354472718,8.30751796640718
21,2047,Asymmetric ET-NMPC,110,10.9,34.1490561559756,30.0412580446193,8.45589975480168
21,2047,Asymmetric ET-NMPC,111,11,34.2747412991901,30.4952404205915,8.62353998589707
21,2047,Asymmetric ET-NMPC,112,11.1,34.4187713892245,30.9341587218741,8.8095251503507
21,2047,Asymmetric ET-NMPC,113,11.2,34.5801219990966,31.3557565171495,9.01283081318652
21,2047,Asymmetric ET-NMPC,114,11.3,34.7587931324621,31.7600337939657,9.23345695829683
21,2047,Asymmetric ET-NMPC,115,11.4,34.9552486351265,32.1465267046082,9.47043646784503
21,2047,Asymmetric ET-NMPC,116,11.5,35.1714836652521,32.5132400933489,9.71825760119919
21,2047,Asymmetric ET-NMPC,117,11.6,35.410360731035,32.8765735719167,9.96509060303394
21,2047,Asymmetric ET-NMPC,118,11.7,35.6580311391936,33.2427705302575,10.1986696188392
21,2047,Asymmetric ET-NMPC,119,11.8,35.9143321338098,33.6121398499178,10.4174757107389
21,2047,Asymmetric ET-NMPC,120,11.9,36.1788748065152,33.9846349626502,10.6206125250006
21,2047,Asymmetric ET-NMPC,121,12,36.4511534239364,34.3600079835033,10.8075869877242
21,2047,Asymmetric ET-NMPC,122,12.1,36.7305943433411,34.7378806921381,10.9782474360748
21,2047,Asymmetric ET-NMPC,123,12.2,37.0147625324259,35.1194102569654,11.132142307578
21,2047,Asymmetric ET-NMPC,124,12.3,37.2982313143923,35.5079845846311,11.2687272318179
21,2047,Asymmetric ET-NMPC,125,12.4,37.5760756755864,35.9060293982233,11.3885722873061
21,2047,Asymmetric ET-NMPC,126,12.5,37.8478840540611,36.3123959060033,11.4933886350085
21,2047,Asymmetric ET-NMPC,127,12.6,38.11564878019,36.7241819153002,11.5868462938091
21,2047,Asymmetric ET-NMPC,128,12.7,38.3732659187435,37.1279286346794,11.6690859528222
21,2047,Asymmetric ET-NMPC,129,12.8,38.6161016344404,37.51475047313,11.7404628966483
21,2047,Asymmetric ET-NMPC,130,12.9,38.841441760727,37.879344598702,11.8018481873897
21,2047,Asymmetric ET-NMPC,131,13,39.0495713616235,38.2207839243455,11.8550083303468
21,2047,Asymmetric ET-NMPC,132,13.1,39.2403515400215,38.5388515467853,11.9009047945992
21,2047,Asymmetric ET-NMPC,133,13.2,39.4129799338912,38.8340334928038,11.9399632377065
21,2047,Asymmetric ET-NMPC,134,13.3,39.5670134965245,39.1065611207965,11.9726174536101
21,2047,Asymmetric ET-NMPC,135,13.4,39.7023140699779,39.3564252629074,11.9993183910836
21,2047,Asymmetric ET-NMPC,136,13.5,39.8230649642967,39.580275109664,12.0226188470765
21,2047,Symmetric-energy ET-NMPC,1,0,0,0,3
21,2047,Symmetric-energy ET-NMPC,2,0.1,0,0,3
21,2047,Symmetric-energy ET-NMPC,3,0.2,0.0209497155622598,0.0209497155622598,3.00471368600151
21,2047,Symmetric-energy ET-NMPC,4,0.3,0.0628491466867795,0.0628491466867795,3.01414105800453
21,2047,Symmetric-energy ET-NMPC,5,0.4,0.125698293373559,0.125698293373559,3.02828211600905
21,2047,Symmetric-energy ET-NMPC,6,0.5,0.209497155622598,0.209497155622598,3.04713686001508
21,2047,Symmetric-energy ET-NMPC,7,0.6,0.314245733433897,0.314245733433897,3.07070529002263
21,2047,Symmetric-energy ET-NMPC,8,0.7,0.439944026807456,0.439944026807456,3.09898740603168
21,2047,Symmetric-energy ET-NMPC,9,0.8,0.586592035743275,0.586592035743275,3.13198320804224
21,2047,Symmetric-energy ET-NMPC,10,0.9,0.754189760241354,0.754189760241354,3.16969269605431
21,2047,Symmetric-energy ET-NMPC,11,1,0.942737200301692,0.942737200301692,3.21211587006788
21,2047,Symmetric-energy ET-NMPC,12,1.1,1.15223435592429,1.15223435592429,3.25925273008297
21,2047,Symmetric-energy ET-NMPC,13,1.2,1.38268122710915,1.38268122710915,3.31110327609956
21,2047,Symmetric-energy ET-NMPC,14,1.3,1.63407781385627,1.63407781385627,3.36766750811766
21,2047,Symmetric-energy ET-NMPC,15,1.4,1.90642411616564,1.90642411616564,3.42894542613727
21,2047,Symmetric-energy ET-NMPC,16,1.5,2.19972013403728,2.19972013403728,3.49493703015839
21,2047,Symmetric-energy ET-NMPC,17,1.6,2.5104742482108,2.5104742482108,3.56485670584743
21,2047,Symmetric-energy ET-NMPC,18,1.7,2.83432193461074,2.83432193461074,3.63772243528742
21,2047,Symmetric-energy ET-NMPC,19,1.8,3.16798980018048,3.16798980018048,3.71279770504061
21,2047,Symmetric-energy ET-NMPC,20,1.9,3.50902280012758,3.50902280012758,3.78953013002871
21,2047,Symmetric-energy ET-NMPC,21,2,3.85557965085769,3.85557965085769,3.86750542144298
21,2047,Symmetric-energy ET-NMPC,22,2.1,4.20474157689536,4.20474157689536,3.94606685480146
21,2047,Symmetric-energy ET-NMPC,23,2.2,4.55390350293302,4.55390350293302,4.02462828815993
21,2047,Symmetric-energy ET-NMPC,24,2.3,4.90306542897069,4.90306542897069,4.1031897215184
21,2047,Symmetric-energy ET-NMPC,25,2.4,5.25222735500835,5.25222735500835,4.18175115487688
21,2047,Symmetric-energy ET-NMPC,26,2.5,5.60138928104601,5.60138928104601,4.26031258823535
21,2047,Symmetric-energy ET-NMPC,27,2.6,5.95055120708368,5.95055120708368,4.33887402159383
21,2047,Symmetric-energy ET-NMPC,28,2.7,6.31685576734042,6.27882345757155,4.42864204872346
21,2047,Symmetric-energy ET-NMPC,29,2.8,6.69912586223798,6.58558389563069,4.52747325932403
21,2047,Symmetric-energy ET-NMPC,30,2.9,7.09436670193958,6.87330667382955,4.63235548630982
21,2047,Symmetric-energy ET-NMPC,31,3,7.49639987707249,7.15171541886466,4.73655671845479
21,2047,Symmetric-energy ET-NMPC,32,3.1,7.89821117453524,7.43057590797218,4.84040520831385
21,2047,Symmetric-energy ET-NMPC,33,3.2,8.30004943910749,7.71282710783729,4.93453421181581
21,2047,Symmetric-energy ET-NMPC,34,3.3,8.70484979272663,7.99193643813009,5.02527921417588
21,2047,Symmetric-energy ET-NMPC,35,3.4,9.10841750185021,8.2762650529219,5.10459089656452
21,2047,Symmetric-energy ET-NMPC,36,3.5,9.5094524775385,8.56470655902448,5.18187249742761
21,2047,Symmetric-energy ET-NMPC,37,3.6,9.91045358302342,8.85778484110319,5.23934626512787
21,2047,Symmetric-energy ET-NMPC,38,3.7,10.3168646109872,9.14686585433458,5.27487434048406
21,2047,Symmetric-energy ET-NMPC,39,3.8,10.7317487828982,9.42054737111715,5.32936792973379
21,2047,Symmetric-energy ET-NMPC,40,3.9,11.1574646687933,9.67305957339701,5.4001038625852
21,2047,Symmetric-energy ET-NMPC,41,4,11.5943127009551,9.91118704722733,5.44969320623416
21,2047,Symmetric-energy ET-NMPC,42,4.1,12.0319820902543,10.1512031924647,5.47863721590647
21,2047,Symmetric-energy ET-NMPC,43,4.2,12.4792131379712,10.3701012547656,5.52411279483524
21,2047,Symmetric-energy ET-NMPC,44,4.3,12.9336378721842,10.5772893643207,5.54801359386809
21,2047,Symmetric-energy ET-NMPC,45,4.4,13.3837195708569,10.7935789913123,5.57341559724934
21,2047,Symmetric-energy ET-NMPC,46,4.5,13.8297028015094,11.0183261076194,5.59765795044383
21,2047,Symmetric-energy ET-NMPC,47,4.6,14.2713976389525,11.2492560181085,5.63737000173294
21,2047,Symmetric-energy ET-NMPC,48,4.7,14.7088009836693,11.4871117697024,5.68322799410331
21,2047,Symmetric-energy ET-NMPC,49,4.8,15.1412501878691,11.7317694490655,5.73917712917814
21,2047,Symmetric-energy ET-NMPC,50,4.9,15.5688252252146,11.9839319810612,5.7991241465895
21,2047,Symmetric-energy ET-NMPC,51,5,15.9919871239758,12.240699079799,5.86986779960952
21,2047,Symmetric-energy ET-NMPC,52,5.1,16.4107164472807,12.5023436166312,5.94865796492491
21,2047,Symmetric-energy ET-NMPC,53,5.2,16.8229024997952,12.7696385701457,6.04169594608459
21,2047,Symmetric-energy ET-NMPC,54,5.3,17.2256318118347,13.0470843095534,6.14577746658008
21,2047,Symmetric-energy ET-NMPC,55,5.4,17.6191331422618,13.3338267851696,6.25951161109964
21,2047,Symmetric-energy ET-NMPC,56,5.5,18.0002217615675,13.6332805227273,6.38238928725923
21,2047,Symmetric-energy ET-NMPC,57,5.6,18.3769497468204,13.9338243082308,6.51561637955854
21,2047,Symmetric-energy ET-NMPC,58,5.7,18.7495318595236,14.2351172164879,6.65846298514536
21,2047,Symmetric-energy ET-NMPC,59,5.8,19.1184878621613,14.5366139225045,6.81002552794117
21,2047,Symmetric-energy ET-NMPC,60,5.9,19.4838925537106,14.8382044692864,6.96978332426275
21,2047,Symmetric-energy ET-NMPC,61,6,19.8436581215188,15.1415435982673,7.13876293560315
21,2047,Symmetric-energy ET-NMPC,62,6.1,20.2003031913049,15.4444171611535,7.31503516569593
21,2047,Symmetric-energy ET-NMPC,63,6.2,20.5601232588872,15.737140119353,7.50169739730155
21,2047,Symmetric-energy ET-NMPC,64,6.3,20.9335362859858,16.0125215864079,7.68805125102009
21,2047,Symmetric-energy ET-NMPC,65,6.4,21.3234234076028,16.2665847999923,7.8612090341582
21,2047,Symmetric-energy ET-NMPC,66,6.5,21.7290590500715,16.5067582555244,8.01294116182829
21,2047,Symmetric-energy ET-NMPC,67,6.6,22.1165806707601,16.727438824892,8.15082014530954
21,2047,Symmetric-energy ET-NMPC,68,6.7,22.497551024113,16.926927537456,8.26850046295561
21,2047,Symmetric-energy ET-NMPC,69,6.8,22.8704046201829,17.1211117349574,8.3664353499219
21,2047,Symmetric-energy ET-NMPC,70,6.9,23.2584651884981,17.3388276837157,8.45364621348675
21,2047,Symmetric-energy ET-NMPC,71,7,23.6534354757685,17.5669460695683,8.51464351012747
21,2047,Symmetric-energy ET-NMPC,72,7.1,24.0657262727923,17.7777439458467,8.55832030186877
21,2047,Symmetric-energy ET-NMPC,73,7.2,24.4547318429099,17.9772056260775,8.59408494498144
21,2047,Symmetric-energy ET-NMPC,74,7.3,24.8176149457749,18.1678874933846,8.63052865817986
21,2047,Symmetric-energy ET-NMPC,75,7.4,25.154956436827,18.3449078979825,8.65916272973194
21,2047,Symmetric-energy ET-NMPC,76,7.5,25.4695912197583,18.502429189117,8.68984374546014
21,2047,Symmetric-energy ET-NMPC,77,7.6,25.7630630858901,18.6578860694367,8.69936184171766
21,2047,Symmetric-energy ET-NMPC,78,7.7,26.0546480798096,18.8382760385777,8.69230342461771
21,2047,Symmetric-energy ET-NMPC,79,7.8,26.3668457191433,19.0404284345672,8.68647611542823
21,2047,Symmetric-energy ET-NMPC,80,7.9,26.6948779915061,19.260598382968,8.66263125363198
21,2047,Symmetric-energy ET-NMPC,81,8,27.0384294442503,19.4989226013648,8.62063212178144
21,2047,Symmetric-energy ET-NMPC,82,8.1,27.3998842222369,19.7551501451352,8.56254131861202
21,2047,Symmetric-energy ET-NMPC,83,8.2,27.7821422580617,20.0321809469097,8.51031983565232
21,2047,Symmetric-energy ET-NMPC,84,8.3,28.1808114422146,20.325862372843,8.44093610795848
21,2047,Symmetric-energy ET-NMPC,85,8.4,28.5792717753565,20.6237590198283,8.39106677241777
21,2047,Symmetric-energy ET-NMPC,86,8.5,28.9744478412472,20.9233550159423,8.32720664354479
21,2047,Symmetric-energy ET-NMPC,87,8.6,29.3661983501737,21.2243325506093,8.25010889791222
21,2047,Symmetric-energy ET-NMPC,88,8.7,29.7544241293486,21.5264109203525,8.16050196225802
21,2047,Symmetric-energy ET-NMPC,89,8.8,30.1359253967612,21.8325050617449,8.05675631382989
21,2047,Symmetric-energy ET-NMPC,90,8.9,30.511336431134,22.1414757617155,7.94012157701939
21,2047,Symmetric-energy ET-NMPC,91,9,30.8694269601731,22.4677669714865,7.84080734930196
21,2047,Symmetric-energy ET-NMPC,92,9.1,31.2064597444698,22.8151159733932,7.7378681006554
21,2047,Symmetric-energy ET-NMPC,93,9.2,31.5261720223332,23.1797854842833,7.65224936081913
21,2047,Symmetric-energy ET-NMPC,94,9.3,31.8283553164292,23.5619839790291,7.58352646227777
21,2047,Symmetric-energy ET-NMPC,95,9.4,32.1096221212212,23.9650989627952,7.51980365996254
21,2047,Symmetric-energy ET-NMPC,96,9.5,32.3735684177693,24.3855344544769,7.47340136571464
21,2047,Symmetric-energy ET-NMPC,97,9.6,32.6185822483606,24.8204292603024,7.44450965955162
21,2047,Symmetric-energy ET-NMPC,98,9.7,32.8433822077452,25.2668981470566,7.43308550001264
21,2047,Symmetric-energy ET-NMPC,99,9.8,33.0475471620578,25.7232784779614,7.43888765424302
21,2047,Symmetric-energy ET-NMPC,100,9.9,33.2308203245449,26.1879251540565,7.46156835762132
21,2047,Symmetric-energy ET-NMPC,101,10,33.3931037679557,26.6592360504867,7.50068514303304
21,2047,Symmetric-energy ET-NMPC,102,10.1,33.5343507308538,27.1356682124925,7.55601768751195
21,2047,Symmetric-energy ET-NMPC,103,10.2,33.6543033842324,27.6156635375786,7.62823852136874
21,2047,Symmetric-energy ET-NMPC,104,10.3,33.7528562943845,28.097633222418,7.71763956608462
21,2047,Symmetric-energy ET-NMPC,105,10.4,33.8300764674238,28.580033053016,7.8240700519182
21,2047,Symmetric-energy ET-NMPC,106,10.5,33.9065320395187,29.057577339895,7.95097946671831
21,2047,Symmetric-energy ET-NMPC,107,10.6,33.9978170351039,29.5289176262476,8.09064114378845
21,2047,Symmetric-energy ET-NMPC,108,10.7,34.1016425183972,29.9944616467024,8.24060458612603
21,2047,Symmetric-energy ET-NMPC,109,10.8,34.2250355425446,30.4483900609533,8.41008365954632
21,2047,Symmetric-energy ET-NMPC,110,10.9,34.3657491069234,30.8849980218625,8.5968832636203
21,2047,Symmetric-energy ET-NMPC,111,11,34.5237831868697,31.3042854743803,8.80100336796257
21,2047,Symmetric-energy ET-NMPC,112,11.1,34.6991377845092,31.7062524123056,9.02244396424616
21,2047,Symmetric-energy ET-NMPC,113,11.2,34.8918129205516,32.0908988140034,9.26120501012617
21,2047,Symmetric-energy ET-NMPC,114,11.3,35.1030347055493,32.4569985688297,9.51452777645233
21,2047,Symmetric-energy ET-NMPC,115,11.4,35.3396407829731,32.810670556576,9.77708003641159
21,2047,Symmetric-energy ET-NMPC,116,11.5,35.5850462004643,33.1675051846321,10.0269704709744
21,2047,Symmetric-energy ET-NMPC,117,11.6,35.8392973859902,33.5280680745292,10.2622378445894
21,2047,Symmetric-energy ET-NMPC,118,11.7,36.102108355965,33.8924423061397,10.4816958437582
21,2047,Symmetric-energy ET-NMPC,119,11.8,36.3730250523305,34.2604459487856,10.6846181506388
21,2047,Symmetric-energy ET-NMPC,120,11.9,36.6514918280107,34.6317227498039,10.8706552218584
21,2047,Symmetric-energy ET-NMPC,121,12,36.9360979290582,35.0065433805167,11.0395008970726
21,2047,Symmetric-energy ET-NMPC,122,12.1,37.2216977816782,35.3882395182881,11.1903013698632
21,2047,Symmetric-energy ET-NMPC,123,12.2,37.5029231255049,35.7796744171763,11.323308985893
21,2047,Symmetric-energy ET-NMPC,124,12.3,37.7766996752349,36.1817853279369,11.4388651032783
21,2047,Symmetric-energy ET-NMPC,125,12.4,38.0454145196478,36.5907959127806,11.5413476572958
21,2047,Symmetric-energy ET-NMPC,126,12.5,38.3056027546419,36.9965130519937,11.6320207050421
21,2047,Symmetric-energy ET-NMPC,127,12.6,38.5522096176278,37.3884950701637,11.7112026311993
21,2047,Symmetric-energy ET-NMPC,128,12.7,38.781631580594,37.7597272419707,11.7794408887647
21,2047,Symmetric-energy ET-NMPC,129,12.8,38.9936402408842,38.1082927064798,11.8385688625705
21,2047,Symmetric-energy ET-NMPC,130,12.9,39.1887228940728,38.4333021474954,11.890040202601
21,2047,Symmetric-energy ET-NMPC,131,13,39.3659496808251,38.73531090043,11.9342909899094
21,2047,Symmetric-energy ET-NMPC,132,13.1,39.5247836712309,39.0146156493311,11.9717422740448
21,2047,Symmetric-energy ET-NMPC,133,13.2,39.6649961513424,39.271281991311,12.0028106210482
21,2047,Symmetric-energy ET-NMPC,134,13.3,39.7866418938258,39.5051498813032,12.0279202063668
21,2047,Symmetric-energy ET-NMPC,135,13.4,39.8942167996938,39.7127658105215,12.0494456443018
22,2048,Asymmetric ET-NMPC,1,0,0,0,3
22,2048,Asymmetric ET-NMPC,2,0.1,0,0,3
22,2048,Asymmetric ET-NMPC,3,0.2,0.0209497155622598,0.0209497155622598,3.00471368600151
22,2048,Asymmetric ET-NMPC,4,0.3,0.0628491466867795,0.0628491466867795,3.01414105800453
22,2048,Asymmetric ET-NMPC,5,0.4,0.125698293373559,0.125698293373559,3.02828211600905
22,2048,Asymmetric ET-NMPC,6,0.5,0.209497155622598,0.209497155622598,3.04713686001508
22,2048,Asymmetric ET-NMPC,7,0.6,0.314245733433897,0.314245733433897,3.07070529002263
22,2048,Asymmetric ET-NMPC,8,0.7,0.439944026807456,0.439944026807456,3.09898740603168
22,2048,Asymmetric ET-NMPC,9,0.8,0.586592035743275,0.586592035743275,3.13198320804224
22,2048,Asymmetric ET-NMPC,10,0.9,0.754189760241354,0.754189760241354,3.16969269605431
22,2048,Asymmetric ET-NMPC,11,1,0.942737200301692,0.942737200301692,3.21211587006788
22,2048,Asymmetric ET-NMPC,12,1.1,1.15223435592429,1.15223435592429,3.25925273008297
22,2048,Asymmetric ET-NMPC,13,1.2,1.38268122710915,1.38268122710915,3.31110327609956
22,2048,Asymmetric ET-NMPC,14,1.3,1.63407781385627,1.63407781385627,3.36766750811766
22,2048,Asymmetric ET-NMPC,15,1.4,1.90642411616564,1.90642411616564,3.42894542613727
22,2048,Asymmetric ET-NMPC,16,1.5,2.19972013403728,2.19972013403728,3.49493703015839
22,2048,Asymmetric ET-NMPC,17,1.6,2.5104742482108,2.5104742482108,3.56485670584743
22,2048,Asymmetric ET-NMPC,18,1.7,2.83432193461074,2.83432193461074,3.63772243528742
22,2048,Asymmetric ET-NMPC,19,1.8,3.16798980018048,3.16798980018048,3.71279770504061
22,2048,Asymmetric ET-NMPC,20,1.9,3.50902280012758,3.50902280012758,3.78953013002871
22,2048,Asymmetric ET-NMPC,21,2,3.85557965085769,3.85557965085769,3.86750542144298
22,2048,Asymmetric ET-NMPC,22,2.1,4.20474157689536,4.20474157689536,3.94606685480146
22,2048,Asymmetric ET-NMPC,23,2.2,4.55390350293302,4.55390350293302,4.02462828815993
22,2048,Asymmetric ET-NMPC,24,2.3,4.90306542897069,4.90306542897069,4.1031897215184
22,2048,Asymmetric ET-NMPC,25,2.4,5.25222735500835,5.25222735500835,4.18175115487688
22,2048,Asymmetric ET-NMPC,26,2.5,5.60138928104601,5.60138928104601,4.26031258823535
22,2048,Asymmetric ET-NMPC,27,2.6,5.95055120708368,5.95055120708368,4.33887402159383
22,2048,Asymmetric ET-NMPC,28,2.7,6.29971313312134,6.29971313312134,4.4174354549523
22,2048,Asymmetric ET-NMPC,29,2.8,6.64887505915901,6.64887505915901,4.49599688831078
22,2048,Asymmetric ET-NMPC,30,2.9,6.99803698519667,6.99803698519667,4.57455832166925
22,2048,Asymmetric ET-NMPC,31,3,7.34719891123433,7.34719891123433,4.65311975502772
22,2048,Asymmetric ET-NMPC,32,3.1,7.71329070972299,7.67533821531467,4.74423173117253
22,2048,Asymmetric ET-NMPC,33,3.2,8.09641335463412,7.98079530295665,4.843795813881
22,2048,Asymmetric ET-NMPC,34,3.3,8.49553636091601,8.26261342669686,4.95000019697352
22,2048,Asymmetric ET-NMPC,35,3.4,8.90990668792392,8.52000431179767,5.05975977223861
22,2048,Asymmetric ET-NMPC,36,3.5,9.33988194533346,8.75392096475474,5.16176113244993
22,2048,Asymmetric ET-NMPC,37,3.6,9.76811370322835,8.99580898757381,5.25180415520538
22,2048,Asymmetric ET-NMPC,38,3.7,10.1937782836276,9.24493716408533,5.33393098798003
22,2048,Asymmetric ET-NMPC,39,3.8,10.617157355689,9.50090899714732,5.40623992255457
22,2048,Asymmetric ET-NMPC,40,3.9,11.0375458327467,9.76300168048341,5.47392266554533
22,2048,Asymmetric ET-NMPC,41,4,11.461603570349,10.0209862008056,5.53408097713889
22,2048,Asymmetric ET-NMPC,42,4.1,11.8872382189336,10.2725526487939,5.60857572977798
22,2048,Asymmetric ET-NMPC,43,4.2,12.3179891238406,10.5207493372774,5.66198042758295
22,2048,Asymmetric ET-NMPC,44,4.3,12.7497621955042,10.7642385294586,5.72744055191206
22,2048,Asymmetric ET-NMPC,45,4.4,13.1838117466819,11.0085262020963,5.77130990476451
22,2048,Asymmetric ET-NMPC,46,4.5,13.6141178040251,11.2594562293877,5.81456286324485
22,2048,Asymmetric ET-NMPC,47,4.6,14.0405966572209,11.5163824817815,5.86043974857487
22,2048,Asymmetric ET-NMPC,48,4.7,14.463335532192,11.7788732127743,5.90933207651137
22,2048,Asymmetric ET-NMPC,49,4.8,14.8825277077461,12.0466644210478,5.95998569164022
22,2048,Asymmetric ET-NMPC,50,4.9,15.297831945434,12.3185468616907,6.02000509374148
22,2048,Asymmetric ET-NMPC,51,5,15.7082911127288,12.5952206745196,6.09053787532851
22,2048,Asymmetric ET-NMPC,52,5.1,16.114363187319,12.8758656526771,6.17018626811151
22,2048,Asymmetric ET-NMPC,53,5.2,16.5161566115342,13.1604841331015,6.2571021174046
22,2048,Asymmetric ET-NMPC,54,5.3,16.9105636637439,13.4526195014249,6.35249605715898
22,2048,Asymmetric ET-NMPC,55,5.4,17.299287364534,13.7504119880575,6.45355801513123
22,2048,Asymmetric ET-NMPC,56,5.5,17.6819038563587,14.0544231094688,6.55930232108676
22,2048,Asymmetric ET-NMPC,57,5.6,18.0628247257806,14.3566084637548,6.67584974874542
22,2048,Asymmetric ET-NMPC,58,5.7,18.4458097470634,14.6501614561852,6.80680437488833
22,2048,Asymmetric ET-NMPC,59,5.8,18.8343705601743,14.9288232006918,6.95298278185436
22,2048,Asymmetric ET-NMPC,60,5.9,19.2270502360716,15.1935582585879,7.11335117418274
22,2048,Asymmetric ET-NMPC,61,6,19.6238976821163,15.4452487576258,7.28412587155268
22,2048,Asymmetric ET-NMPC,62,6.1,20.0290293500798,15.6814186074923,7.45759671529071
22,2048,Asymmetric ET-NMPC,63,6.2,20.4435321921958,15.9003220156569,7.63157571336708
22,2048,Asymmetric ET-NMPC,64,6.3,20.8697741986257,16.1040603108634,7.79530860261354
22,2048,Asymmetric ET-NMPC,65,6.4,21.2961729096488,16.2971082806061,7.95539504437162
22,2048,Asymmetric ET-NMPC,66,6.5,21.7040168852199,16.4753498235658,8.13382519126872
22,2048,Asymmetric ET-NMPC,67,6.6,22.0853153246682,16.6448466428569,8.30135284671159
22,2048,Asymmetric ET-NMPC,68,6.7,22.4384915772926,16.8159457472166,8.47920403308167
22,2048,Asymmetric ET-NMPC,69,6.8,22.7657308883236,16.9984096637489,8.64714986206004
22,2048,Asymmetric ET-NMPC,70,6.9,23.1122955915982,17.2001989664923,8.80272400310116
22,2048,Asymmetric ET-NMPC,71,7,23.4805737871732,17.4219027209151,8.95264669597059
22,2048,Asymmetric ET-NMPC,72,7.1,23.8625761454831,17.6574970933563,9.07979444453077
22,2048,Asymmetric ET-NMPC,73,7.2,24.2457575870978,17.8895759530469,9.19816600394308
22,2048,Asymmetric ET-NMPC,74,7.3,24.6159481910936,18.1068634012317,9.30678361487939
22,2048,Asymmetric ET-NMPC,75,7.4,24.9675669352075,18.3064839933652,9.39981378799576
22,2048,Asymmetric ET-NMPC,76,7.5,25.2988096432494,18.4857285585625,9.48449922143463
22,2048,Asymmetric ET-NMPC,77,7.6,25.6111042639696,18.6460250368918,9.55569614157909
22,2048,Asymmetric ET-NMPC,78,7.7,25.9275577383082,18.8273298943362,9.64790143966036
22,2048,Asymmetric ET-NMPC,79,7.8,26.25585119192,19.0281259669683,9.75959795169351
22,2048,Asymmetric ET-NMPC,80,7.9,26.5978089307037,19.2478070517335,9.89017947438262
22,2048,Asymmetric ET-NMPC,81,8,26.9569717312961,19.4848660809761,10.0381389398124
22,2048,Asymmetric ET-NMPC,82,8.1,27.333455039877,19.7392456186977,10.2034189130017
22,2048,Asymmetric ET-NMPC,83,8.2,27.7179547984057,20.0045264455261,10.3817052518184
22,2048,Asymmetric ET-NMPC,84,8.3,28.0979208941992,20.2717576802574,10.5666734470073
22,2048,Asymmetric ET-NMPC,85,8.4,28.4735045510785,20.540764949094,10.7579115342135
22,2048,Asymmetric ET-NMPC,86,8.5,28.8448609440578,20.8113898498656,10.9550322902888
22,2048,Asymmetric ET-NMPC,87,8.6,29.2121475176554,21.0834885609237,11.157672030457
22,2048,Asymmetric ET-NMPC,88,8.7,29.5785505664082,21.3599729051221,11.3559274547911
22,2048,Asymmetric ET-NMPC,89,8.8,29.9444488184085,21.6409014739074,11.5487942700377
22,2048,Asymmetric ET-NMPC,90,8.9,30.3146527870035,21.9293594099563,11.7212501796695
22,2048,Asymmetric ET-NMPC,91,9,30.681683130325,22.2268301705731,11.8849568492324
22,2048,Asymmetric ET-NMPC,92,9.1,31.0422876325651,22.5406975543641,12.0314206958171
22,2048,Asymmetric ET-NMPC,93,9.2,31.3880491147046,22.875193481322,12.1676611902275
22,2048,Asymmetric ET-NMPC,94,9.3,31.7119560941972,23.2265339632535,12.3147806464259
22,2048,Asymmetric ET-NMPC,95,9.4,32.0152594402205,23.5984780861971,12.4547600560622
22,2048,Asymmetric ET-NMPC,96,9.5,32.2960479804898,23.9894023011719,12.5901707417552
22,2048,Asymmetric ET-NMPC,97,9.6,32.5524357191865,24.395926450699,12.7280237188619
22,2048,Asymmetric ET-NMPC,98,9.7,32.7847522807419,24.8135975831301,12.8749245029335
22,2048,Asymmetric ET-NMPC,99,9.8,32.9923374457733,25.24515067409,13.0186962976008
22,2048,Asymmetric ET-NMPC,100,9.9,33.1755471110272,25.6896307765271,13.1560704476256
22,2048,Asymmetric ET-NMPC,101,10,33.3356062631218,26.1461784149213,13.2823452341327
22,2048,Asymmetric ET-NMPC,102,10.1,33.4738354151293,26.6135030979772,13.3941501631029
22,2048,Asymmetric ET-NMPC,103,10.2,33.5916736394821,27.0901202935667,13.4887556690196
22,2048,Asymmetric ET-NMPC,104,10.3,33.711932415438,27.5704618377475,13.5581085906563
22,2048,Asymmetric ET-NMPC,105,10.4,33.8474388897279,28.0492826038423,13.6067775682696
22,2048,Asymmetric ET-NMPC,106,10.5,33.9969183028842,28.5255500314723,13.6355046012029
22,2048,Asymmetric ET-NMPC,107,10.6,34.1587730113651,28.9985259518696,13.6453449297987
22,2048,Asymmetric ET-NMPC,108,10.7,34.3312286209677,29.4677800275719,13.63761996032
22,2048,Asymmetric ET-NMPC,109,10.8,34.5127027173792,29.9330687106152,13.613670142713
22,2048,Asymmetric ET-NMPC,110,10.9,34.7025450360136,30.3939446210524,13.574258352165
22,2048,Asymmetric ET-NMPC,111,11,34.9001364678856,30.8500472556094,13.520147236847
22,2048,Asymmetric ET-NMPC,112,11.1,35.1048910118506,31.3010949508531,13.452091720237
22,2048,Asymmetric ET-NMPC,113,11.2,35.3162568581994,31.746876826995,13.3708328874822
22,2048,Asymmetric ET-NMPC,114,11.3,35.5339192882097,32.1873063453623,13.2778549013097
22,2048,Asymmetric ET-NMPC,115,11.4,35.75810917185,32.6226388793636,13.1767387259795
22,2048,Asymmetric ET-NMPC,116,11.5,35.9890161864211,33.0533371352456,13.0709986531497
22,2048,Asymmetric ET-NMPC,117,11.6,36.2267377256142,33.4799579779525,12.9638393027798
22,2048,Asymmetric ET-NMPC,118,11.7,36.4712564224187,33.903048785906,12.8579866923335
22,2048,Asymmetric ET-NMPC,119,11.8,36.722444800899,34.3230796344312,12.755622221917
22,2048,Asymmetric ET-NMPC,120,11.9,36.9800854755055,34.740414959969,12.658398208183
22,2048,Asymmetric ET-NMPC,121,12,37.2410362163771,35.1571636200763,12.5677049607091
22,2048,Asymmetric ET-NMPC,122,12.1,37.5001358791316,35.5766579178608,12.4846874993728
22,2048,Asymmetric ET-NMPC,123,12.2,37.7559332330455,35.9996340820161,12.4094619831752
22,2048,Asymmetric ET-NMPC,124,12.3,38.0100167057952,36.4247092026651,12.3405219318215
22,2048,Asymmetric ET-NMPC,125,12.4,38.2603673376238,36.8460352714437,12.2775881142487
22,2048,Asymmetric ET-NMPC,126,12.5,38.500987240072,37.2526071490371,12.2214116579048
22,2048,Asymmetric ET-NMPC,127,12.6,38.727482343367,37.6375041405044,12.1722978787162
22,2048,Asymmetric ET-NMPC,128,12.7,38.938063279754,37.9978159566928,12.1296885939832
22,2048,Asymmetric ET-NMPC,129,12.8,39.1325907768644,38.3334212319415,12.0927250086926
22,2048,Asymmetric ET-NMPC,130,12.9,39.309970689379,38.6449996810348,12.0611160445304
22,2048,Asymmetric ET-NMPC,131,13,39.4695612662717,38.9329505565973,12.0345347346101
22,2048,Asymmetric ET-NMPC,132,13.1,39.6110538729851,39.1974338766375,12.0126157538501
22,2048,Asymmetric ET-NMPC,133,13.2,39.7344549571206,39.4383721788751,11.994978005096
22,2048,Asymmetric ET-NMPC,134,13.3,39.8440583604006,39.6527780358917,11.9797179345369
22,2048,Symmetric-energy ET-NMPC,1,0,0,0,3
22,2048,Symmetric-energy ET-NMPC,2,0.1,0,0,3
22,2048,Symmetric-energy ET-NMPC,3,0.2,0.0209497155622598,0.0209497155622598,3.00471368600151
22,2048,Symmetric-energy ET-NMPC,4,0.3,0.0628491466867795,0.0628491466867795,3.01414105800453
22,2048,Symmetric-energy ET-NMPC,5,0.4,0.125698293373559,0.125698293373559,3.02828211600905
22,2048,Symmetric-energy ET-NMPC,6,0.5,0.209497155622598,0.209497155622598,3.04713686001508
22,2048,Symmetric-energy ET-NMPC,7,0.6,0.314245733433897,0.314245733433897,3.07070529002263
22,2048,Symmetric-energy ET-NMPC,8,0.7,0.439944026807456,0.439944026807456,3.09898740603168
22,2048,Symmetric-energy ET-NMPC,9,0.8,0.586592035743275,0.586592035743275,3.13198320804224
22,2048,Symmetric-energy ET-NMPC,10,0.9,0.754189760241354,0.754189760241354,3.16969269605431
22,2048,Symmetric-energy ET-NMPC,11,1,0.942737200301692,0.942737200301692,3.21211587006788
22,2048,Symmetric-energy ET-NMPC,12,1.1,1.15223435592429,1.15223435592429,3.25925273008297
22,2048,Symmetric-energy ET-NMPC,13,1.2,1.38268122710915,1.38268122710915,3.31110327609956
22,2048,Symmetric-energy ET-NMPC,14,1.3,1.63407781385627,1.63407781385627,3.36766750811766
22,2048,Symmetric-energy ET-NMPC,15,1.4,1.90642411616564,1.90642411616564,3.42894542613727
22,2048,Symmetric-energy ET-NMPC,16,1.5,2.19972013403728,2.19972013403728,3.49493703015839
22,2048,Symmetric-energy ET-NMPC,17,1.6,2.5104742482108,2.5104742482108,3.56485670584743
22,2048,Symmetric-energy ET-NMPC,18,1.7,2.83432193461074,2.83432193461074,3.63772243528742
22,2048,Symmetric-energy ET-NMPC,19,1.8,3.16798980018048,3.16798980018048,3.71279770504061
22,2048,Symmetric-energy ET-NMPC,20,1.9,3.50902280012758,3.50902280012758,3.78953013002871
22,2048,Symmetric-energy ET-NMPC,21,2,3.85557965085769,3.85557965085769,3.86750542144298
22,2048,Symmetric-energy ET-NMPC,22,2.1,4.20474157689536,4.20474157689536,3.94606685480146
22,2048,Symmetric-energy ET-NMPC,23,2.2,4.55390350293302,4.55390350293302,4.02462828815993
22,2048,Symmetric-energy ET-NMPC,24,2.3,4.90306542897069,4.90306542897069,4.1031897215184
22,2048,Symmetric-energy ET-NMPC,25,2.4,5.25222735500835,5.25222735500835,4.18175115487688
22,2048,Symmetric-energy ET-NMPC,26,2.5,5.60138928104601,5.60138928104601,4.26031258823535
22,2048,Symmetric-energy ET-NMPC,27,2.6,5.95055120708368,5.95055120708368,4.33887402159383
22,2048,Symmetric-energy ET-NMPC,28,2.7,6.29971313312134,6.29971313312134,4.4174354549523
22,2048,Symmetric-energy ET-NMPC,29,2.8,6.64887505915901,6.64887505915901,4.49599688831078
22,2048,Symmetric-energy ET-NMPC,30,2.9,6.99803698519667,6.99803698519667,4.57455832166925
22,2048,Symmetric-energy ET-NMPC,31,3,7.34719891123433,7.34719891123433,4.65311975502772
22,2048,Symmetric-energy ET-NMPC,32,3.1,7.71326896988573,7.67534965976034,4.74427785066811
22,2048,Symmetric-energy ET-NMPC,33,3.2,8.09634015590447,7.98082952300065,4.8439699747145
22,2048,Symmetric-energy ET-NMPC,34,3.3,8.49539434363933,8.26267634427894,4.95035664956898
22,2048,Symmetric-energy ET-NMPC,35,3.4,8.90968939267611,8.52009759498062,5.06032897350004
22,2048,Symmetric-energy ET-NMPC,36,3.5,9.33959725656093,8.7540514869763,5.16252880221842
22,2048,Symmetric-energy ET-NMPC,37,3.6,9.76774845241142,8.9959738842663,5.25286211379976
22,2048,Symmetric-energy ET-NMPC,38,3.7,10.1933397647171,9.24513639688509,5.33526403850669
22,2048,Symmetric-energy ET-NMPC,39,3.8,10.6166536642889,9.50114315751082,5.40783042840747
22,2048,Symmetric-energy ET-NMPC,40,3.9,11.0369803951384,9.76326886707891,5.4757682802781
22,2048,Symmetric-energy ET-NMPC,41,4,11.4610164488841,10.0211806147763,5.53638969170564
22,2048,Symmetric-energy ET-NMPC,42,4.1,11.8866074155028,10.2726937477104,5.61131280625825
22,2048,Symmetric-energy ET-NMPC,43,4.2,12.3173656956505,10.5208071306365,5.66504411274865
22,2048,Symmetric-energy ET-NMPC,44,4.3,12.7491331047825,10.7642174897467,5.73083394090815
22,2048,Symmetric-energy ET-NMPC,45,4.4,13.1832173754874,11.0083895396287,5.77500243627521
22,2048,Symmetric-energy ET-NMPC,46,4.5,13.6135577297119,11.2592110537454,5.81854261980907
22,2048,Symmetric-energy ET-NMPC,47,4.6,14.0400691808934,11.5160349564697,5.86468874641296
22,2048,Symmetric-energy ET-NMPC,48,4.7,14.4628394197708,11.7784299506396,5.91382317582945
22,2048,Symmetric-energy ET-NMPC,49,4.8,14.8820642550833,12.0461342562814,5.96466550266506
22,2048,Symmetric-energy ET-NMPC,50,4.9,15.2973988039276,12.3179369461727,6.02483617911241
22,2048,Symmetric-energy ET-NMPC,51,5,15.7078876872273,12.5945407763133,6.09547043311853
22,2048,Symmetric-energy ET-NMPC,52,5.1,16.1139899441533,12.8751250637997,6.17517874219171
22,2048,Symmetric-energy ET-NMPC,53,5.2,16.5158136481789,13.1596932419872,6.26211931296382
22,2048,Symmetric-energy ET-NMPC,54,5.3,16.910252109781,13.4517935754049,6.35749066729138
22,2048,Symmetric-energy ET-NMPC,55,5.4,17.2990085140886,13.7495626244438,6.45849587282197
22,2048,Symmetric-energy ET-NMPC,56,5.5,17.6816584590131,14.0535607364799,6.56415649712333
22,2048,Symmetric-energy ET-NMPC,57,5.6,18.062621759743,14.3557270511494,6.68061456586923
22,2048,Symmetric-energy ET-NMPC,58,5.7,18.4456630236819,14.6492410387184,6.81149210107478
22,2048,Symmetric-energy ET-NMPC,59,5.8,18.834285919358,14.9278540483757,6.95759834942163
22,2048,Symmetric-energy ET-NMPC,60,5.9,19.2270226464944,15.1925468330017,7.11789679896223
22,2048,Symmetric-energy ET-NMPC,61,6,19.6238991551518,15.4442031997446,7.28865425840011
22,2048,Symmetric-energy ET-NMPC,62,6.1,20.0290069473658,15.6803317317325,7.46223707168743
22,2048,Symmetric-energy ET-NMPC,63,6.2,20.443432053925,15.8991831643447,7.63646646500843
22,2048,Symmetric-energy ET-NMPC,64,6.3,20.8695830869221,16.1028562921194,7.80051692705574
22,2048,Symmetric-energy ET-NMPC,65,6.4,21.2959552594825,16.2959141862999,7.96099070949053
22,2048,Symmetric-energy ET-NMPC,66,6.5,21.7036770760093,16.4742149518769,8.13975086322189
22,2048,Symmetric-energy ET-NMPC,67,6.6,22.0847804493502,16.6437920329006,8.30777063473576
22,2048,Symmetric-energy ET-NMPC,68,6.7,22.4377633493322,16.8149362784603,8.4861239909802
22,2048,Symmetric-energy ET-NMPC,69,6.8,22.7646939116044,16.9974403099845,8.65487365196184
22,2048,Symmetric-energy ET-NMPC,70,6.9,23.1110407487108,17.199360610334,8.81153957277479
22,2048,Symmetric-energy ET-NMPC,71,7,23.4791464384655,17.4212438901102,8.96291098852677
22,2048,Symmetric-energy ET-NMPC,72,7.1,23.8610928184896,17.6570736937457,9.09161238519829
22,2048,Symmetric-energy ET-NMPC,73,7.2,24.2442634460982,17.8893351060056,9.21169135014084
22,2048,Symmetric-energy ET-NMPC,74,7.3,24.6144630380626,18.1067356436597,9.3220507137622
22,2048,Symmetric-energy ET-NMPC,75,7.4,24.966150402704,18.3064779814132,9.4167421031746
22,2048,Symmetric-energy ET-NMPC,76,7.5,25.2974859435394,18.4858685016418,9.50297141298459
22,2048,Symmetric-energy ET-NMPC,77,7.6,25.6099184758992,18.6463560138362,9.57558629817087
22,2048,Symmetric-energy ET-NMPC,78,7.7,25.9267585653978,18.8278265369004,9.66918419302937
22,2048,Symmetric-energy ET-NMPC,79,7.8,26.2555351296643,19.0287588252873,9.78224385195593
22,2048,Symmetric-energy ET-NMPC,80,7.9,26.5977332832865,19.2486629480162,9.91427534371089
22,2048,Symmetric-energy ET-NMPC,81,8,26.9572518937756,19.4858876053109,10.06362736826
22,2048,Symmetric-energy ET-NMPC,82,8.1,27.3340910122635,19.7404327710806,10.2302999005624
22,2048,Symmetric-energy ET-NMPC,83,8.2,27.7182934354857,20.0054306139151,10.4096449347375
22,2048,Symmetric-energy ET-NMPC,84,8.3,28.0979671156756,20.2723863442493,10.5956087339371
22,2048,Symmetric-energy ET-NMPC,85,8.4,28.4732643925634,20.5411260422853,10.7877829482848
22,2048,Symmetric-energy ET-NMPC,86,8.5,28.844341334198,20.811491651498,10.9857838087428
22,2048,Symmetric-energy ET-NMPC,87,8.6,29.2113560857033,21.0833396006555,11.1892509184102
22,2048,Symmetric-energy ET-NMPC,88,8.7,29.5777383349369,21.3597961102356,11.3875835827833
22,2048,Symmetric-energy ET-NMPC,89,8.8,29.9438223219354,21.6408776424067,11.5798742136928
22,2048,Symmetric-energy ET-NMPC,90,8.9,30.3142966883808,21.9295174251744,11.7514429159982
22,2048,Symmetric-energy ET-NMPC,91,9,30.6817127020845,22.2272859698125,11.9137369907459
22,2048,Symmetric-energy ET-NMPC,92,9.1,31.0427716989135,22.5414280735774,12.0584820751217
22,2048,Symmetric-energy ET-NMPC,93,9.2,31.3890059199552,22.8761928804327,12.1928486940076
22,2048,Symmetric-energy ET-NMPC,94,9.3,31.7134133512527,23.2278467010037,12.3381050501395
22,2048,Symmetric-energy ET-NMPC,95,9.4,32.017198413399,23.6001228981025,12.4763303695818
22,2048,Symmetric-energy ET-NMPC,96,9.5,32.2984006867506,23.9913143990949,12.61010066155
22,2048,Symmetric-energy ET-NMPC,97,9.6,32.5552037615706,24.398073401599,12.746479892538
22,2048,Symmetric-energy ET-NMPC,98,9.7,32.7879668454102,24.8159678321927,12.8920326035406
22,2048,Symmetric-energy ET-NMPC,99,9.8,32.9959725545265,25.2477090570124,13.0346269223834
22,2048,Symmetric-energy ET-NMPC,100,9.9,33.1795702514514,25.6923510588884,13.1709551140811
22,2048,Symmetric-energy ET-NMPC,101,10,33.3399828938533,26.1490400502424,13.2962665235126
22,2048,Symmetric-energy ET-NMPC,102,10.1,33.4785335814409,26.6164852846921,13.40716584614
22,2048,Symmetric-energy ET-NMPC,103,10.2,33.5966529889785,27.093199378025,13.5009287320851
22,2048,Symmetric-energy ET-NMPC,104,10.3,33.716621428678,27.5737469375141,13.5693510716033
22,2048,Symmetric-energy ET-NMPC,105,10.4,33.8518986521991,28.0527263267071,13.6170880334328
22,2048,Symmetric-energy ET-NMPC,106,10.5,34.0011951716791,28.5291061234281,13.6448880073049
22,2048,Symmetric-energy ET-NMPC,107,10.6,34.1628981335831,29.0021520577608,13.653815275798
22,2048,Symmetric-energy ET-NMPC,108,10.7,34.3352192594575,29.4714400643447,13.6452015394455
22,2048,Symmetric-energy ET-NMPC,109,10.8,34.516555700417,29.9367379595427,13.6204030736789
22,2048,Symmetric-energy ET-NMPC,110,10.9,34.70625793054,30.3976016964487,13.5801826821913
22,2048,Symmetric-energy ET-NMPC,111,11,34.9037075782078,30.8536738536824,13.5253025944356
22,2048,Symmetric-energy ET-NMPC,112,11.1,35.1083193610528,31.3046755881886,13.4565170305913
22,2048,Symmetric-energy ET-NMPC,113,11.2,35.3195421549537,31.7503985772946,13.3745661409124
22,2048,Symmetric-energy ET-NMPC,114,11.3,35.5370676262141,32.1907612287856,13.2809530834647
22,2048,Symmetric-energy ET-NMPC,115,11.4,35.7611292446444,32.6260255995734,13.1792608090821
22,2048,Symmetric-energy ET-NMPC,116,11.5,35.9919180437561,33.0566595196368,13.0730018937128
22,2048,Symmetric-energy ET-NMPC,117,11.6,36.2295316397302,33.4832229615471,12.9653756467567
22,2048,Symmetric-energy ET-NMPC,118,11.7,36.4739520732693,33.9062644616446,12.8590998693481
22,2048,Symmetric-energy ET-NMPC,119,11.8,36.725050873111,34.3262538060251,12.7563460697837
22,2048,Symmetric-energy ET-NMPC,120,11.9,36.9826095502506,34.7435542787073,12.6587558892875
22,2048,Symmetric-energy ET-NMPC,121,12,37.2434551564718,35.1602919021702,12.5677101705218
22,2048,Symmetric-energy ET-NMPC,122,12.1,37.5024312629567,35.5797921229913,12.4843378669614
22,2048,Symmetric-energy ET-NMPC,123,12.2,37.7581272564948,36.0027596112717,12.4087199937674
22,2048,Symmetric-energy ET-NMPC,124,12.3,38.0121222255278,36.4278148390922,12.339332610128
22,2048,Symmetric-energy ET-NMPC,125,12.4,38.2623492516093,36.8490375407379,12.2758872969172
22,2048,Symmetric-energy ET-NMPC,126,12.5,38.5028206577185,37.2554567548769,12.2191155633961
22,2048,Symmetric-energy ET-NMPC,127,12.6,38.7291509052245,37.6401668249265,12.1693112609786
22,2048,Symmetric-energy ET-NMPC,128,12.7,38.9395595061176,38.0002734458203,12.125923457511
22,2048,Symmetric-energy ET-NMPC,129,12.8,39.1339063653427,38.3356632515745,12.088112346965
22,2048,Symmetric-energy ET-NMPC,130,12.9,39.3111021993481,38.6470163672746,12.0556002802159
22,2048,Symmetric-energy ET-NMPC,131,13,39.4705110979773,38.9347341156286,12.0280876474677
22,2048,Symmetric-energy ET-NMPC,132,13.1,39.6118308124825,39.1989799071404,12.0052492697118
22,2048,Symmetric-energy ET-NMPC,133,13.2,39.7350736653979,39.4396807005555,11.9867537181888
22,2048,Symmetric-energy ET-NMPC,134,13.3,39.8445302228031,39.6538609980585,11.9708274764325
23,2049,Asymmetric ET-NMPC,1,0,0,0,3
23,2049,Asymmetric ET-NMPC,2,0.1,0,0,3
23,2049,Asymmetric ET-NMPC,3,0.2,0.0209497155622598,0.0209497155622598,3.00471368600151
23,2049,Asymmetric ET-NMPC,4,0.3,0.0628491466867795,0.0628491466867795,3.01414105800453
23,2049,Asymmetric ET-NMPC,5,0.4,0.125698293373559,0.125698293373559,3.02828211600905
23,2049,Asymmetric ET-NMPC,6,0.5,0.209497155622598,0.209497155622598,3.04713686001508
23,2049,Asymmetric ET-NMPC,7,0.6,0.314245733433897,0.314245733433897,3.07070529002263
23,2049,Asymmetric ET-NMPC,8,0.7,0.439944026807456,0.439944026807456,3.09898740603168
23,2049,Asymmetric ET-NMPC,9,0.8,0.586592035743275,0.586592035743275,3.13198320804224
23,2049,Asymmetric ET-NMPC,10,0.9,0.754189760241354,0.754189760241354,3.16969269605431
23,2049,Asymmetric ET-NMPC,11,1,0.942737200301692,0.942737200301692,3.21211587006788
23,2049,Asymmetric ET-NMPC,12,1.1,1.15223435592429,1.15223435592429,3.25925273008297
23,2049,Asymmetric ET-NMPC,13,1.2,1.38268122710915,1.38268122710915,3.31110327609956
23,2049,Asymmetric ET-NMPC,14,1.3,1.63407781385627,1.63407781385627,3.36766750811766
23,2049,Asymmetric ET-NMPC,15,1.4,1.90642411616564,1.90642411616564,3.42894542613727
23,2049,Asymmetric ET-NMPC,16,1.5,2.19972013403728,2.19972013403728,3.49493703015839
23,2049,Asymmetric ET-NMPC,17,1.6,2.5104742482108,2.5104742482108,3.56485670584743
23,2049,Asymmetric ET-NMPC,18,1.7,2.83432193461074,2.83432193461074,3.63772243528742
23,2049,Asymmetric ET-NMPC,19,1.8,3.16798980018048,3.16798980018048,3.71279770504061
23,2049,Asymmetric ET-NMPC,20,1.9,3.50902280012758,3.50902280012758,3.78953013002871
23,2049,Asymmetric ET-NMPC,21,2,3.85557965085769,3.85557965085769,3.86750542144298
23,2049,Asymmetric ET-NMPC,22,2.1,4.20474157689536,4.20474157689536,3.94606685480146
23,2049,Asymmetric ET-NMPC,23,2.2,4.55390350293302,4.55390350293302,4.02462828815993
23,2049,Asymmetric ET-NMPC,24,2.3,4.90306542897069,4.90306542897069,4.1031897215184
23,2049,Asymmetric ET-NMPC,25,2.4,5.25222735500835,5.25222735500835,4.18175115487688
23,2049,Asymmetric ET-NMPC,26,2.5,5.60138928104601,5.60138928104601,4.26031258823535
23,2049,Asymmetric ET-NMPC,27,2.6,5.95055120708368,5.95055120708368,4.33887402159383
23,2049,Asymmetric ET-NMPC,28,2.7,6.29971313312134,6.29971313312134,4.4174354549523
23,2049,Asymmetric ET-NMPC,29,2.8,6.64887505915901,6.64887505915901,4.49599688831078
23,2049,Asymmetric ET-NMPC,30,2.9,6.99803698519667,6.99803698519667,4.57455832166925
23,2049,Asymmetric ET-NMPC,31,3,7.34719891123433,7.34719891123433,4.65311975502772
23,2049,Asymmetric ET-NMPC,32,3.1,7.696360837272,7.696360837272,4.7316811883862
23,2049,Asymmetric ET-NMPC,33,3.2,8.06049227741591,8.0256481615981,4.82643430093076
23,2049,Asymmetric ET-NMPC,34,3.3,8.43789893689511,8.33430512188404,4.93731754695011
23,2049,Asymmetric ET-NMPC,35,3.4,8.83028139264061,8.61980661831771,5.057836856429
23,2049,Asymmetric ET-NMPC,36,3.5,9.23914107811878,8.88111201252917,5.17847370215486
23,2049,Asymmetric ET-NMPC,37,3.6,9.66258080626153,9.12025187252497,5.29471020241008
23,2049,Asymmetric ET-NMPC,38,3.7,10.0858332553584,9.36730149303915,5.39382553592248
23,2049,Asymmetric ET-NMPC,39,3.8,10.5060404817357,9.62090801375132,5.48926986290227
23,2049,Asymmetric ET-NMPC,40,3.9,10.9227785561464,9.88023735719092,5.58454666473554
23,2049,Asymmetric ET-NMPC,41,4,11.3430177907049,10.1384982721996,5.66640193650579
23,2049,Asymmetric ET-NMPC,42,4.1,11.7638170778847,10.3962723749095,5.74690331463763
23,2049,Asymmetric ET-NMPC,43,4.2,12.1835821369274,10.6551031520899,5.82938921640914
23,2049,Asymmetric ET-NMPC,44,4.3,12.6124055072002,10.9010959839217,5.9042092925601
23,2049,Asymmetric ET-NMPC,45,4.4,13.0434003390053,11.1434549419436,5.97840895848833
23,2049,Asymmetric ET-NMPC,46,4.5,13.4728816409529,11.3874958668361,6.05580300383373
23,2049,Asymmetric ET-NMPC,47,4.6,13.8991693023984,11.6366470469021,6.1345590777017
23,2049,Asymmetric ET-NMPC,48,4.7,14.3217379385614,11.891819265326,6.21407565884053
23,2049,Asymmetric ET-NMPC,49,4.8,14.7409304658695,12.1528405003284,6.29246915300199
23,2049,Asymmetric ET-NMPC,50,4.9,15.1557212139417,12.4200729457994,6.37331131651364
23,2049,Asymmetric ET-NMPC,51,5,15.5662680356712,12.6936760034629,6.45450659965883
23,2049,Asymmetric ET-NMPC,52,5.1,15.9729302515315,12.9730856261167,6.53547637772461
23,2049,Asymmetric ET-NMPC,53,5.2,16.3752602215127,13.2583181648839,6.61777457991257
23,2049,Asymmetric ET-NMPC,54,5.3,16.7718148079977,13.5510805029076,6.70164753963514
23,2049,Asymmetric ET-NMPC,55,5.4,17.162958010427,13.8507612818315,6.78649107761497
23,2049,Asymmetric ET-NMPC,56,5.5,17.5497670595969,14.1561667140235,6.87078984076052
23,2049,Asymmetric ET-NMPC,57,5.6,17.9331599085703,14.4656419316565,6.95584872052657
23,2049,Asymmetric ET-NMPC,58,5.7,18.3242213152995,14.759943047008,7.058112251024
23,2049,Asymmetric ET-NMPC,59,5.8,18.7247652985768,15.0347305678204,7.1766716701613
23,2049,Asymmetric ET-NMPC,60,5.9,19.1334205096474,15.2897238991181,7.31075865483373
23,2049,Asymmetric ET-NMPC,61,6,19.5501631985466,15.5256717417323,7.45447416135521
23,2049,Asymmetric ET-NMPC,62,6.1,19.9759852087264,15.7422554016339,7.60201105135252
23,2049,Asymmetric ET-NMPC,63,6.2,20.4119629507994,15.9422925132566,7.74310875647428
23,2049,Asymmetric ET-NMPC,64,6.3,20.8542051327046,16.1316422563899,7.87937514014635
23,2049,Asymmetric ET-NMPC,65,6.4,21.2885679203366,16.3097760869524,8.00521253909029
23,2049,Asymmetric ET-NMPC,66,6.5,21.6967677756039,16.4790031625941,8.11938071840063
23,2049,Asymmetric ET-NMPC,67,6.6,22.120029301319,16.6685875497558,8.21746393731337
23,2049,Asymmetric ET-NMPC,68,6.7,22.5184433617706,16.8732692138111,8.30815285433983
23,2049,Asymmetric ET-NMPC,69,6.8,22.9374838097139,17.0985772790939,8.39183436732159
23,2049,Asymmetric ET-NMPC,70,6.9,23.3643960882114,17.3466580735876,8.47058603950347
23,2049,Asymmetric ET-NMPC,71,7,23.7885689525732,17.5969763862143,8.55671456847528
23,2049,Asymmetric ET-NMPC,72,7.1,24.1950170072053,17.8410496967378,8.63530814070579
23,2049,Asymmetric ET-NMPC,73,7.2,24.6187855701344,18.0678024990611,8.73122222066609
23,2049,Asymmetric ET-NMPC,74,7.3,25.0229414444362,18.2799904280922,8.84454913815472
23,2049,Asymmetric ET-NMPC,75,7.4,25.4444178267623,18.5094988657338,8.97519656323562
23,2049,Asymmetric ET-NMPC,76,7.5,25.8625193395014,18.7446863952803,9.11618575073275
23,2049,Asymmetric ET-NMPC,77,7.6,26.2718225731683,18.987623806409,9.26932711413236
23,2049,Asymmetric ET-NMPC,78,7.7,26.6640288481415,19.2467322078952,9.43972979647878
23,2049,Asymmetric ET-NMPC,79,7.8,27.0473228431409,19.5119930991829,9.62062306045139
23,2049,Asymmetric ET-NMPC,80,7.9,27.4261163402218,19.7791826230206,9.80804036200231
23,2049,Asymmetric ET-NMPC,81,8,27.8005628265217,20.0481298969258,10.001578969925
23,2049,Asymmetric ET-NMPC,82,8.1,28.1708191300646,20.318679617502,10.2008604752958
23,2049,Asymmetric ET-NMPC,83,8.2,28.5370438223553,20.5906906946823,10.4055295952134
23,2049,Asymmetric ET-NMPC,84,8.3,28.8993958663198,20.8640349873358,10.6152529699442
23,2049,Asymmetric ET-NMPC,85,8.4,29.2580334863562,21.13859613911,10.8297179587676
23,2049,Asymmetric ET-NMPC,86,8.5,29.6131132129778,21.4142684879594,11.0486315120762
23,2049,Asymmetric ET-NMPC,87,8.6,29.9686841529051,21.6947419983127,11.2605369548314
23,2049,Asymmetric ET-NMPC,88,8.7,30.3256793112194,21.9805795552864,11.4626541187821
23,2049,Asymmetric ET-NMPC,89,8.8,30.6819440391252,22.2725183280278,11.6571976784815
23,2049,Asymmetric ET-NMPC,90,8.9,31.0336268182492,22.5802219236948,11.8350676312031
23,2049,Asymmetric ET-NMPC,91,9,31.3670481051453,22.901952525467,12.0230029001864
23,2049,Asymmetric ET-NMPC,92,9.1,31.6783681406493,23.2385646151465,12.2224324280288
23,2049,Asymmetric ET-NMPC,93,9.2,31.9665236259584,23.5933756739868,12.4251034146323
23,2049,Asymmetric ET-NMPC,94,9.3,32.230760376814,23.964885533113,12.6304308703447
23,2049,Asymmetric ET-NMPC,95,9.4,32.4732166536203,24.355129719182,12.8277236200254
23,2049,Asymmetric ET-NMPC,96,9.5,32.6940588077869,24.7629335392532,13.0146053668024
23,2049,Asymmetric ET-NMPC,97,9.6,32.8913835569754,25.1859630270774,13.1937951985143
23,2049,Asymmetric ET-NMPC,98,9.7,33.0704904467841,25.6241178248767,13.3548575938412
23,2049,Asymmetric ET-NMPC,99,9.8,33.2309049304683,26.0757309048495,13.4973806425801
23,2049,Asymmetric ET-NMPC,100,9.9,33.3722981241673,26.5390910979815,13.6210952181009
23,2049,Asymmetric ET-NMPC,101,10,33.4987548912046,27.0119110965628,13.723320141735
23,2049,Asymmetric ET-NMPC,102,10.1,33.6355135162335,27.4861063468698,13.8035444713771
23,2049,Asymmetric ET-NMPC,103,10.2,33.7851787598206,27.959392009374,13.8635527752191
23,2049,Asymmetric ET-NMPC,104,10.3,33.9466921390749,28.4308483431749,13.9040787377717
23,2049,Asymmetric ET-NMPC,105,10.4,34.1187425455345,28.8997979377499,13.9260999862615
23,2049,Asymmetric ET-NMPC,106,10.5,34.3001795788041,29.3656952641397,13.9306037870103
23,2049,Asymmetric ET-NMPC,107,10.6,34.4903217612217,29.8279674941805,13.9183426370408
23,2049,Asymmetric ET-NMPC,108,10.7,34.6885174271364,30.2861375872305,13.8900823495837
23,2049,Asymmetric ET-NMPC,109,10.8,34.8941476046621,30.7398168300206,13.8465924110667
23,2049,Asymmetric ET-NMPC,110,10.9,35.1066278537449,31.1886970023054,13.788637819538
23,2049,Asymmetric ET-NMPC,111,11,35.3254092161929,31.6325424400495,13.7169723268713
23,2049,Asymmetric ET-NMPC,112,11.1,35.5499784281897,32.0711822113352,13.632332973911
23,2049,Asymmetric ET-NMPC,113,11.2,35.7798575423285,32.5045025696948,13.5354358123744
23,2049,Asymmetric ET-NMPC,114,11.3,36.0147675750817,32.9325087064875,13.4276024994342
23,2049,Asymmetric ET-NMPC,115,11.4,36.2550435430085,33.3556139335064,13.3124963479645
23,2049,Asymmetric ET-NMPC,116,11.5,36.5009896944674,33.774417576604,13.1936939948283
23,2049,Asymmetric ET-NMPC,117,11.6,36.7528154258193,34.1895813037791,13.0744342754459
23,2049,Asymmetric ET-NMPC,118,11.7,37.0106030147738,34.6017214770616,12.9574469404575
23,2049,Asymmetric ET-NMPC,119,11.8,37.2707824262828,35.0135553077053,12.8447545726403
23,2049,Asymmetric ET-NMPC,120,11.9,37.528474091114,35.4285688200439,12.7381769462226
23,2049,Asymmetric ET-NMPC,121,12,37.7800644341964,35.8491699006358,12.6391969973816
23,2049,Asymmetric ET-NMPC,122,12.1,38.0279509611138,36.2733529173034,12.5463474516439
23,2049,Asymmetric ET-NMPC,123,12.2,38.2729532729278,36.6986297646095,12.4588595643459
23,2049,Asymmetric ET-NMPC,124,12.3,38.5090445976132,37.1121185894898,12.3784133628323
23,2049,Asymmetric ET-NMPC,125,12.4,38.731798284578,37.5058094929533,12.3060141963707
23,2049,Asymmetric ET-NMPC,126,12.5,38.9388189522003,37.8752914172186,12.241763491638
23,2049,Asymmetric ET-NMPC,127,12.6,39.1302745546761,38.2201578483602,12.1847104424444
23,2049,Asymmetric ET-NMPC,128,12.7,39.3052209775721,38.5409795306457,12.1346785784822
23,2049,Asymmetric ET-NMPC,129,12.8,39.4629720710986,38.8381858808274,12.0914758240885
23,2049,Asymmetric ET-NMPC,130,12.9,39.6031683113638,39.1119617555377,12.0548182928508
23,2049,Asymmetric ET-NMPC,131,13,39.7257633699735,39.3622479515622,12.0243602292971
23,2049,Asymmetric ET-NMPC,132,13.1,39.8349796150811,39.5859428976682,11.9976321492616
23,2049,Symmetric-energy ET-NMPC,1,0,0,0,3
23,2049,Symmetric-energy ET-NMPC,2,0.1,0,0,3
23,2049,Symmetric-energy ET-NMPC,3,0.2,0.0209497155622598,0.0209497155622598,3.00471368600151
23,2049,Symmetric-energy ET-NMPC,4,0.3,0.0628491466867795,0.0628491466867795,3.01414105800453
23,2049,Symmetric-energy ET-NMPC,5,0.4,0.125698293373559,0.125698293373559,3.02828211600905
23,2049,Symmetric-energy ET-NMPC,6,0.5,0.209497155622598,0.209497155622598,3.04713686001508
23,2049,Symmetric-energy ET-NMPC,7,0.6,0.314245733433897,0.314245733433897,3.07070529002263
23,2049,Symmetric-energy ET-NMPC,8,0.7,0.439944026807456,0.439944026807456,3.09898740603168
23,2049,Symmetric-energy ET-NMPC,9,0.8,0.586592035743275,0.586592035743275,3.13198320804224
23,2049,Symmetric-energy ET-NMPC,10,0.9,0.754189760241354,0.754189760241354,3.16969269605431
23,2049,Symmetric-energy ET-NMPC,11,1,0.942737200301692,0.942737200301692,3.21211587006788
23,2049,Symmetric-energy ET-NMPC,12,1.1,1.15223435592429,1.15223435592429,3.25925273008297
23,2049,Symmetric-energy ET-NMPC,13,1.2,1.38268122710915,1.38268122710915,3.31110327609956
23,2049,Symmetric-energy ET-NMPC,14,1.3,1.63407781385627,1.63407781385627,3.36766750811766
23,2049,Symmetric-energy ET-NMPC,15,1.4,1.90642411616564,1.90642411616564,3.42894542613727
23,2049,Symmetric-energy ET-NMPC,16,1.5,2.19972013403728,2.19972013403728,3.49493703015839
23,2049,Symmetric-energy ET-NMPC,17,1.6,2.5104742482108,2.5104742482108,3.56485670584743
23,2049,Symmetric-energy ET-NMPC,18,1.7,2.83432193461074,2.83432193461074,3.63772243528742
23,2049,Symmetric-energy ET-NMPC,19,1.8,3.16798980018048,3.16798980018048,3.71279770504061
23,2049,Symmetric-energy ET-NMPC,20,1.9,3.50902280012758,3.50902280012758,3.78953013002871
23,2049,Symmetric-energy ET-NMPC,21,2,3.85557965085769,3.85557965085769,3.86750542144298
23,2049,Symmetric-energy ET-NMPC,22,2.1,4.20474157689536,4.20474157689536,3.94606685480146
23,2049,Symmetric-energy ET-NMPC,23,2.2,4.55390350293302,4.55390350293302,4.02462828815993
23,2049,Symmetric-energy ET-NMPC,24,2.3,4.90306542897069,4.90306542897069,4.1031897215184
23,2049,Symmetric-energy ET-NMPC,25,2.4,5.25222735500835,5.25222735500835,4.18175115487688
23,2049,Symmetric-energy ET-NMPC,26,2.5,5.60138928104601,5.60138928104601,4.26031258823535
23,2049,Symmetric-energy ET-NMPC,27,2.6,5.95055120708368,5.95055120708368,4.33887402159383
23,2049,Symmetric-energy ET-NMPC,28,2.7,6.29971313312134,6.29971313312134,4.4174354549523
23,2049,Symmetric-energy ET-NMPC,29,2.8,6.64887505915901,6.64887505915901,4.49599688831078
23,2049,Symmetric-energy ET-NMPC,30,2.9,6.99803698519667,6.99803698519667,4.57455832166925
23,2049,Symmetric-energy ET-NMPC,31,3,7.34719891123433,7.34719891123433,4.65311975502772
23,2049,Symmetric-energy ET-NMPC,32,3.1,7.696360837272,7.696360837272,4.7316811883862
23,2049,Symmetric-energy ET-NMPC,33,3.2,8.06045993156377,8.02566875061624,4.82648703074191
23,2049,Symmetric-energy ET-NMPC,34,3.3,8.43783435458035,8.33434624346567,4.93742282415903
23,2049,Symmetric-energy ET-NMPC,35,3.4,8.83016165393359,8.61987866054116,5.05804839765499
23,2049,Symmetric-energy ET-NMPC,36,3.5,9.23895575568394,8.88121118186877,5.17884862807975
23,2049,Symmetric-energy ET-NMPC,37,3.6,9.6623432724319,9.12033470243538,5.29530871812706
23,2049,Symmetric-energy ET-NMPC,38,3.7,10.0855457998333,9.36737278844778,5.39466567490613
23,2049,Symmetric-energy ET-NMPC,39,3.8,10.5057018675053,9.6209654289778,5.49037174298658
23,2049,Symmetric-energy ET-NMPC,40,3.9,10.9223876926687,9.88027790918785,5.5859225709015
23,2049,Symmetric-energy ET-NMPC,41,4,11.3425884148189,10.1385107310467,5.66806368618
23,2049,Symmetric-energy ET-NMPC,42,4.1,11.7633538748335,10.3962535165367,5.7488416793874
23,2049,Symmetric-energy ET-NMPC,43,4.2,12.1830879129123,10.655057171533,5.83157018377749
23,2049,Symmetric-energy ET-NMPC,44,4.3,12.611887349916,10.9010115042056,5.90665353123127
23,2049,Symmetric-energy ET-NMPC,45,4.4,13.042865184043,11.1433302913758,5.98108277196112
23,2049,Symmetric-energy ET-NMPC,46,4.5,13.4723298551222,11.3873337149112,6.05868706048842
23,2049,Symmetric-energy ET-NMPC,47,4.6,13.8986037750211,11.6364475013876,6.13763556649972
23,2049,Symmetric-energy ET-NMPC,48,4.7,14.3211625700329,11.8915876441026,6.21730721976191
23,2049,Symmetric-energy ET-NMPC,49,4.8,14.7403486872507,12.1525809754321,6.29582779116435
23,2049,Symmetric-energy ET-NMPC,50,4.9,15.1551403223956,12.4197841883292,6.37676197696577
23,2049,Symmetric-energy ET-NMPC,51,5,15.5656966636207,12.6933549858151,6.458017804097
23,2049,Symmetric-energy ET-NMPC,52,5.1,15.9723760565216,12.9727293285739,6.53902303848218
23,2049,Symmetric-energy ET-NMPC,53,5.2,16.3747274776793,13.257926705843,6.62133822475529
23,2049,Symmetric-energy ET-NMPC,54,5.3,16.7713075593238,13.5506555361498,6.70520759192889
23,2049,Symmetric-energy ET-NMPC,55,5.4,17.162478990425,13.8503045157746,6.79003329852784
23,2049,Symmetric-energy ET-NMPC,56,5.5,17.5493173677708,14.1556786107677,6.87431100566145
23,2049,Symmetric-energy ET-NMPC,57,5.6,17.9327316102092,14.4651359866096,6.95933836145004
23,2049,Symmetric-energy ET-NMPC,58,5.7,18.3238168077918,14.7594011564514,7.06161435105545
23,2049,Symmetric-energy ET-NMPC,59,5.8,18.7243940233311,15.0341368380872,7.18018162995991
23,2049,Symmetric-energy ET-NMPC,60,5.9,19.1330924296633,15.2890591407544,7.31427201837187
23,2049,Symmetric-energy ET-NMPC,61,6,19.5498431320574,15.5249345593535,7.45808314087165
23,2049,Symmetric-energy ET-NMPC,62,6.1,19.975615568625,15.7414246538647,7.60590016031741
23,2049,Symmetric-energy ET-NMPC,63,6.2,20.4115234904412,15.9413181764409,7.74741646089791
23,2049,Symmetric-energy ET-NMPC,64,6.3,20.8536635958658,16.1305756425452,7.88414150870864
23,2049,Symmetric-energy ET-NMPC,65,6.4,21.2880177862869,16.3086384954421,8.01041393018826
23,2049,Symmetric-energy ET-NMPC,66,6.5,21.696195608874,16.4778584627006,8.12499870260535
23,2049,Symmetric-energy ET-NMPC,67,6.6,22.119401881845,16.6675077184933,8.22355881124917
23,2049,Symmetric-energy ET-NMPC,68,6.7,22.5178291269139,16.8723729896971,8.31473836088766
23,2049,Symmetric-energy ET-NMPC,69,6.8,22.9368768585937,17.097858760788,8.39887585710815
23,2049,Symmetric-energy ET-NMPC,70,6.9,23.3636754145935,17.3460093197786,8.47802314176829
23,2049,Symmetric-energy ET-NMPC,71,7,23.7876972048949,17.5963523949832,8.56482098763277
23,2049,Symmetric-energy ET-NMPC,72,7.1,24.1940899691493,17.8404747872391,8.6438961815138
23,2049,Symmetric-energy ET-NMPC,73,7.2,24.6178032417032,18.0672766712943,8.74029188312154
23,2049,Symmetric-energy ET-NMPC,74,7.3,25.0496590006463,18.2920224064084,8.85426538010941
23,2049,Symmetric-energy ET-NMPC,75,7.4,25.475926438735,18.5217428194366,8.97886314519153
23,2049,Symmetric-energy ET-NMPC,76,7.5,25.8966278729969,18.7560378979316,9.11345927961967
23,2049,Symmetric-energy ET-NMPC,77,7.6,26.3046513989796,19.0027799182131,9.2639091971073
23,2049,Symmetric-energy ET-NMPC,78,7.7,26.6959940019099,19.2650178795042,9.43148669795295
23,2049,Symmetric-energy ET-NMPC,79,7.8,27.0792169344498,19.5325738278907,9.60912114973114
23,2049,Symmetric-energy ET-NMPC,80,7.9,27.4579675194573,19.801950664572,9.7934689574642
23,2049,Symmetric-energy ET-NMPC,81,8,27.8323948859475,20.0729811278492,9.98411689267192
23,2049,Symmetric-energy ET-NMPC,82,8.1,28.2026520595614,20.3455135975122,10.1806764977967
23,2049,Symmetric-energy ET-NMPC,83,8.2,28.5688943003327,20.6194107004385,10.3827829006725
23,2049,Symmetric-energy ET-NMPC,84,8.3,28.9312776940385,20.8945480194397,10.5900936135147
23,2049,Symmetric-energy ET-NMPC,85,8.4,29.2899579718003,21.1708129065347,10.8022873233722
23,2049,Symmetric-energy ET-NMPC,86,8.5,29.6461750330979,21.4492471124536,11.0157909491373
23,2049,Symmetric-energy ET-NMPC,87,8.6,30.0021029193044,21.7316966916284,11.2244475451139
23,2049,Symmetric-energy ET-NMPC,88,8.7,30.3587774693162,22.0188523531634,11.4252581310458
23,2049,Symmetric-energy ET-NMPC,89,8.8,30.7134621838389,22.3121541976154,11.6206366900664
23,2049,Symmetric-energy ET-NMPC,90,8.9,31.0626018227998,22.6215084668031,11.8006407140257
23,2049,Symmetric-energy ET-NMPC,91,9,31.3930747013378,22.9445754500991,11.9914689112473
23,2049,Symmetric-energy ET-NMPC,92,9.1,31.7011466828592,23.2823321779629,12.1939832242829
23,2049,Symmetric-energy ET-NMPC,93,9.2,31.985896513493,23.6378824522358,12.4001422318923
23,2049,Symmetric-energy ET-NMPC,94,9.3,32.2466821634706,24.0100756538431,12.6086202054123
23,2049,Symmetric-energy ET-NMPC,95,9.4,32.4857439758411,24.400948158412,12.8087904705322
23,2049,Symmetric-energy ET-NMPC,96,9.5,32.7034780625588,24.8093907816861,12.9979107787335
23,2049,Symmetric-energy ET-NMPC,97,9.6,32.8978653939219,25.2330762660825,13.1787537374501
23,2049,Symmetric-energy ET-NMPC,98,9.7,33.0740260668817,25.6718254008845,13.3414393668487
23,2049,Symmetric-energy ET-NMPC,99,9.8,33.2314987676866,26.1239687357758,13.4855530484152
23,2049,Symmetric-energy ET-NMPC,100,9.9,33.3699675721281,26.5877938572443,13.6108233437418
23,2049,Symmetric-energy ET-NMPC,101,10,33.497652471683,27.0602927932038,13.713006130662
23,2049,Symmetric-energy ET-NMPC,102,10.1,33.6373361428488,27.533489173946,13.7940842242643
23,2049,Symmetric-energy ET-NMPC,103,10.2,33.7895214795648,28.0058476699828,13.8550520396298
23,2049,Symmetric-energy ET-NMPC,104,10.3,33.9531818201145,28.4764699090561,13.8966453205869
23,2049,Symmetric-energy ET-NMPC,105,10.4,34.1270494638605,28.944692442417,13.9198337166359
23,2049,Symmetric-energy ET-NMPC,106,10.5,34.3102284953245,29.4098954461568,13.9254557930668
23,2049,Symmetric-energy ET-NMPC,107,10.6,34.502038025681,29.8715055161183,13.9142643957194
23,2049,Symmetric-energy ET-NMPC,108,10.7,34.7018273772871,30.3290448946428,13.8870259654378
23,2049,Symmetric-energy ET-NMPC,109,10.8,34.9089789053758,30.7821240373508,13.8445108522017
23,2049,Symmetric-energy ET-NMPC,110,10.9,35.1229097788753,31.2304338034848,13.7874851128147
23,2049,Symmetric-energy ET-NMPC,111,11,35.343072877628,31.673737541072,13.7167037156203
23,2049,Symmetric-energy ET-NMPC,112,11.1,35.5689569569769,32.1118632820989,13.6329050417263
23,2049,Symmetric-energy ET-NMPC,113,11.2,35.8000862265504,32.5446962123601,13.5368065754123
23,2049,Symmetric-energy ET-NMPC,114,11.3,36.0361605140352,32.9722300796486,13.4296444407289
23,2049,Symmetric-energy ET-NMPC,115,11.4,36.2775128243967,33.3948683855427,13.3150760128173
23,2049,Symmetric-energy ET-NMPC,116,11.5,36.5244493596278,33.8132035980739,13.1966783881599
23,2049,Symmetric-energy ET-NMPC,117,11.6,36.7771847341961,34.2278941856165,13.0776970995244
23,2049,Symmetric-energy ET-NMPC,118,11.7,37.0358064829999,34.6395575390926,12.9608721259508
23,2049,Symmetric-energy ET-NMPC,119,11.8,37.2962072488495,35.051255777236,12.848195589553
23,2049,Symmetric-energy ET-NMPC,120,11.9,37.5536377481818,35.4664029526087,12.7415074421629
23,2049,Symmetric-energy ET-NMPC,121,12,37.8049976594414,35.8870381552202,12.6420880208431
23,2049,Symmetric-energy ET-NMPC,122,12.1,38.0526630539013,36.3111963850933,12.5485377754243
23,2049,Symmetric-energy ET-NMPC,123,12.2,38.2968335156413,36.7353536627924,12.4603606994495
23,2049,Symmetric-energy ET-NMPC,124,12.3,38.53163373091,37.1470479810757,12.3792071872452
23,2049,Symmetric-energy ET-NMPC,125,12.4,38.7527644005506,37.538531041985,12.3060528217056
23,2049,Symmetric-energy ET-NMPC,126,12.5,38.9581166373251,37.9057829913391,12.2408918465037
23,2049,Symmetric-energy ET-NMPC,127,12.6,39.1479151377339,38.2483770364302,12.1828068194662
23,2049,Symmetric-energy ET-NMPC,128,12.7,39.3211252318419,38.5669606843277,12.1316734543162
23,2049,Symmetric-energy ET-NMPC,129,12.8,39.4771010470135,38.8619382577925,12.0873026980877
23,2049,Symmetric-energy ET-NMPC,130,12.9,39.6155160856634,39.1334760950625,12.0494279325513
23,2049,Symmetric-energy ET-NMPC,131,13,39.7363561276746,39.381501251145,12.0177397101954
23,2049,Symmetric-energy ET-NMPC,132,13.1,39.8438887986519,39.6029338422558,11.9900200347262
24,2050,Asymmetric ET-NMPC,1,0,0,0,3
24,2050,Asymmetric ET-NMPC,2,0.1,0,0,3
24,2050,Asymmetric ET-NMPC,3,0.2,0.0209497155622598,0.0209497155622598,3.00471368600151
24,2050,Asymmetric ET-NMPC,4,0.3,0.0628491466867795,0.0628491466867795,3.01414105800453
24,2050,Asymmetric ET-NMPC,5,0.4,0.125698293373559,0.125698293373559,3.02828211600905
24,2050,Asymmetric ET-NMPC,6,0.5,0.209497155622598,0.209497155622598,3.04713686001508
24,2050,Asymmetric ET-NMPC,7,0.6,0.314245733433897,0.314245733433897,3.07070529002263
24,2050,Asymmetric ET-NMPC,8,0.7,0.439944026807456,0.439944026807456,3.09898740603168
24,2050,Asymmetric ET-NMPC,9,0.8,0.586592035743275,0.586592035743275,3.13198320804224
24,2050,Asymmetric ET-NMPC,10,0.9,0.754189760241354,0.754189760241354,3.16969269605431
24,2050,Asymmetric ET-NMPC,11,1,0.942737200301692,0.942737200301692,3.21211587006788
24,2050,Asymmetric ET-NMPC,12,1.1,1.15223435592429,1.15223435592429,3.25925273008297
24,2050,Asymmetric ET-NMPC,13,1.2,1.38268122710915,1.38268122710915,3.31110327609956
24,2050,Asymmetric ET-NMPC,14,1.3,1.63407781385627,1.63407781385627,3.36766750811766
24,2050,Asymmetric ET-NMPC,15,1.4,1.90642411616564,1.90642411616564,3.42894542613727
24,2050,Asymmetric ET-NMPC,16,1.5,2.19972013403728,2.19972013403728,3.49493703015839
24,2050,Asymmetric ET-NMPC,17,1.6,2.5104742482108,2.5104742482108,3.56485670584743
24,2050,Asymmetric ET-NMPC,18,1.7,2.83432193461074,2.83432193461074,3.63772243528742
24,2050,Asymmetric ET-NMPC,19,1.8,3.16798980018048,3.16798980018048,3.71279770504061
24,2050,Asymmetric ET-NMPC,20,1.9,3.50902280012758,3.50902280012758,3.78953013002871
24,2050,Asymmetric ET-NMPC,21,2,3.85557965085769,3.85557965085769,3.86750542144298
24,2050,Asymmetric ET-NMPC,22,2.1,4.20474157689536,4.20474157689536,3.94606685480146
24,2050,Asymmetric ET-NMPC,23,2.2,4.55390350293302,4.55390350293302,4.02462828815993
24,2050,Asymmetric ET-NMPC,24,2.3,4.90306542897069,4.90306542897069,4.1031897215184
24,2050,Asymmetric ET-NMPC,25,2.4,5.25222735500835,5.25222735500835,4.18175115487688
24,2050,Asymmetric ET-NMPC,26,2.5,5.60138928104601,5.60138928104601,4.26031258823535
24,2050,Asymmetric ET-NMPC,27,2.6,5.95055120708368,5.95055120708368,4.33887402159383
24,2050,Asymmetric ET-NMPC,28,2.7,6.29971313312134,6.29971313312134,4.4174354549523
24,2050,Asymmetric ET-NMPC,29,2.8,6.64887505915901,6.64887505915901,4.49599688831078
24,2050,Asymmetric ET-NMPC,30,2.9,6.99803698519667,6.99803698519667,4.57455832166925
24,2050,Asymmetric ET-NMPC,31,3,7.34719891123433,7.34719891123433,4.65311975502772
24,2050,Asymmetric ET-NMPC,32,3.1,7.7129499340295,7.67552147690061,4.74493741236339
24,2050,Asymmetric ET-NMPC,33,3.2,8.09404452159651,7.9819528810326,4.84918092481777
24,2050,Asymmetric ET-NMPC,34,3.3,8.49094415538011,8.26483817344538,4.96074522035615
24,2050,Asymmetric ET-NMPC,35,3.4,8.90508768933827,8.52692249269003,5.05972472776408
24,2050,Asymmetric ET-NMPC,36,3.5,9.33494856253383,8.76598965878989,5.14953853398861
24,2050,Asymmetric ET-NMPC,37,3.6,9.76441371154817,9.01229525099356,5.2194902389806
24,2050,Asymmetric ET-NMPC,38,3.7,10.192839553167,9.26508812498486,5.26995865576195
24,2050,Asymmetric ET-NMPC,39,3.8,10.6188135410164,9.51840637910326,5.3361101773322
24,2050,Asymmetric ET-NMPC,40,3.9,11.0422086855583,9.77816864003035,5.39320763241039
24,2050,Asymmetric ET-NMPC,41,4,11.4755791372768,10.016569729995,5.46638530578837
24,2050,Asymmetric ET-NMPC,42,4.1,11.9131153463317,10.2409728230431,5.55696851392499
24,2050,Asymmetric ET-NMPC,43,4.2,12.3579249258223,10.4434817330037,5.66248903031845
24,2050,Asymmetric ET-NMPC,44,4.3,12.814868289045,10.6268755189685,5.74949180082724
24,2050,Asymmetric ET-NMPC,45,4.4,13.2661628932059,10.8178689782741,5.84876253547601
24,2050,Asymmetric ET-NMPC,46,4.5,13.7119773210576,11.0178802733029,5.95480487503994
24,2050,Asymmetric ET-NMPC,47,4.6,14.1524860720191,11.2253603524664,6.06840090083602
24,2050,Asymmetric ET-NMPC,48,4.7,14.5896753544197,11.4425803001571,6.17647969468234
24,2050,Asymmetric ET-NMPC,49,4.8,15.0219740653995,11.6706733352777,6.28179537164762
24,2050,Asymmetric ET-NMPC,50,4.9,15.4509387557502,11.9072452128274,6.38191051128688
24,2050,Asymmetric ET-NMPC,51,5,15.8738110773,12.1548406580914,6.48128603720555
24,2050,Asymmetric ET-NMPC,52,5.1,16.2889288370232,12.413870891645,6.58414800134935
24,2050,Asymmetric ET-NMPC,53,5.2,16.6976637788928,12.6844205430938,6.68283251581766
24,2050,Asymmetric ET-NMPC,54,5.3,17.0989762066944,12.9662965580585,6.78027094498999
24,2050,Asymmetric ET-NMPC,55,5.4,17.4941393088745,13.2579315854475,6.87405331793492
24,2050,Asymmetric ET-NMPC,56,5.5,17.8803979335178,13.5622093077455,6.96471390805995
24,2050,Asymmetric ET-NMPC,57,5.6,18.2565247483993,13.8796527400822,7.05279504334662
24,2050,Asymmetric ET-NMPC,58,5.7,18.6296477471632,14.1971237587112,7.15275193467534
24,2050,Asymmetric ET-NMPC,59,5.8,18.9997169508443,14.5144450141789,7.26390950443672
24,2050,Asymmetric ET-NMPC,60,5.9,19.3667091117887,14.8314665462567,7.38562270012413
24,2050,Asymmetric ET-NMPC,61,6,19.7334428728141,15.1438501279584,7.51949893553341
24,2050,Asymmetric ET-NMPC,62,6.1,20.1039514732223,15.445451763211,7.66701107278484
24,2050,Asymmetric ET-NMPC,63,6.2,20.4872506079671,15.730852504886,7.81407633025659
24,2050,Asymmetric ET-NMPC,64,6.3,20.8858487279242,15.995329145994,7.95958112424962
24,2050,Asymmetric ET-NMPC,65,6.4,21.2996301914356,16.2385111970337,8.09441153258694
24,2050,Asymmetric ET-NMPC,66,6.5,21.6997650781483,16.4550187603726,8.22774439373789
24,2050,Asymmetric ET-NMPC,67,6.6,22.079127585056,16.6511634509573,8.35373820519352
24,2050,Asymmetric ET-NMPC,68,6.7,22.4324303476711,16.8330185982012,8.47564561499058
24,2050,Asymmetric ET-NMPC,69,6.8,22.766456996752,17.0213409342326,8.59159065424567
24,2050,Asymmetric ET-NMPC,70,6.9,23.1215284996074,17.230708113414,8.70376359774411
24,2050,Asymmetric ET-NMPC,71,7,23.4939159094503,17.4605461442932,8.80247906763231
24,2050,Asymmetric ET-NMPC,72,7.1,23.8742507859263,17.7004029979886,8.88562904924347
24,2050,Asymmetric ET-NMPC,73,7.2,24.2719061707308,17.9229393433437,8.98609953841291
24,2050,Asymmetric ET-NMPC,74,7.3,24.6477993850885,18.1346695080139,9.06897359622691
24,2050,Asymmetric ET-NMPC,75,7.4,25.0003292412182,18.3282901462599,9.1467292026146
24,2050,Asymmetric ET-NMPC,76,7.5,25.3321637722224,18.5012173449409,9.23107913056861
24,2050,Asymmetric ET-NMPC,77,7.6,25.6427944911629,18.6529407327154,9.31632167098224
24,2050,Asymmetric ET-NMPC,78,7.7,25.9482304867905,18.8255568811361,9.42245697096184
24,2050,Asymmetric ET-NMPC,79,7.8,26.2634068737145,19.0182369876319,9.54865622777334
24,2050,Asymmetric ET-NMPC,80,7.9,26.5928775859552,19.2295674602698,9.69350584936689
24,2050,Asymmetric ET-NMPC,81,8,26.9359806757506,19.4597944715905,9.85725200789237
24,2050,Asymmetric ET-NMPC,82,8.1,27.2964042737302,19.7073419912918,10.0383186740801
24,2050,Asymmetric ET-NMPC,83,8.2,27.6724948449765,19.9710505875622,10.2358374288168
24,2050,Asymmetric ET-NMPC,84,8.3,28.0442960911666,20.2366429330428,10.4388756994792
24,2050,Asymmetric ET-NMPC,85,8.4,28.4119727816985,20.5039640495456,10.6470901848331
24,2050,Asymmetric ET-NMPC,86,8.5,28.775689678533,20.7728724181474,10.8601589724417
24,2050,Asymmetric ET-NMPC,87,8.6,29.1356104302486,21.0432388228403,11.0777803401839
24,2050,Asymmetric ET-NMPC,88,8.7,29.4974765250733,21.3200765688037,11.283726429795
24,2050,Asymmetric ET-NMPC,89,8.8,29.862096857137,21.6037008078531,11.4750620105674
24,2050,Asymmetric ET-NMPC,90,8.9,30.2310881155329,21.8947392737705,11.6457724747568
24,2050,Asymmetric ET-NMPC,91,9,30.6029484396856,22.1944856254363,11.7936644082221
24,2050,Asymmetric ET-NMPC,92,9.1,30.9707549071794,22.5086378836394,11.9202612531103
24,2050,Asymmetric ET-NMPC,93,9.2,31.323777540163,22.8424807453016,12.0382611019175
24,2050,Asymmetric ET-NMPC,94,9.3,31.6573577510435,23.1979608143012,12.1494283788156
24,2050,Asymmetric ET-NMPC,95,9.4,31.9705218145387,23.5738570376114,12.2524493946635
24,2050,Asymmetric ET-NMPC,96,9.5,32.2625216956418,23.9619651014688,12.3712273396056
24,2050,Asymmetric ET-NMPC,97,9.6,32.5323259867147,24.36138822487,12.5041439037014
24,2050,Asymmetric ET-NMPC,98,9.7,32.7784875447378,24.7723124204831,12.647481940563
24,2050,Asymmetric ET-NMPC,99,9.8,32.9997771403564,25.1956769583876,12.7951077611904
24,2050,Asymmetric ET-NMPC,100,9.9,33.1960338256576,25.631689316882,12.9413149317218
24,2050,Asymmetric ET-NMPC,101,10,33.3677218335124,26.0797920482182,13.0817683764207
24,2050,Asymmetric ET-NMPC,102,10.1,33.5162529409129,26.5393805704564,13.2110622291799
24,2050,Asymmetric ET-NMPC,103,10.2,33.643177139139,27.0092804144462,13.3254492237338
24,2050,Asymmetric ET-NMPC,104,10.3,33.7518706857354,27.4880252411234,13.4202601084362
24,2050,Asymmetric ET-NMPC,105,10.4,33.8712000441127,27.9683362637741,13.4914066174832
24,2050,Asymmetric ET-NMPC,106,10.5,34.0058216344793,28.4472249332849,13.5418315083735
24,2050,Asymmetric ET-NMPC,107,10.6,34.1544925932986,28.9236401598336,13.5722531769057
24,2050,Asymmetric ET-NMPC,108,10.7,34.3156391826715,29.3968216050396,13.5837029212836
24,2050,Asymmetric ET-NMPC,109,10.8,34.4874996843898,29.8663163092354,13.5774827379154
24,2050,Asymmetric ET-NMPC,110,10.9,34.668426020171,30.3318899369187,13.5549692258236
24,2050,Asymmetric ET-NMPC,111,11,34.8577655740872,30.7930874742123,13.5169249763628
24,2050,Asymmetric ET-NMPC,112,11.1,35.0548967142945,31.2495414319751,13.4641130647964
24,2050,Asymmetric ET-NMPC,113,11.2,35.2592308192692,31.7009638238939,13.3972894341071
24,2050,Asymmetric ET-NMPC,114,11.3,35.4702135075473,32.147138122175,13.317196982526
24,2050,Asymmetric ET-NMPC,115,11.4,35.6877258482169,32.5880353754326,13.2261036582573
24,2050,Asymmetric ET-NMPC,116,11.5,35.9119654681547,33.0239333476922,13.1275666061896
24,2050,Asymmetric ET-NMPC,117,11.6,36.1430743358448,33.4552930072243,13.0250115702172
24,2050,Asymmetric ET-NMPC,118,11.7,36.381097569231,33.882647861219,12.9215090623464
24,2050,Asymmetric ET-NMPC,119,11.8,36.6259700324904,34.3065097101017,12.8196336001437
24,2050,Asymmetric ET-NMPC,120,11.9,36.8775257622419,34.7273107789289,12.7214186557457
24,2050,Asymmetric ET-NMPC,121,12,37.1350352298036,35.1456846591248,12.6284016116845
24,2050,Asymmetric ET-NMPC,122,12.1,37.3933548258175,35.5649724145412,12.5419795978621
24,2050,Asymmetric ET-NMPC,123,12.2,37.6505434643808,35.9863860099867,12.4628304616215
24,2050,Asymmetric ET-NMPC,124,12.3,37.9075889062703,36.4089534200756,12.3895882283497
24,2050,Asymmetric ET-NMPC,125,12.4,38.1632002696372,36.8290829403196,12.3218019491615
24,2050,Asymmetric ET-NMPC,126,12.5,38.4106843018121,37.2353420979361,12.2605202988491
24,2050,Asymmetric ET-NMPC,127,12.6,38.6450774476957,37.6205479162081,12.2062837594784
24,2050,Asymmetric ET-NMPC,128,12.7,38.8637549402056,37.9811200822385,12.1588443824776
24,2050,Asymmetric ET-NMPC,129,12.8,39.0665491909577,38.3169281867236,12.1172756005952
24,2050,Asymmetric ET-NMPC,130,12.9,39.2522228848036,38.6287535822244,12.081338532572
24,2050,Asymmetric ET-NMPC,131,13,39.4200117691527,38.9170938868891,12.0507478743429
24,2050,Asymmetric ET-NMPC,132,13.1,39.5695003023444,39.1821967528877,12.0251690612585
24,2050,Asymmetric ET-NMPC,133,13.2,39.7005993400216,39.4240583792262,12.0042454854166
24,2050,Asymmetric ET-NMPC,134,13.3,39.8173678761954,39.6397020264885,11.9860152903167
24,2050,Symmetric-energy ET-NMPC,1,0,0,0,3
24,2050,Symmetric-energy ET-NMPC,2,0.1,0,0,3
24,2050,Symmetric-energy ET-NMPC,3,0.2,0.0209497155622598,0.0209497155622598,3.00471368600151
24,2050,Symmetric-energy ET-NMPC,4,0.3,0.0628491466867795,0.0628491466867795,3.01414105800453
24,2050,Symmetric-energy ET-NMPC,5,0.4,0.125698293373559,0.125698293373559,3.02828211600905
24,2050,Symmetric-energy ET-NMPC,6,0.5,0.209497155622598,0.209497155622598,3.04713686001508
24,2050,Symmetric-energy ET-NMPC,7,0.6,0.314245733433897,0.314245733433897,3.07070529002263
24,2050,Symmetric-energy ET-NMPC,8,0.7,0.439944026807456,0.439944026807456,3.09898740603168
24,2050,Symmetric-energy ET-NMPC,9,0.8,0.586592035743275,0.586592035743275,3.13198320804224
24,2050,Symmetric-energy ET-NMPC,10,0.9,0.754189760241354,0.754189760241354,3.16969269605431
24,2050,Symmetric-energy ET-NMPC,11,1,0.942737200301692,0.942737200301692,3.21211587006788
24,2050,Symmetric-energy ET-NMPC,12,1.1,1.15223435592429,1.15223435592429,3.25925273008297
24,2050,Symmetric-energy ET-NMPC,13,1.2,1.38268122710915,1.38268122710915,3.31110327609956
24,2050,Symmetric-energy ET-NMPC,14,1.3,1.63407781385627,1.63407781385627,3.36766750811766
24,2050,Symmetric-energy ET-NMPC,15,1.4,1.90642411616564,1.90642411616564,3.42894542613727
24,2050,Symmetric-energy ET-NMPC,16,1.5,2.19972013403728,2.19972013403728,3.49493703015839
24,2050,Symmetric-energy ET-NMPC,17,1.6,2.5104742482108,2.5104742482108,3.56485670584743
24,2050,Symmetric-energy ET-NMPC,18,1.7,2.83432193461074,2.83432193461074,3.63772243528742
24,2050,Symmetric-energy ET-NMPC,19,1.8,3.16798980018048,3.16798980018048,3.71279770504061
24,2050,Symmetric-energy ET-NMPC,20,1.9,3.50902280012758,3.50902280012758,3.78953013002871
24,2050,Symmetric-energy ET-NMPC,21,2,3.85557965085769,3.85557965085769,3.86750542144298
24,2050,Symmetric-energy ET-NMPC,22,2.1,4.20474157689536,4.20474157689536,3.94606685480146
24,2050,Symmetric-energy ET-NMPC,23,2.2,4.55390350293302,4.55390350293302,4.02462828815993
24,2050,Symmetric-energy ET-NMPC,24,2.3,4.90306542897069,4.90306542897069,4.1031897215184
24,2050,Symmetric-energy ET-NMPC,25,2.4,5.25222735500835,5.25222735500835,4.18175115487688
24,2050,Symmetric-energy ET-NMPC,26,2.5,5.60138928104601,5.60138928104601,4.26031258823535
24,2050,Symmetric-energy ET-NMPC,27,2.6,5.95055120708368,5.95055120708368,4.33887402159383
24,2050,Symmetric-energy ET-NMPC,28,2.7,6.29971313312134,6.29971313312134,4.4174354549523
24,2050,Symmetric-energy ET-NMPC,29,2.8,6.64887505915901,6.64887505915901,4.49599688831078
24,2050,Symmetric-energy ET-NMPC,30,2.9,6.99803698519667,6.99803698519667,4.57455832166925
24,2050,Symmetric-energy ET-NMPC,31,3,7.34719891123433,7.34719891123433,4.65311975502772
24,2050,Symmetric-energy ET-NMPC,32,3.1,7.71292870876481,7.6755331547234,4.74498019129264
24,2050,Symmetric-energy ET-NMPC,33,3.2,8.09397856150176,7.9819892077433,4.84931473637051
24,2050,Symmetric-energy ET-NMPC,34,3.3,8.49080673180396,8.26490867349469,4.96104646487036
24,2050,Symmetric-energy ET-NMPC,35,3.4,8.90491579730334,8.52681189128376,5.0606476013245
24,2050,Symmetric-energy ET-NMPC,36,3.5,9.33473184582336,8.76552985699357,5.15159757263845
24,2050,Symmetric-energy ET-NMPC,37,3.6,9.76417624436734,9.01153272924038,5.22273192021765
24,2050,Symmetric-energy ET-NMPC,38,3.7,10.192623298542,9.26405955311183,5.27433933242217
24,2050,Symmetric-energy ET-NMPC,39,3.8,10.6185531513543,9.51717489155821,5.34154339425212
24,2050,Symmetric-energy ET-NMPC,40,3.9,11.0419533634336,9.77676219955458,5.39939397712238
24,2050,Symmetric-energy ET-NMPC,41,4,11.4753017089677,10.0149763613981,5.47330760590666
24,2050,Symmetric-energy ET-NMPC,42,4.1,11.9127263683953,10.2393103583295,5.56459794025499
24,2050,Symmetric-energy ET-NMPC,43,4.2,12.3574047507012,10.4417472138289,5.67080743062803
24,2050,Symmetric-energy ET-NMPC,44,4.3,12.81425996964,10.6250039440178,5.75855866861875
24,2050,Symmetric-energy ET-NMPC,45,4.4,13.2654558868369,10.8158607217704,5.85853834000592
24,2050,Symmetric-energy ET-NMPC,46,4.5,13.7111864082526,11.0157593311437,5.96514438227914
24,2050,Symmetric-energy ET-NMPC,47,4.6,14.1516092058851,11.2231295993318,6.07927295537608
24,2050,Symmetric-energy ET-NMPC,48,4.7,14.5887597002698,11.4402536074253,6.18770085938876
24,2050,Symmetric-energy ET-NMPC,49,4.8,15.0210548206841,11.6682750543563,6.29318615981274
24,2050,Symmetric-energy ET-NMPC,50,4.9,15.4500376277122,11.9047878147115,6.39336333018286
24,2050,Symmetric-energy ET-NMPC,51,5,15.872944074455,12.1523568384761,6.49265943169594
24,2050,Symmetric-energy ET-NMPC,52,5.1,16.2880986312288,12.4114076374538,6.59532090226284
24,2050,Symmetric-energy ET-NMPC,53,5.2,16.6968818304754,12.6819963187122,6.69369804182547
24,2050,Symmetric-energy ET-NMPC,54,5.3,17.0982430092361,12.9639378851831,6.7907452328192
24,2050,Symmetric-energy ET-NMPC,55,5.4,17.493452507962,13.2556513409051,6.88408714123986
24,2050,Symmetric-energy ET-NMPC,56,5.5,17.8797574586922,13.5600204900094,6.97424204190993
24,2050,Symmetric-energy ET-NMPC,57,5.6,18.2559261070067,13.8775666971541,7.06177234725206
24,2050,Symmetric-energy ET-NMPC,58,5.7,18.6290982238281,14.1951432198463,7.16120937989967
24,2050,Symmetric-energy ET-NMPC,59,5.8,18.9992223964188,14.5125716897649,7.27187673438655
24,2050,Symmetric-energy ET-NMPC,60,5.9,19.3662741194182,14.8297012577638,7.39312800136566
24,2050,Symmetric-energy ET-NMPC,61,6,19.7330745705851,15.1421764395515,7.52660717498626
24,2050,Symmetric-energy ET-NMPC,62,6.1,20.1036325749087,15.4438663420167,7.67381440368876
24,2050,Symmetric-energy ET-NMPC,63,6.2,20.4869261431582,15.7293080516532,7.82081464497568
24,2050,Symmetric-energy ET-NMPC,64,6.3,20.885470475191,15.9938054404863,7.96642902168674
24,2050,Symmetric-energy ET-NMPC,65,6.4,21.29926117931,16.237038394627,8.10148814400424
24,2050,Symmetric-energy ET-NMPC,66,6.5,21.6994159516108,16.4535787413743,8.23529583754342
24,2050,Symmetric-energy ET-NMPC,67,6.6,22.0787211264684,16.6498034807929,8.36185298728774
24,2050,Symmetric-energy ET-NMPC,68,6.7,22.4318814699266,16.8318353498612,8.48453583421511
24,2050,Symmetric-energy ET-NMPC,69,6.8,22.7657884757504,17.0203716538613,8.6014083146594
24,2050,Symmetric-energy ET-NMPC,70,6.9,23.1207597276066,17.2299721933418,8.71473177795542
24,2050,Symmetric-energy ET-NMPC,71,7,23.4930772958057,17.4600666102933,8.81467218123004
24,2050,Symmetric-energy ET-NMPC,72,7.1,23.8733118107612,17.7001211338004,8.89904609408018
24,2050,Symmetric-energy ET-NMPC,73,7.2,24.2708668340495,17.9228551489624,9.00074051447955
24,2050,Symmetric-energy ET-NMPC,74,7.3,24.646743952889,18.1347235509734,9.0847712175588
24,2050,Symmetric-energy ET-NMPC,75,7.4,24.9993193916428,18.3284382485115,9.16356028739149
24,2050,Symmetric-energy ET-NMPC,76,7.5,25.3311954344136,18.5014543153713,9.24891454526294
24,2050,Symmetric-energy ET-NMPC,77,7.6,25.6418665782124,18.6532654843697,9.33510818759475
24,2050,Symmetric-energy ET-NMPC,78,7.7,25.9475530365969,18.8259949821408,9.44222015760053
24,2050,Symmetric-energy ET-NMPC,79,7.8,26.2628296293964,19.0188245964819,9.56943224292377
24,2050,Symmetric-energy ET-NMPC,80,7.9,26.5926099812744,19.2302235541531,9.71521367020861
24,2050,Symmetric-energy ET-NMPC,81,8,26.9360904938419,19.4604945236963,9.87986710758715
24,2050,Symmetric-energy ET-NMPC,82,8.1,27.2968915145955,19.7080860016227,10.0618410526237
24,2050,Symmetric-energy ET-NMPC,83,8.2,27.6728592555123,19.971489043797,10.2600003197883
24,2050,Symmetric-energy ET-NMPC,84,8.3,28.0445395395626,20.2367891366622,10.4636412468487
24,2050,Symmetric-energy ET-NMPC,85,8.4,28.4120976272968,20.5038309778106,10.6724227288275
24,2050,Symmetric-energy ET-NMPC,86,8.5,28.7756986746863,20.7724726984347,10.8860249392032
24,2050,Symmetric-energy ET-NMPC,87,8.6,29.1355066406555,21.0425847127758,11.1041481322243
24,2050,Symmetric-energy ET-NMPC,88,8.7,29.4974627278441,21.3193279630775,11.3100630767027
24,2050,Symmetric-energy ET-NMPC,89,8.8,29.8623259163183,21.6029677216457,11.5009120773702
24,2050,Symmetric-energy ET-NMPC,90,8.9,30.2316244885468,21.894049477688,11.6708825920173
24,2050,Symmetric-energy ET-NMPC,91,9,30.6038061664187,22.1938470300699,11.8178595502191
24,2050,Symmetric-energy ET-NMPC,92,9.1,30.9719917387908,22.508013622286,11.9433136718427
24,2050,Symmetric-energy ET-NMPC,93,9.2,31.3254496161639,22.841922205363,12.0598151184877
24,2050,Symmetric-energy ET-NMPC,94,9.3,31.6595009615224,23.19746935185,12.169341029984
24,2050,Symmetric-energy ET-NMPC,95,9.4,31.9731195553637,23.5734393906902,12.2707802112284
24,2050,Symmetric-energy ET-NMPC,96,9.5,32.2655971377477,23.9616588959514,12.3880085334783
24,2050,Symmetric-energy ET-NMPC,97,9.6,32.5359550310058,24.3611652383806,12.5195429088785
24,2050,Symmetric-energy ET-NMPC,98,9.7,32.7827439189807,24.7721062217881,12.6617496349088
24,2050,Symmetric-energy ET-NMPC,99,9.8,33.004687558586,25.195423061767,12.8085279501634
24,2050,Symmetric-energy ET-NMPC,100,9.9,33.2015716332205,25.6313097731949,12.9542655086575
24,2050,Symmetric-energy ET-NMPC,101,10,33.3738554572743,26.0792789613676,13.0944150374379
24,2050,Symmetric-energy ET-NMPC,102,10.1,33.5229422106011,26.5387420137977,13.2235151669268
24,2050,Symmetric-energy ET-NMPC,103,10.2,33.6504281069198,27.0085403196273,13.3376944035659
24,2050,Symmetric-energy ET-NMPC,104,10.3,33.7589564139656,27.4872728559473,13.4327563057054
24,2050,Symmetric-energy ET-NMPC,105,10.4,33.8771370456278,27.967891286401,13.503744069497
24,2050,Symmetric-energy ET-NMPC,106,10.5,34.0107400672085,28.4470849185351,13.5539804661298
24,2050,Symmetric-energy ET-NMPC,107,10.6,34.1585229779021,28.9237907153564,13.5841764026759
24,2050,Symmetric-energy ET-NMPC,108,10.7,34.3189057698039,29.3972379645264,13.5953595290326
24,2050,Symmetric-energy ET-NMPC,109,10.8,34.4901141243029,29.8669667282122,13.5888335872606
24,2050,Symmetric-energy ET-NMPC,110,10.9,34.6704180519758,30.3327675181038,13.5660274959237
24,2050,Symmetric-energy ET-NMPC,111,11,34.8591643874153,30.7941850048722,13.5277035639423
24,2050,Symmetric-energy ET-NMPC,112,11.1,35.0557308217098,31.2508514646089,13.474624552457
24,2050,Symmetric-energy ET-NMPC,113,11.2,35.2595279536571,31.7024787504397,13.4075460633328
24,2050,Symmetric-energy ET-NMPC,114,11.3,35.4700005009795,32.1488502331331,13.3272104780566
24,2050,Symmetric-energy ET-NMPC,115,11.4,35.6870003793628,32.5899277698179,13.2357683684257
24,2050,Symmetric-energy ET-NMPC,116,11.5,35.9107297872454,33.025985505961,13.1367794660263
24,2050,Symmetric-energy ET-NMPC,117,11.6,36.1413364295635,33.457484189592,13.0336801811427
24,2050,Symmetric-energy ET-NMPC,118,11.7,36.3788712064847,33.8849600617088,12.9295571360903
24,2050,Symmetric-energy ET-NMPC,119,11.8,36.6232738428276,34.3089292808651,12.827002504032
24,2050,Symmetric-energy ET-NMPC,120,11.9,36.8743818694345,34.7298286663536,12.7280658259549
24,2050,Symmetric-energy ET-NMPC,121,12,37.131565187574,35.1482342596658,12.6342921603772
24,2050,Symmetric-energy ET-NMPC,122,12.1,37.3897007648142,35.5674715680674,12.5470791853847
24,2050,Symmetric-energy ET-NMPC,123,12.2,37.6468479363056,35.9887547812795,12.4671055243477
24,2050,Symmetric-energy ET-NMPC,124,12.3,37.9039542458533,36.4111332297872,12.3929921529027
24,2050,Symmetric-energy ET-NMPC,125,12.4,38.1597251618167,36.8310755200096,12.3242645684773
24,2050,Symmetric-energy ET-NMPC,126,12.5,38.4074374926253,37.237154781803,12.2619699086026
24,2050,Symmetric-energy ET-NMPC,127,12.6,38.6421033925848,37.6221872381023,12.2066471856313
24,2050,Symmetric-energy ET-NMPC,128,12.7,38.8610581328477,37.9825672337291,12.1580635756412
24,2050,Symmetric-energy ET-NMPC,129,12.8,39.0641292554078,38.3181717282557,12.1153010681163
24,2050,Symmetric-energy ET-NMPC,130,12.9,39.2500785359146,38.6297841398731,12.078126268742
24,2050,Symmetric-energy ET-NMPC,131,13,39.4181394933092,38.9179085488998,12.0462732764418
24,2050,Symmetric-energy ET-NMPC,132,13.1,39.5678966863319,39.1828000885208,12.0194408407839
24,2050,Symmetric-energy ET-NMPC,133,13.2,39.699261877875,39.4244633785853,11.9973182569401
24,2050,Symmetric-energy ET-NMPC,134,13.3,39.8162800208091,39.6399412917261,11.9781091300766
25,2051,Asymmetric ET-NMPC,1,0,0,0,3
25,2051,Asymmetric ET-NMPC,2,0.1,0,0,3
25,2051,Asymmetric ET-NMPC,3,0.2,0.0209497155622598,0.0209497155622598,3.00471368600151
25,2051,Asymmetric ET-NMPC,4,0.3,0.0628491466867795,0.0628491466867795,3.01414105800453
25,2051,Asymmetric ET-NMPC,5,0.4,0.125698293373559,0.125698293373559,3.02828211600905
25,2051,Asymmetric ET-NMPC,6,0.5,0.209497155622598,0.209497155622598,3.04713686001508
25,2051,Asymmetric ET-NMPC,7,0.6,0.314245733433897,0.314245733433897,3.07070529002263
25,2051,Asymmetric ET-NMPC,8,0.7,0.439944026807456,0.439944026807456,3.09898740603168
25,2051,Asymmetric ET-NMPC,9,0.8,0.586592035743275,0.586592035743275,3.13198320804224
25,2051,Asymmetric ET-NMPC,10,0.9,0.754189760241354,0.754189760241354,3.16969269605431
25,2051,Asymmetric ET-NMPC,11,1,0.942737200301692,0.942737200301692,3.21211587006788
25,2051,Asymmetric ET-NMPC,12,1.1,1.15223435592429,1.15223435592429,3.25925273008297
25,2051,Asymmetric ET-NMPC,13,1.2,1.38268122710915,1.38268122710915,3.31110327609956
25,2051,Asymmetric ET-NMPC,14,1.3,1.63407781385627,1.63407781385627,3.36766750811766
25,2051,Asymmetric ET-NMPC,15,1.4,1.90642411616564,1.90642411616564,3.42894542613727
25,2051,Asymmetric ET-NMPC,16,1.5,2.19972013403728,2.19972013403728,3.49493703015839
25,2051,Asymmetric ET-NMPC,17,1.6,2.5104742482108,2.5104742482108,3.56485670584743
25,2051,Asymmetric ET-NMPC,18,1.7,2.83432193461074,2.83432193461074,3.63772243528742
25,2051,Asymmetric ET-NMPC,19,1.8,3.16798980018048,3.16798980018048,3.71279770504061
25,2051,Asymmetric ET-NMPC,20,1.9,3.50902280012758,3.50902280012758,3.78953013002871
25,2051,Asymmetric ET-NMPC,21,2,3.85557965085769,3.85557965085769,3.86750542144298
25,2051,Asymmetric ET-NMPC,22,2.1,4.20474157689536,4.20474157689536,3.94606685480146
25,2051,Asymmetric ET-NMPC,23,2.2,4.55390350293302,4.55390350293302,4.02462828815993
25,2051,Asymmetric ET-NMPC,24,2.3,4.90306542897069,4.90306542897069,4.1031897215184
25,2051,Asymmetric ET-NMPC,25,2.4,5.25222735500835,5.25222735500835,4.18175115487688
25,2051,Asymmetric ET-NMPC,26,2.5,5.60138928104601,5.60138928104601,4.26031258823535
25,2051,Asymmetric ET-NMPC,27,2.6,5.95055120708368,5.95055120708368,4.33887402159383
25,2051,Asymmetric ET-NMPC,28,2.7,6.29971313312134,6.29971313312134,4.4174354549523
25,2051,Asymmetric ET-NMPC,29,2.8,6.64887505915901,6.64887505915901,4.49599688831078
25,2051,Asymmetric ET-NMPC,30,2.9,6.99803698519667,6.99803698519667,4.57455832166925
25,2051,Asymmetric ET-NMPC,31,3,7.36534079747986,7.32560313819396,4.66280980830146
25,2051,Asymmetric ET-NMPC,32,3.1,7.74941932146583,7.63057306075565,4.76015986605936
25,2051,Asymmetric ET-NMPC,33,3.2,8.14889290473807,7.91210602314432,4.86580099136716
25,2051,Asymmetric ET-NMPC,34,3.3,8.56159488122922,8.16990033287552,4.98077565149066
25,2051,Asymmetric ET-NMPC,35,3.4,8.98883778570937,8.40289012087212,5.09557660645475
25,2051,Asymmetric ET-NMPC,36,3.5,9.4302205331391,8.61434246056459,5.19789560913734
25,2051,Asymmetric ET-NMPC,37,3.6,9.86651272216865,8.83280010017296,5.30709902249309
25,2051,Asymmetric ET-NMPC,38,3.7,10.2971683514232,9.05664548776834,5.4272196761861
25,2051,Asymmetric ET-NMPC,39,3.8,10.7245530730104,9.28836817935754,5.54403959724625
25,2051,Asymmetric ET-NMPC,40,3.9,11.1464366505232,9.52463078638336,5.67129613949978
25,2051,Asymmetric ET-NMPC,41,4,11.5642495004184,9.76698778825152,5.80050723077264
25,2051,Asymmetric ET-NMPC,42,4.1,11.9807288478732,10.0144353233402,5.92425968740351
25,2051,Asymmetric ET-NMPC,43,4.2,12.396810638009,10.266356946044,6.04006745886846
25,2051,Asymmetric ET-NMPC,44,4.3,12.8139738464899,10.5232456779142,6.13998260750989
25,2051,Asymmetric ET-NMPC,45,4.4,13.2304208869376,10.7868540035999,6.22414027579714
25,2051,Asymmetric ET-NMPC,46,4.5,13.6434649598275,11.0555269016008,6.30904886034737
25,2051,Asymmetric ET-NMPC,47,4.6,14.0530162865234,11.3287007694412,6.39647739533914
25,2051,Asymmetric ET-NMPC,48,4.7,14.4596145237044,11.6065075027748,6.48308739727722
25,2051,Asymmetric ET-NMPC,49,4.8,14.8638791320727,11.8890692019521,6.56511795608858
25,2051,Asymmetric ET-NMPC,50,4.9,15.2657338971992,12.1759725582424,6.64385303019455
25,2051,Asymmetric ET-NMPC,51,5,15.665640123345,12.4672080581027,6.7163574708236
25,2051,Asymmetric ET-NMPC,52,5.1,16.0636702619019,12.762506796088,6.78246846948989
25,2051,Asymmetric ET-NMPC,53,5.2,16.458786454589,13.0626491066644,6.84409466260934
25,2051,Asymmetric ET-NMPC,54,5.3,16.8482296753262,13.3721907241633,6.89427398960677
25,2051,Asymmetric ET-NMPC,55,5.4,17.2341177165091,13.6862639748851,6.94375542908719
25,2051,Asymmetric ET-NMPC,56,5.5,17.6186360597081,14.002924227471,6.9870212143659
25,2051,Asymmetric ET-NMPC,57,5.6,18.0031435555817,14.3197629370818,7.02905950297551
25,2051,Asymmetric ET-NMPC,58,5.7,18.3828266743991,14.6448068596335,7.04274079302035
25,2051,Asymmetric ET-NMPC,59,5.8,18.7716225193471,14.9581902198047,7.0678138965163
25,2051,Asymmetric ET-NMPC,60,5.9,19.1712127977588,15.2554615204386,7.11205622035109
25,2051,Asymmetric ET-NMPC,61,6,19.5788706825019,15.5441084959799,7.134371518191
25,2051,Asymmetric ET-NMPC,62,6.1,19.9931139155149,15.8241109488334,7.13545332174138
25,2051,Asymmetric ET-NMPC,63,6.2,20.4156171429476,16.0907975190283,7.11623624374816
25,2051,Asymmetric ET-NMPC,64,6.3,20.8483637113044,16.338481274843,7.07904532172494
25,2051,Asymmetric ET-NMPC,65,6.4,21.2914355983422,16.5642429111608,7.02690142003043
25,2051,Asymmetric ET-NMPC,66,6.5,21.7426843243155,16.7685442733254,6.95881661463954
25,2051,Asymmetric ET-NMPC,67,6.6,22.2042709486252,16.9476004610283,6.8889834570159
25,2051,Asymmetric ET-NMPC,68,6.7,22.6710977063382,17.1052563775851,6.80402823199809
25,2051,Asymmetric ET-NMPC,69,6.8,23.1317730578035,17.2832004655506,6.72583537995588
25,2051,Asymmetric ET-NMPC,70,6.9,23.5876496287475,17.4807437112705,6.66968185705015
25,2051,Asymmetric ET-NMPC,71,7,24.0206891141936,17.687750150051,6.59778226490305
25,2051,Asymmetric ET-NMPC,72,7.1,24.4327064602048,17.8991363240134,6.5049330290044
25,2051,Asymmetric ET-NMPC,73,7.2,24.8643313900439,18.1219717471494,6.43169137709233
25,2051,Asymmetric ET-NMPC,74,7.3,25.3025791237815,18.3564051189376,6.37710275130019
25,2051,Asymmetric ET-NMPC,75,7.4,25.7389126926113,18.5979647525584,6.34157867330767
25,2051,Asymmetric ET-NMPC,76,7.5,26.1675250351481,18.855053139439,6.32754225081869
25,2051,Asymmetric ET-NMPC,77,7.6,26.5792084686124,19.1296545507467,6.331018852427
25,2051,Asymmetric ET-NMPC,78,7.7,26.9843806351702,19.4216176213566,6.35537210368646
25,2051,Asymmetric ET-NMPC,79,7.8,27.3845059585941,19.7185908050536,6.39668376934849
25,2051,Asymmetric ET-NMPC,80,7.9,27.781458730574,20.0174553350415,6.45243759910527
25,2051,Asymmetric ET-NMPC,81,8,28.1750703013166,20.3178707745837,6.52186738422856
25,2051,Asymmetric ET-NMPC,82,8.1,28.5652173953493,20.6195356069489,6.60422983885393
25,2051,Asymmetric ET-NMPC,83,8.2,28.9518165739525,20.9221841365821,6.69880754560429
25,2051,Asymmetric ET-NMPC,84,8.3,29.3348190803232,21.2255834199748,6.80491105615248
25,2051,Asymmetric ET-NMPC,85,8.4,29.7142060943666,21.5295302830874,6.92188027423635
25,2051,Asymmetric ET-NMPC,86,8.5,30.0899844041967,21.833848467488,7.04908524467545
25,2051,Asymmetric ET-NMPC,87,8.6,30.4586880994295,22.1414962879103,7.18840646958787
25,2051,Asymmetric ET-NMPC,88,8.7,30.8174400318877,22.4687571286685,7.30755928350228
25,2051,Asymmetric ET-NMPC,89,8.8,31.1670120771728,22.8004975353774,7.44077973130146
25,2051,Asymmetric ET-NMPC,90,8.9,31.500976679074,23.1414436746407,7.58985479560932
25,2051,Asymmetric ET-NMPC,91,9,31.8196372857865,23.4878657140111,7.75851773868846
25,2051,Asymmetric ET-NMPC,92,9.1,32.1164387674837,23.8461297676927,7.9417000203151
25,2051,Asymmetric ET-NMPC,93,9.2,32.4150043948135,24.1832173281044,8.14605879652829
25,2051,Asymmetric ET-NMPC,94,9.3,32.7003198503741,24.5012729036462,8.36944955897508
25,2051,Asymmetric ET-NMPC,95,9.4,32.9683147973421,24.80200797209,8.61016082995825
25,2051,Asymmetric ET-NMPC,96,9.5,33.2189892277661,25.120063531742,8.8681926174162
25,2051,Asymmetric ET-NMPC,97,9.6,33.4523431499485,25.4554395992808,9.14354491297283
25,2051,Asymmetric ET-NMPC,98,9.7,33.6683765639159,25.7734951589361,9.43621771665784
25,2051,Asymmetric ET-NMPC,99,9.8,33.8670894697068,26.1088712265855,9.74621102839934
25,2051,Asymmetric ET-NMPC,100,9.9,34.0484818674037,26.4269267861806,10.0735248482195
25,2051,Asymmetric ET-NMPC,101,10,34.2122961692352,26.7281888621434,10.4184167638763
25,2051,Asymmetric ET-NMPC,102,10.1,34.3575881000559,27.0441577342623,10.7776575281142
25,2051,Asymmetric ET-NMPC,103,10.2,34.4808984674429,27.365307839911,11.1405034498726
25,2051,Asymmetric ET-NMPC,104,10.3,34.582826359966,27.69080686943,11.5061003405979
25,2051,Asymmetric ET-NMPC,105,10.4,34.6640431592115,28.0198881399378,11.8736725769288
25,2051,Asymmetric ET-NMPC,106,10.5,34.7252762408787,28.3518518672424,12.2425229442372
25,2051,Asymmetric ET-NMPC,107,10.6,34.7691888138686,28.7011361033177,12.5940528047666
25,2051,Asymmetric ET-NMPC,108,10.7,34.7957808795218,29.0677408480925,12.9282621571051
25,2051,Asymmetric ET-NMPC,109,10.8,34.8396934527511,29.4516661012124,13.2451510011377
25,2051,Asymmetric ET-NMPC,110,10.9,34.9003840971369,29.8493574023786,13.5420655926632
25,2051,Asymmetric ET-NMPC,111,11,34.9774014534566,30.2590823116421,13.8180978834456
25,2051,Asymmetric ET-NMPC,112,11.1,35.0702293677814,30.6792925383068,14.0726687846274
25,2051,Asymmetric ET-NMPC,113,11.2,35.1782692109146,31.1084475891474,14.3053774751263
25,2051,Asymmetric ET-NMPC,114,11.3,35.3008543386357,31.5450390846742,14.5159973993863
25,2051,Asymmetric ET-NMPC,115,11.4,35.4372650628002,31.9876121404852,14.704468098974
25,2051,Asymmetric ET-NMPC,116,11.5,35.5867435126441,32.4347833197976,14.8708836313759
25,2051,Asymmetric ET-NMPC,117,11.6,35.7485078545919,32.8852549047418,15.0154784059426
25,2051,Asymmetric ET-NMPC,118,11.7,35.921765446396,33.3378254552275,15.1386112761087
25,2051,Asymmetric ET-NMPC,119,11.8,36.1057246225739,33.7913968081656,15.240748680099
25,2051,Asymmetric ET-NMPC,120,11.9,36.2996049237172,34.2449778110374,15.3224475335939
25,2051,Asymmetric ET-NMPC,121,12,36.5026719242561,34.6976752032338,15.3843253518386
25,2051,Asymmetric ET-NMPC,122,12.1,36.7141639852919,35.1487215401403,15.4270840945943
25,2051,Asymmetric ET-NMPC,123,12.2,36.9352068516504,35.5965980517101,15.4504653181734
25,2051,Asymmetric ET-NMPC,124,12.3,37.169069585656,36.038525375957,15.4533742230276
25,2051,Asymmetric ET-NMPC,125,12.4,37.4174589709232,36.4720473844538,15.4343641879016
25,2051,Asymmetric ET-NMPC,126,12.5,37.6784384056924,36.8962228623548,15.390037011418
25,2051,Asymmetric ET-NMPC,127,12.6,37.944676385893,37.3057036772403,15.3200892459714
25,2051,Asymmetric ET-NMPC,128,12.7,38.2087366517913,37.6961553921044,15.2270514196158
25,2051,Asymmetric ET-NMPC,129,12.8,38.465855630701,38.0659695659535,15.1133759956335
25,2051,Asymmetric ET-NMPC,130,12.9,38.7123222699948,38.4159528602899,14.9798696897126
25,2051,Asymmetric ET-NMPC,131,13,38.9454531649804,38.7469340730951,14.8273613096621
25,2051,Asymmetric ET-NMPC,132,13.1,39.163359821062,39.0596365660753,14.6565742274872
25,2051,Asymmetric ET-NMPC,133,13.2,39.3647366294044,39.3546364398574,14.468084563375
25,2051,Asymmetric ET-NMPC,134,13.3,39.5487956227744,39.6323141460144,14.2622733579529
25,2051,Asymmetric ET-NMPC,135,13.4,39.713652620276,39.8907895614074,14.0437124315896
25,2051,Asymmetric ET-NMPC,136,13.5,39.8578459576665,40.1286010606481,13.8183680164432
25,2051,Asymmetric ET-NMPC,137,13.6,39.9808327743708,40.3452056701254,13.592281100828
25,2051,Asymmetric ET-NMPC,138,13.7,40.0828434960087,40.5408158682818,13.3705803143779
25,2051,Asymmetric ET-NMPC,139,13.8,40.1652043928161,40.7154209221342,13.1574040981164
25,2051,Asymmetric ET-NMPC,140,13.9,40.2295783890333,40.8690757118634,12.9559563873151
25,2051,Asymmetric ET-NMPC,141,14,40.2777191781325,41.001826425395,12.7686332149128
25,2051,Asymmetric ET-NMPC,142,14.1,40.3113719368043,41.1136436297365,12.5971809330754
25,2051,Asymmetric ET-NMPC,143,14.2,40.3322335218367,41.2043858681731,12.4428234366719
25,2051,Asymmetric ET-NMPC,144,14.3,40.3419379011196,41.2737727837577,12.3063395785593
25,2051,Asymmetric ET-NMPC,145,14.4,40.342053078216,41.3213584570544,12.1880972400141
25,2051,Asymmetric ET-NMPC,146,14.5,40.3340893891221,41.3465158181426,12.0880676094653
25,2051,Asymmetric ET-NMPC,147,14.6,40.3195135014847,41.3484437514455,12.0058332736651
25,2051,Asymmetric ET-NMPC,148,14.7,40.2997560589911,41.3261973473698,11.9405916687099
25,2051,Asymmetric ET-NMPC,149,14.8,40.2762045996801,41.2787402375789,11.8911622664392
25,2051,Asymmetric ET-NMPC,150,14.9,40.2500772634002,41.2053525373379,11.8565979015634
25,2051,Asymmetric ET-NMPC,151,15,40.2225899413259,41.1122986144993,11.8355716589322
25,2051,Asymmetric ET-NMPC,152,15.1,40.19494806699,41.0074176997859,11.8251938103899
25,2051,Asymmetric ET-NMPC,153,15.2,40.1680611534564,40.896965580167,11.8229700133391
25,2051,Asymmetric ET-NMPC,154,15.3,40.1425879767388,40.785812586786,11.8268168146908
25,2051,Asymmetric ET-NMPC,155,15.4,40.1189783849748,40.6776358471619,11.8350322278281
25,2051,Asymmetric ET-NMPC,156,15.5,40.0995999112053,40.5861958776892,11.8442466807304
25,2051,Asymmetric ET-NMPC,157,15.6,40.0836554118671,40.5086351821152,11.8539961532054
25,2051,Asymmetric ET-NMPC,158,15.7,40.0705022641063,40.4426187776596,11.8639358503233
25,2051,Symmetric-energy ET-NMPC,1,0,0,0,3
25,2051,Symmetric-energy ET-NMPC,2,0.1,0,0,3
25,2051,Symmetric-energy ET-NMPC,3,0.2,0.0209497155622598,0.0209497155622598,3.00471368600151
25,2051,Symmetric-energy ET-NMPC,4,0.3,0.0628491466867795,0.0628491466867795,3.01414105800453
25,2051,Symmetric-energy ET-NMPC,5,0.4,0.125698293373559,0.125698293373559,3.02828211600905
25,2051,Symmetric-energy ET-NMPC,6,0.5,0.209497155622598,0.209497155622598,3.04713686001508
25,2051,Symmetric-energy ET-NMPC,7,0.6,0.314245733433897,0.314245733433897,3.07070529002263
25,2051,Symmetric-energy ET-NMPC,8,0.7,0.439944026807456,0.439944026807456,3.09898740603168
25,2051,Symmetric-energy ET-NMPC,9,0.8,0.586592035743275,0.586592035743275,3.13198320804224
25,2051,Symmetric-energy ET-NMPC,10,0.9,0.754189760241354,0.754189760241354,3.16969269605431
25,2051,Symmetric-energy ET-NMPC,11,1,0.942737200301692,0.942737200301692,3.21211587006788
25,2051,Symmetric-energy ET-NMPC,12,1.1,1.15223435592429,1.15223435592429,3.25925273008297
25,2051,Symmetric-energy ET-NMPC,13,1.2,1.38268122710915,1.38268122710915,3.31110327609956
25,2051,Symmetric-energy ET-NMPC,14,1.3,1.63407781385627,1.63407781385627,3.36766750811766
25,2051,Symmetric-energy ET-NMPC,15,1.4,1.90642411616564,1.90642411616564,3.42894542613727
25,2051,Symmetric-energy ET-NMPC,16,1.5,2.19972013403728,2.19972013403728,3.49493703015839
25,2051,Symmetric-energy ET-NMPC,17,1.6,2.5104742482108,2.5104742482108,3.56485670584743
25,2051,Symmetric-energy ET-NMPC,18,1.7,2.83432193461074,2.83432193461074,3.63772243528742
25,2051,Symmetric-energy ET-NMPC,19,1.8,3.16798980018048,3.16798980018048,3.71279770504061
25,2051,Symmetric-energy ET-NMPC,20,1.9,3.50902280012758,3.50902280012758,3.78953013002871
25,2051,Symmetric-energy ET-NMPC,21,2,3.85557965085769,3.85557965085769,3.86750542144298
25,2051,Symmetric-energy ET-NMPC,22,2.1,4.20474157689536,4.20474157689536,3.94606685480146
25,2051,Symmetric-energy ET-NMPC,23,2.2,4.55390350293302,4.55390350293302,4.02462828815993
25,2051,Symmetric-energy ET-NMPC,24,2.3,4.90306542897069,4.90306542897069,4.1031897215184
25,2051,Symmetric-energy ET-NMPC,25,2.4,5.25222735500835,5.25222735500835,4.18175115487688
25,2051,Symmetric-energy ET-NMPC,26,2.5,5.60138928104601,5.60138928104601,4.26031258823535
25,2051,Symmetric-energy ET-NMPC,27,2.6,5.95055120708368,5.95055120708368,4.33887402159383
25,2051,Symmetric-energy ET-NMPC,28,2.7,6.29971313312134,6.29971313312134,4.4174354549523
25,2051,Symmetric-energy ET-NMPC,29,2.8,6.64887505915901,6.64887505915901,4.49599688831078
25,2051,Symmetric-energy ET-NMPC,30,2.9,6.99803698519667,6.99803698519667,4.57455832166925
25,2051,Symmetric-energy ET-NMPC,31,3,7.36532052908592,7.32561148038727,4.66286318274031
25,2051,Symmetric-energy ET-NMPC,32,3.1,7.74934607570227,7.63060351182199,4.76035287607929
25,2051,Symmetric-energy ET-NMPC,33,3.2,8.14873896040413,7.91217041864696,4.86620844102772
25,2051,Symmetric-energy ET-NMPC,34,3.3,8.56135101669085,8.1700033791504,4.98141892442605
25,2051,Symmetric-energy ET-NMPC,35,3.4,8.98849573350628,8.40302960657202,5.09651092341084
25,2051,Symmetric-energy ET-NMPC,36,3.5,9.42980701189713,8.6142787228252,5.19955541112022
25,2051,Symmetric-energy ET-NMPC,37,3.6,9.8660290933355,8.83254742102034,5.30941473504753
25,2051,Symmetric-energy ET-NMPC,38,3.7,10.2966074825382,9.05620791125353,5.43015510054422
25,2051,Symmetric-energy ET-NMPC,39,3.8,10.7239324870126,9.28776444717697,5.54752166827989
25,2051,Symmetric-energy ET-NMPC,40,3.9,11.1457509751948,9.52386470300776,5.67529424837587
25,2051,Symmetric-energy ET-NMPC,41,4,11.5634816454736,9.76604585924849,5.805099389531
25,2051,Symmetric-energy ET-NMPC,42,4.1,11.9798515349719,10.0133731293533,5.92945909595443
25,2051,Symmetric-energy ET-NMPC,43,4.2,12.3958146901131,10.2652293813406,6.04583384364407
25,2051,Symmetric-energy ET-NMPC,44,4.3,12.812878904274,10.5220813373662,6.14625552433185
25,2051,Symmetric-energy ET-NMPC,45,4.4,13.2292566775668,10.7856631010058,6.23083805080402
25,2051,Symmetric-energy ET-NMPC,46,4.5,13.6422445462881,11.0543207205935,6.3160677623278
25,2051,Symmetric-energy ET-NMPC,47,4.6,14.0517461926265,11.3274849000938,6.40375888322439
25,2051,Symmetric-energy ET-NMPC,48,4.7,14.4583002101965,11.6052849529873,6.49059759239293
25,2051,Symmetric-energy ET-NMPC,49,4.8,14.8625287937389,11.8878444077866,6.57281320375013
25,2051,Symmetric-energy ET-NMPC,50,4.9,15.2643582850149,12.1747524550926,6.65166009545739
25,2051,Symmetric-energy ET-NMPC,51,5,15.6642514736321,12.4659992029891,6.72419125798289
25,2051,Symmetric-energy ET-NMPC,52,5.1,16.0622777166742,12.7613136467854,6.79025553830984
25,2051,Symmetric-energy ET-NMPC,53,5.2,16.4574044934456,13.0614630230365,6.85177937283189
25,2051,Symmetric-energy ET-NMPC,54,5.3,16.8468720818915,13.3710049074814,6.90176756468212
25,2051,Symmetric-energy ET-NMPC,55,5.4,17.2327952913736,13.6850741562424,6.95099949909121
25,2051,Symmetric-energy ET-NMPC,56,5.5,17.6173521372925,14.0017333682863,6.99392939176172
25,2051,Symmetric-energy ET-NMPC,57,5.6,18.0019028774363,14.3185060155844,7.03606984950234
25,2051,Symmetric-energy ET-NMPC,58,5.7,18.3816025753912,14.6435255278719,7.04987042939569
25,2051,Symmetric-energy ET-NMPC,59,5.8,18.7703967256667,14.9568986988606,7.07509669380532
25,2051,Symmetric-energy ET-NMPC,60,5.9,19.1699921937035,15.2541414727993,7.11948357548901
25,2051,Symmetric-energy ET-NMPC,61,6,19.5776826233213,15.5427315603055,7.1419396435155
25,2051,Symmetric-energy ET-NMPC,62,6.1,19.9919463718237,15.8227030973548,7.14315829812495
25,2051,Symmetric-energy ET-NMPC,63,6.2,20.4144743861522,16.0893599486868,7.12407425386633
25,2051,Symmetric-energy ET-NMPC,64,6.3,20.8472565225045,16.3370022130432,7.08702116548237
25,2051,Symmetric-energy ET-NMPC,65,6.4,21.2902682547906,16.5628517048811,7.03474677315311
25,2051,Symmetric-energy ET-NMPC,66,6.5,21.7414585468343,16.7672394160388,6.96653398920964
25,2051,Symmetric-energy ET-NMPC,67,6.6,22.2028752340659,16.9464199600759,6.89590132408376
25,2051,Symmetric-energy ET-NMPC,68,6.7,22.669520821587,17.1041918488971,6.81016961032015
25,2051,Symmetric-energy ET-NMPC,69,6.8,23.130049648663,17.2821328414095,6.73111138737197
25,2051,Symmetric-energy ET-NMPC,70,6.9,23.5859616727307,17.4794194375337,6.67434673904059
25,2051,Symmetric-energy ET-NMPC,71,7,24.0191344109502,17.6857128194757,6.60115254860171
25,2051,Symmetric-energy ET-NMPC,72,7.1,24.4313289246581,17.8966550058306,6.50702267776136
25,2051,Symmetric-energy ET-NMPC,73,7.2,24.8630271075548,18.1193960807148,6.43239647625906
25,2051,Symmetric-energy ET-NMPC,74,7.3,25.3011983656453,18.3536582353303,6.37647517890033
25,2051,Symmetric-energy ET-NMPC,75,7.4,25.7373483725361,18.595381876121,6.33983022055685
25,2051,Symmetric-energy ET-NMPC,76,7.5,26.1658237783658,18.8526361518304,6.32469535258944
25,2051,Symmetric-energy ET-NMPC,77,7.6,26.57744912685,19.1274414329096,6.32711148966339
25,2051,Symmetric-energy ET-NMPC,78,7.7,26.9825601104807,19.4195749009754,6.35041659162846
25,2051,Symmetric-energy ET-NMPC,79,7.8,27.3826145720519,19.716776967919,6.3907571318005
25,2051,Symmetric-energy ET-NMPC,80,7.9,27.7795201790961,20.0158743808144,6.44559030329567
25,2051,Symmetric-energy ET-NMPC,81,8,28.1731050290809,20.3165249082749,6.51414849901404
25,2051,Symmetric-energy ET-NMPC,82,8.1,28.5632429132289,20.6184254423713,6.59568682659574
25,2051,Symmetric-energy ET-NMPC,83,8.2,28.9498477637598,20.9213088918236,6.68948611014258
25,2051,Symmetric-energy ET-NMPC,84,8.3,29.3328684807852,21.2249411022688,6.79485503871962
25,2051,Symmetric-energy ET-NMPC,85,8.4,29.7122841669763,21.5291178613301,6.91113158974805
25,2051,Symmetric-energy ET-NMPC,86,8.5,30.0880997780335,21.8336620314173,7.03768385148839
25,2051,Symmetric-energy ET-NMPC,87,8.6,30.4568696826664,22.1415150554409,7.17637513829695
25,2051,Symmetric-energy ET-NMPC,88,8.7,30.8153307667704,22.4691704703542,7.29531873947407
25,2051,Symmetric-energy ET-NMPC,89,8.8,31.1646906488183,22.8012285583964,7.42830407318139
25,2051,Symmetric-energy ET-NMPC,90,8.9,31.4985592525386,23.1423817573834,7.57712023584801
25,2051,Symmetric-energy ET-NMPC,91,9,31.8171047588279,23.4893437038526,7.74488843344563
25,2051,Symmetric-energy ET-NMPC,92,9.1,32.1137976544407,23.8481453140197,7.92719238357946
25,2051,Symmetric-energy ET-NMPC,93,9.2,32.4126735091078,24.1857899556539,8.13065330354045
25,2051,Symmetric-energy ET-NMPC,94,9.3,32.6984793028983,24.5043404429809,8.35320837915114
25,2051,Symmetric-energy ET-NMPC,95,9.4,32.9669645881183,24.8055704231665,8.59308396327682
25,2051,Symmetric-energy ET-NMPC,96,9.5,33.2174909971888,25.1227677931638,8.85091842348233
25,2051,Symmetric-energy ET-NMPC,97,9.6,33.4506968980165,25.4572856710447,9.12607339178846
25,2051,Symmetric-energy ET-NMPC,98,9.7,33.6665822906439,25.7744830410161,9.41854886821209
25,2051,Symmetric-energy ET-NMPC,99,9.8,33.8651471750938,26.1090009189781,9.72834485269476
25,2051,Symmetric-energy ET-NMPC,100,9.9,34.0463915514513,26.4261982888838,10.0554613452557
25,2051,Symmetric-energy ET-NMPC,101,10,34.2103154186647,26.7260751528236,10.3998983469337
25,2051,Symmetric-energy ET-NMPC,102,10.1,34.3560541350222,27.0414017464694,10.7595222697951
25,2051,Symmetric-energy ET-NMPC,103,10.2,34.4798006341551,27.3619475230507,11.1227538888321
25,2051,Symmetric-energy ET-NMPC,104,10.3,34.5821522381062,27.6868790159947,11.4887370497314
25,2051,Symmetric-energy ET-NMPC,105,10.4,34.6637789214746,28.0154281830659,11.8566942882511
25,2051,Symmetric-energy ET-NMPC,106,10.5,34.7254069899586,28.3468937274181,12.2259267002659
25,2051,Symmetric-energy ET-NMPC,107,10.6,34.7697145496969,28.6956797806048,12.5778386056337
25,2051,Symmetric-energy ET-NMPC,108,10.7,34.7967016019958,29.0617863424487,12.912430002871
25,2051,Symmetric-energy ET-NMPC,109,10.8,34.8410091618452,29.4452134126562,13.2297008917953
25,2051,Symmetric-energy ET-NMPC,110,10.9,34.9021059363882,29.8425061599227,13.5270654107109
25,2051,Symmetric-energy ET-NMPC,111,11,34.9795265617808,30.2518498202666,13.8035501562215
25,2051,Symmetric-energy ET-NMPC,112,11.1,35.0727539824696,30.6716970232032,14.0585736339996
25,2051,Symmetric-energy ET-NMPC,113,11.2,35.1811886916256,31.1005078928092,14.291732704074
25,2051,Symmetric-energy ET-NMPC,114,11.3,35.3041632001229,31.5367743787063,14.502798626342
25,2051,Symmetric-energy ET-NMPC,115,11.4,35.440957016522,31.9790416605118,14.6917089310884
25,2051,Symmetric-energy ET-NMPC,116,11.5,35.5908115168866,32.4259261296037,14.8585558669455
25,2051,Symmetric-energy ET-NMPC,117,11.6,35.7529441725653,32.8761296934026,15.0035722560378
25,2051,Symmetric-energy ET-NMPC,118,11.7,35.9265617110313,33.3284503688932,15.1271155960475
25,2051,Symmetric-energy ET-NMPC,119,11.8,36.1108719036021,33.7817893172625,15.2296512035499
25,2051,Symmetric-energy ET-NMPC,120,11.9,36.3050938057061,34.2351546081725,15.3117350980801
25,2051,Symmetric-energy ET-NMPC,121,12,36.5084755820797,34.6876585911443,15.3739926151664
25,2051,Symmetric-energy ET-NMPC,122,12.1,36.7202731873985,35.138526763878,15.4171164507684
25,2051,Symmetric-energy ET-NMPC,123,12.2,36.9414940203044,35.5862937203741,15.4409092177071
25,2051,Symmetric-energy ET-NMPC,124,12.3,37.1754135536824,36.0281878591099,15.444259151321
25,2051,Symmetric-energy ET-NMPC,125,12.4,37.423680061596,36.4617955585024,15.425601603898
25,2051,Symmetric-energy ET-NMPC,126,12.5,37.6843901949833,36.8861635372876,15.3815329650377
25,2051,Symmetric-energy ET-NMPC,127,12.6,37.9502690520079,37.2959786448184,15.3117447182059
25,2051,Symmetric-energy ET-NMPC,128,12.7,38.2138916563748,37.6868676614042,15.2187894170622
25,2051,Symmetric-energy ET-NMPC,129,12.8,38.4705360870965,38.0571253641275,15.1052027325214
25,2051,Symmetric-energy ET-NMPC,130,12.9,38.7165104279182,38.4075569596433,14.9717899375571
25,2051,Symmetric-energy ET-NMPC,131,13,38.9491435372776,38.7389883995337,14.8193769944544
25,2051,Symmetric-energy ET-NMPC,132,13.1,39.1665557663482,39.0521397209716,14.6486839508979
25,2051,Symmetric-energy ET-NMPC,133,13.2,39.3674474781078,39.34758406833,14.4602839715048
25,2051,Symmetric-energy ET-NMPC,134,13.3,39.5510224173872,39.6257055757269,14.2545620809431
25,2051,Symmetric-energy ET-NMPC,135,13.4,39.7153579748117,39.8845873972801,14.0362037084944
25,2051,Symmetric-energy ET-NMPC,136,13.5,39.8590109538835,40.1227863749898,13.8111781834875
25,2051,Symmetric-energy ET-NMPC,137,13.6,39.9814560091286,40.3397767710428,13.5855045604448
25,2051,Symmetric-energy ET-NMPC,138,13.7,40.0829487725054,40.535762408344,13.3642808334961
25,2051,Symmetric-energy ET-NMPC,139,13.8,40.1648474659983,40.7107081603422,13.1516242327764
25,2051,Symmetric-energy ET-NMPC,140,13.9,40.2288133181163,40.8646634606663,12.950707058735
25,2051,Symmetric-energy ET-NMPC,141,14,40.2765920341421,40.9976607079195,12.763887282915
25,2051,Symmetric-energy ET-NMPC,142,14.1,40.3099152382658,41.1096440491446,12.5928616176776
25,2051,Symmetric-energy ET-NMPC,143,14.2,40.3304634720819,41.2004299546311,12.4387908588611
25,2051,Symmetric-energy ET-NMPC,144,14.3,40.3398599555458,41.2696869742789,12.302387741048
25,2051,Symmetric-energy ET-NMPC,145,14.4,40.3396770267104,41.3169275810213,12.1839710743241
25,2051,Symmetric-energy ET-NMPC,146,14.5,40.3314450955041,41.34150983576,12.0834935448512
25,2051,Symmetric-energy ET-NMPC,147,14.6,40.3166578518654,41.3426500481065,12.0005516513061
25,2051,Symmetric-energy ET-NMPC,148,14.7,40.2967691805451,41.3194495228781,11.9343878366116
25,2051,Symmetric-energy ET-NMPC,149,14.8,40.2731784531057,41.2709381651478,11.8838974560832
25,2051,Symmetric-energy ET-NMPC,150,14.9,40.2470715120891,41.1965881862652,11.8484415135614
25,2051,Symmetric-energy ET-NMPC,151,15,40.2196942021227,41.1030882473055,11.8266081822112
25,2051,Symmetric-energy ET-NMPC,152,15.1,40.1922261284819,40.9981628126318,11.8156861650067
25,2051,Symmetric-energy ET-NMPC,153,15.2,40.1655554109923,40.8879688875447,11.8132969126141
25,2051,Symmetric-energy ET-NMPC,154,15.3,40.14032343485,40.7772931320367,11.8173865382005
25,2051,Symmetric-energy ET-NMPC,155,15.4,40.1169662090324,40.6697429790766,11.8262095197163
25,2051,Symmetric-energy ET-NMPC,156,15.5,40.0978096822632,40.5789120093637,11.8360378760134
25,2051,Symmetric-energy ET-NMPC,157,15.6,40.082060789344,40.5019354709832,11.846393535027
25,2051,Symmetric-energy ET-NMPC,158,15.7,40.0690803706554,40.4364736539296,11.8569217388162
26,2052,Asymmetric ET-NMPC,1,0,0,0,3
26,2052,Asymmetric ET-NMPC,2,0.1,0,0,3
26,2052,Asymmetric ET-NMPC,3,0.2,0.0209497155622598,0.0209497155622598,3.00471368600151
26,2052,Asymmetric ET-NMPC,4,0.3,0.0628491466867795,0.0628491466867795,3.01414105800453
26,2052,Asymmetric ET-NMPC,5,0.4,0.125698293373559,0.125698293373559,3.02828211600905
26,2052,Asymmetric ET-NMPC,6,0.5,0.209497155622598,0.209497155622598,3.04713686001508
26,2052,Asymmetric ET-NMPC,7,0.6,0.314245733433897,0.314245733433897,3.07070529002263
26,2052,Asymmetric ET-NMPC,8,0.7,0.439944026807456,0.439944026807456,3.09898740603168
26,2052,Asymmetric ET-NMPC,9,0.8,0.586592035743275,0.586592035743275,3.13198320804224
26,2052,Asymmetric ET-NMPC,10,0.9,0.754189760241354,0.754189760241354,3.16969269605431
26,2052,Asymmetric ET-NMPC,11,1,0.942737200301692,0.942737200301692,3.21211587006788
26,2052,Asymmetric ET-NMPC,12,1.1,1.15223435592429,1.15223435592429,3.25925273008297
26,2052,Asymmetric ET-NMPC,13,1.2,1.38268122710915,1.38268122710915,3.31110327609956
26,2052,Asymmetric ET-NMPC,14,1.3,1.63407781385627,1.63407781385627,3.36766750811766
26,2052,Asymmetric ET-NMPC,15,1.4,1.90642411616564,1.90642411616564,3.42894542613727
26,2052,Asymmetric ET-NMPC,16,1.5,2.19972013403728,2.19972013403728,3.49493703015839
26,2052,Asymmetric ET-NMPC,17,1.6,2.5104742482108,2.5104742482108,3.56485670584743
26,2052,Asymmetric ET-NMPC,18,1.7,2.83432193461074,2.83432193461074,3.63772243528742
26,2052,Asymmetric ET-NMPC,19,1.8,3.16798980018048,3.16798980018048,3.71279770504061
26,2052,Asymmetric ET-NMPC,20,1.9,3.50902280012758,3.50902280012758,3.78953013002871
26,2052,Asymmetric ET-NMPC,21,2,3.85557965085769,3.85557965085769,3.86750542144298
26,2052,Asymmetric ET-NMPC,22,2.1,4.20474157689536,4.20474157689536,3.94606685480146
26,2052,Asymmetric ET-NMPC,23,2.2,4.55390350293302,4.55390350293302,4.02462828815993
26,2052,Asymmetric ET-NMPC,24,2.3,4.90306542897069,4.90306542897069,4.1031897215184
26,2052,Asymmetric ET-NMPC,25,2.4,5.25222735500835,5.25222735500835,4.18175115487688
26,2052,Asymmetric ET-NMPC,26,2.5,5.60138928104601,5.60138928104601,4.26031258823535
26,2052,Asymmetric ET-NMPC,27,2.6,5.95055120708368,5.95055120708368,4.33887402159383
26,2052,Asymmetric ET-NMPC,28,2.7,6.29971313312134,6.29971313312134,4.4174354549523
26,2052,Asymmetric ET-NMPC,29,2.8,6.64887505915901,6.64887505915901,4.49599688831078
26,2052,Asymmetric ET-NMPC,30,2.9,6.99803698519667,6.99803698519667,4.57455832166925
26,2052,Asymmetric ET-NMPC,31,3,7.34719891123433,7.34719891123433,4.65311975502772
26,2052,Asymmetric ET-NMPC,32,3.1,7.71272537662793,7.67564649876227,4.74538342796535
26,2052,Asymmetric ET-NMPC,33,3.2,8.09344542323149,7.9822867505059,4.85037867607107
26,2052,Asymmetric ET-NMPC,34,3.3,8.48916439687915,8.26569630214544,4.96477063354505
26,2052,Asymmetric ET-NMPC,35,3.4,8.89958188343454,8.52483323350539,5.08479370438936
26,2052,Asymmetric ET-NMPC,36,3.5,9.32451053071421,8.7591644813071,5.20531138369314
26,2052,Asymmetric ET-NMPC,37,3.6,9.74683902468764,9.0010677994728,5.31986018481543
26,2052,Asymmetric ET-NMPC,38,3.7,10.1667447411188,9.25016126119752,5.42771025034345
26,2052,Asymmetric ET-NMPC,39,3.8,10.5839124976987,9.50578550451547,5.53079909114711
26,2052,Asymmetric ET-NMPC,40,3.9,10.9981863093086,9.76737481713942,5.63053995807295
26,2052,Asymmetric ET-NMPC,41,4,11.4126357931941,10.0323466627092,5.72010304400933
26,2052,Asymmetric ET-NMPC,42,4.1,11.8285915311495,10.2981700754509,5.79959352960518
26,2052,Asymmetric ET-NMPC,43,4.2,12.2440047804111,10.5653585643159,5.87732475728097
26,2052,Asymmetric ET-NMPC,44,4.3,12.6646814897835,10.8262744090363,5.94770961478223
26,2052,Asymmetric ET-NMPC,45,4.4,13.0877219471926,11.0829927059367,6.01935099550335
26,2052,Asymmetric ET-NMPC,46,4.5,13.5084860838297,11.3430185359334,6.09245440892945
26,2052,Asymmetric ET-NMPC,47,4.6,13.9255763104188,11.6082326125828,6.16793444887947
26,2052,Asymmetric ET-NMPC,48,4.7,14.3391131910234,11.878288952619,6.24576003327236
26,2052,Asymmetric ET-NMPC,49,4.8,14.7493187992901,12.1529781969053,6.32498867720844
26,2052,Asymmetric ET-NMPC,50,4.9,15.1549608433372,12.4336675220842,6.40664671313843
26,2052,Asymmetric ET-NMPC,51,5,15.5570804596507,12.7194208016229,6.48816283061682
26,2052,Asymmetric ET-NMPC,52,5.1,15.954839152084,13.0102859837998,6.57292997278278
26,2052,Asymmetric ET-NMPC,53,5.2,16.3475394851752,13.3073755256213,6.65967242219672
26,2052,Asymmetric ET-NMPC,54,5.3,16.7353999998916,13.6105554341791,6.74711476989419
26,2052,Asymmetric ET-NMPC,55,5.4,17.1201776999449,13.9175879458558,6.83473416452301
26,2052,Asymmetric ET-NMPC,56,5.5,17.5014832039441,14.2296664745833,6.91966416232861
26,2052,Asymmetric ET-NMPC,57,5.6,17.8861374352059,14.5375508568464,7.00480128426042
26,2052,Asymmetric ET-NMPC,58,5.7,18.2804597460292,14.8280589475074,7.10537446382349
26,2052,Asymmetric ET-NMPC,59,5.8,18.6853224598074,15.0980358619084,7.22025983575005
26,2052,Asymmetric ET-NMPC,60,5.9,19.1015463620791,15.3457874524275,7.34426311221081
26,2052,Asymmetric ET-NMPC,61,6,19.5258940328757,15.5724958713069,7.48039667566466
26,2052,Asymmetric ET-NMPC,62,6.1,19.9618193097868,15.7832357813409,7.60512775947656
26,2052,Asymmetric ET-NMPC,63,6.2,20.4063087809768,15.9888964134355,7.70578964107871
26,2052,Asymmetric ET-NMPC,64,6.3,20.8601777788729,16.1801241238322,7.79201548131954
26,2052,Asymmetric ET-NMPC,65,6.4,21.3185705151205,16.3693645702695,7.85576618945393
26,2052,Asymmetric ET-NMPC,66,6.5,21.7784411588877,16.5622985277813,7.8917589531711
26,2052,Asymmetric ET-NMPC,67,6.6,22.2144137227652,16.7535510808308,7.90969473329121
26,2052,Asymmetric ET-NMPC,68,6.7,22.6703454545658,16.9549653899786,7.90767129677285
26,2052,Asymmetric ET-NMPC,69,6.8,23.1253066152834,17.1602382297132,7.87811789585501
26,2052,Asymmetric ET-NMPC,70,6.9,23.5739576526642,17.3762258158368,7.83271294791254
26,2052,Asymmetric ET-NMPC,71,7,24.0032103124591,17.5914969894227,7.78437474744714
26,2052,Asymmetric ET-NMPC,72,7.1,24.4033164838809,17.8046041879816,7.73496372452962
26,2052,Asymmetric ET-NMPC,73,7.2,24.7782606574726,18.0055380796379,7.67465846165442
26,2052,Asymmetric ET-NMPC,74,7.3,25.1338074630217,18.1943276071673,7.63375053191988
26,2052,Asymmetric ET-NMPC,75,7.4,25.4650783647095,18.3660408256656,7.59721068661638
26,2052,Asymmetric ET-NMPC,76,7.5,25.7792108392385,18.5551648787893,7.57808167564592
26,2052,Asymmetric ET-NMPC,77,7.6,26.0938179917551,18.7654994799939,7.58016321230894
26,2052,Asymmetric ET-NMPC,78,7.7,26.4187111405665,18.9957614279703,7.60217209527948
26,2052,Asymmetric ET-NMPC,79,7.8,26.758882723349,19.2442794636349,7.64243706539144
26,2052,Asymmetric ET-NMPC,80,7.9,27.11637481409,19.5101180077592,7.70002254331211
26,2052,Asymmetric ET-NMPC,81,8,27.4911874129983,19.7932770603557,7.77492852882045
26,2052,Asymmetric ET-NMPC,82,8.1,27.8813264916271,20.0922286585009,7.86668604237169
26,2052,Asymmetric ET-NMPC,83,8.2,28.2677572560702,20.3921780911574,7.97013459065025
26,2052,Asymmetric ET-NMPC,84,8.3,28.6506281927034,20.693154635146,8.08337312583272
26,2052,Asymmetric ET-NMPC,85,8.4,29.0339527272666,20.9985903975237,8.18222299312006
26,2052,Asymmetric ET-NMPC,86,8.5,29.4156156543719,21.3067385368734,8.27906376081971
26,2052,Asymmetric ET-NMPC,87,8.6,29.7985171559371,21.6190884338872,8.35537877857273
26,2052,Asymmetric ET-NMPC,88,8.7,30.1725638737281,21.9434135875792,8.42539483096346
26,2052,Asymmetric ET-NMPC,89,8.8,30.5365445966164,22.2828289726756,8.47351166508232
26,2052,Asymmetric ET-NMPC,90,8.9,30.8843755099259,22.6406138135158,8.50519231234819
26,2052,Asymmetric ET-NMPC,91,9,31.2141023405645,23.0161595802747,8.52086375856468
26,2052,Asymmetric ET-NMPC,92,9.1,31.5253008537421,23.4075069796399,8.51922107595411
26,2052,Asymmetric ET-NMPC,93,9.2,31.8163049665283,23.8137239083655,8.50177363607676
26,2052,Asymmetric ET-NMPC,94,9.3,32.0870292178953,24.2326816277652,8.46738164460854
26,2052,Asymmetric ET-NMPC,95,9.4,32.3368195710667,24.6467871504468,8.41205575495231
26,2052,Asymmetric ET-NMPC,96,9.5,32.5692894139165,25.0782131830316,8.3394093612938
26,2052,Asymmetric ET-NMPC,97,9.6,32.7820036075741,25.5218806422945,8.2504607390008
26,2052,Asymmetric ET-NMPC,98,9.7,32.9748541373066,25.9776554523483,8.17920068215055
26,2052,Asymmetric ET-NMPC,99,9.8,33.146111798781,26.4440617891621,8.12320119674021
26,2052,Asymmetric ET-NMPC,100,9.9,33.2972969192813,26.91914074056,8.08521370829951
26,2052,Asymmetric ET-NMPC,101,10,33.4280088083766,27.4013638113674,8.06584073665795
26,2052,Asymmetric ET-NMPC,102,10.1,33.5378006354755,27.8891606119647,8.0660305503233
26,2052,Asymmetric ET-NMPC,103,10.2,33.6264081303972,28.3808239548488,8.08642341936632
26,2052,Asymmetric ET-NMPC,104,10.3,33.7140578130926,28.8707043063755,8.13474292175827
26,2052,Asymmetric ET-NMPC,105,10.4,33.8195653736037,29.3548057616135,8.20192875145077
26,2052,Asymmetric ET-NMPC,106,10.5,33.9406643694871,29.8325766564568,8.28601207462912
26,2052,Asymmetric ET-NMPC,107,10.6,34.0817471690226,30.3008082415322,8.39019857285688
26,2052,Asymmetric ET-NMPC,108,10.7,34.2406248146197,30.752709270193,8.5121799124953
26,2052,Asymmetric ET-NMPC,109,10.8,34.4168229733677,31.1872897944989,8.65148175885486
26,2052,Asymmetric ET-NMPC,110,10.9,34.6103416445015,31.6045498099156,8.80810410816664
26,2052,Asymmetric ET-NMPC,111,11,34.8211808356405,32.0044893094964,8.98204694586437
26,2052,Asymmetric ET-NMPC,112,11.1,35.0493405430467,32.3871082945984,9.17331027704316
26,2052,Asymmetric ET-NMPC,113,11.2,35.2962948576618,32.7558158632585,9.38336816148722
26,2052,Asymmetric ET-NMPC,114,11.3,35.5510478148063,33.1275436534,9.59997698139682
26,2052,Asymmetric ET-NMPC,115,11.4,35.81020675631,33.4971544094736,9.81497589309979
26,2052,Asymmetric ET-NMPC,116,11.5,36.0745190026476,33.8658424040923,10.0252333520874
26,2052,Asymmetric ET-NMPC,117,11.6,36.3444730204908,34.2345526337669,10.2281559845947
26,2052,Asymmetric ET-NMPC,118,11.7,36.6203065264477,34.60394875824,10.4217079936665
26,2052,Asymmetric ET-NMPC,119,11.8,36.9017458294993,34.9746631400081,10.6043627659779
26,2052,Asymmetric ET-NMPC,120,11.9,37.1841431256889,35.3505014538841,10.7746487869182
26,2052,Asymmetric ET-NMPC,121,12,37.4622408252181,35.7351841375871,10.9317503539874
26,2052,Asymmetric ET-NMPC,122,12.1,37.7323999802178,36.1306828351065,11.0752592778573
26,2052,Asymmetric ET-NMPC,123,12.2,37.9972720781328,36.5332625144089,11.2085723438295
26,2052,Asymmetric ET-NMPC,124,12.3,38.2557784691165,36.9361545444123,11.3326384673704
26,2052,Asymmetric ET-NMPC,125,12.4,38.5024479206089,37.327784369263,11.4460624637184
26,2052,Asymmetric ET-NMPC,126,12.5,38.7333167586063,37.7006565352758,11.5480681385076
26,2052,Asymmetric ET-NMPC,127,12.6,38.9471050824943,38.0513579861103,11.6392703219052
26,2052,Asymmetric ET-NMPC,128,12.7,39.1442335097914,38.3790306196959,11.7208745147998
26,2052,Asymmetric ET-NMPC,129,12.8,39.3242621384067,38.6838423982541,11.793260345993
26,2052,Asymmetric ET-NMPC,130,12.9,39.4865658535069,38.9662181849121,11.8565657747538
26,2052,Asymmetric ET-NMPC,131,13,39.6308063503645,39.2263386828499,11.9110155685456
26,2052,Asymmetric ET-NMPC,132,13.1,39.7569188622528,39.4641335488446,11.9569247347673
26,2052,Asymmetric ET-NMPC,133,13.2,39.8689222958549,39.6760430275257,11.9972768663897
26,2052,Symmetric-energy ET-NMPC,1,0,0,0,3
26,2052,Symmetric-energy ET-NMPC,2,0.1,0,0,3
26,2052,Symmetric-energy ET-NMPC,3,0.2,0.0209497155622598,0.0209497155622598,3.00471368600151
26,2052,Symmetric-energy ET-NMPC,4,0.3,0.0628491466867795,0.0628491466867795,3.01414105800453
26,2052,Symmetric-energy ET-NMPC,5,0.4,0.125698293373559,0.125698293373559,3.02828211600905
26,2052,Symmetric-energy ET-NMPC,6,0.5,0.209497155622598,0.209497155622598,3.04713686001508
26,2052,Symmetric-energy ET-NMPC,7,0.6,0.314245733433897,0.314245733433897,3.07070529002263
26,2052,Symmetric-energy ET-NMPC,8,0.7,0.439944026807456,0.439944026807456,3.09898740603168
26,2052,Symmetric-energy ET-NMPC,9,0.8,0.586592035743275,0.586592035743275,3.13198320804224
26,2052,Symmetric-energy ET-NMPC,10,0.9,0.754189760241354,0.754189760241354,3.16969269605431
26,2052,Symmetric-energy ET-NMPC,11,1,0.942737200301692,0.942737200301692,3.21211587006788
26,2052,Symmetric-energy ET-NMPC,12,1.1,1.15223435592429,1.15223435592429,3.25925273008297
26,2052,Symmetric-energy ET-NMPC,13,1.2,1.38268122710915,1.38268122710915,3.31110327609956
26,2052,Symmetric-energy ET-NMPC,14,1.3,1.63407781385627,1.63407781385627,3.36766750811766
26,2052,Symmetric-energy ET-NMPC,15,1.4,1.90642411616564,1.90642411616564,3.42894542613727
26,2052,Symmetric-energy ET-NMPC,16,1.5,2.19972013403728,2.19972013403728,3.49493703015839
26,2052,Symmetric-energy ET-NMPC,17,1.6,2.5104742482108,2.5104742482108,3.56485670584743
26,2052,Symmetric-energy ET-NMPC,18,1.7,2.83432193461074,2.83432193461074,3.63772243528742
26,2052,Symmetric-energy ET-NMPC,19,1.8,3.16798980018048,3.16798980018048,3.71279770504061
26,2052,Symmetric-energy ET-NMPC,20,1.9,3.50902280012758,3.50902280012758,3.78953013002871
26,2052,Symmetric-energy ET-NMPC,21,2,3.85557965085769,3.85557965085769,3.86750542144298
26,2052,Symmetric-energy ET-NMPC,22,2.1,4.20474157689536,4.20474157689536,3.94606685480146
26,2052,Symmetric-energy ET-NMPC,23,2.2,4.55390350293302,4.55390350293302,4.02462828815993
26,2052,Symmetric-energy ET-NMPC,24,2.3,4.90306542897069,4.90306542897069,4.1031897215184
26,2052,Symmetric-energy ET-NMPC,25,2.4,5.25222735500835,5.25222735500835,4.18175115487688
26,2052,Symmetric-energy ET-NMPC,26,2.5,5.60138928104601,5.60138928104601,4.26031258823535
26,2052,Symmetric-energy ET-NMPC,27,2.6,5.95055120708368,5.95055120708368,4.33887402159383
26,2052,Symmetric-energy ET-NMPC,28,2.7,6.29971313312134,6.29971313312134,4.4174354549523
26,2052,Symmetric-energy ET-NMPC,29,2.8,6.64887505915901,6.64887505915901,4.49599688831078
26,2052,Symmetric-energy ET-NMPC,30,2.9,6.99803698519667,6.99803698519667,4.57455832166925
26,2052,Symmetric-energy ET-NMPC,31,3,7.34719891123433,7.34719891123433,4.65311975502772
26,2052,Symmetric-energy ET-NMPC,32,3.1,7.71270377638737,7.67565869238981,4.74542558210685
26,2052,Symmetric-energy ET-NMPC,33,3.2,8.09337871284356,7.98232434425216,4.85051017051977
26,2052,Symmetric-energy ET-NMPC,34,3.3,8.48903041865598,8.26576972538385,4.96504594485615
26,2052,Symmetric-energy ET-NMPC,35,3.4,8.89937050359231,8.52494623302433,5.08524807704077
26,2052,Symmetric-energy ET-NMPC,36,3.5,9.32421647808708,8.75931643706671,5.20598127633875
26,2052,Symmetric-energy ET-NMPC,37,3.6,9.74646398162313,9.00125496405623,5.32075407327127
26,2052,Symmetric-energy ET-NMPC,38,3.7,10.1662919889856,9.2503812332461,5.42883064905705
26,2052,Symmetric-energy ET-NMPC,39,3.8,10.5833854566275,9.50603590109979,5.5321443947789
26,2052,Symmetric-energy ET-NMPC,40,3.9,10.9975880645688,9.76765313731239,5.63210749442622
26,2052,Symmetric-energy ET-NMPC,41,4,11.4119845060639,10.0326318745381,5.72189534491007
26,2052,Symmetric-energy ET-NMPC,42,4.1,11.8279098287348,10.2984402740917,5.80159491007755
26,2052,Symmetric-energy ET-NMPC,43,4.2,12.2433057956701,10.5656000589234,5.87951692251649
26,2052,Symmetric-energy ET-NMPC,44,4.3,12.6639838560574,10.82646348803,5.95008774413223
26,2052,Symmetric-energy ET-NMPC,45,4.4,13.0870344214531,11.0831164489206,6.02190331893656
26,2052,Symmetric-energy ET-NMPC,46,4.5,13.5078137915127,11.3430774901225,6.09514933445605
26,2052,Symmetric-energy ET-NMPC,47,4.6,13.9249202857534,11.6082325722815,6.17074665496058
26,2052,Symmetric-energy ET-NMPC,48,4.7,14.3384725086923,11.8782330883613,6.24868432376671
26,2052,Symmetric-energy ET-NMPC,49,4.8,14.7486945519166,12.1528716412706,6.32800355541166
26,2052,Symmetric-energy ET-NMPC,50,4.9,15.1543581821197,12.4335086850284,6.40973401975204
26,2052,Symmetric-energy ET-NMPC,51,5,15.5565023324786,12.7192085286893,6.49131638098494
26,2052,Symmetric-energy ET-NMPC,52,5.1,15.9542901598962,13.0100171473114,6.57614085677761
26,2052,Symmetric-energy ET-NMPC,53,5.2,16.3470215922199,13.3070497160009,6.66293760327596
26,2052,Symmetric-energy ET-NMPC,54,5.3,16.7349125277697,13.6101781727842,6.75042337815622
26,2052,Symmetric-energy ET-NMPC,55,5.4,17.1197199235982,13.9171619630497,6.83808306461439
26,2052,Symmetric-energy ET-NMPC,56,5.5,17.5010476252067,14.2292040723779,6.92304720994602
26,2052,Symmetric-energy ET-NMPC,57,5.6,17.8856981116753,14.5370761594953,7.00824569134981
26,2052,Symmetric-energy ET-NMPC,58,5.7,18.2800395918186,14.8275437783719,7.10886059791192
26,2052,Symmetric-energy ET-NMPC,59,5.8,18.6849035532357,15.0974771277065,7.22384389958081
26,2052,Symmetric-energy ET-NMPC,60,5.9,19.1010854864759,15.3451876569599,7.34806987166975
26,2052,Symmetric-energy ET-NMPC,61,6,19.5254162146777,15.5718218289907,7.48437975822129
26,2052,Symmetric-energy ET-NMPC,62,6.1,19.9613425935501,15.7825398677314,7.60914393718489
26,2052,Symmetric-energy ET-NMPC,63,6.2,20.4058364055135,15.9881750620069,7.70983861431071
26,2052,Symmetric-energy ET-NMPC,64,6.3,20.8597087605672,16.1793144571078,7.79624241607023
26,2052,Symmetric-energy ET-NMPC,65,6.4,21.3180922827216,16.3685394718544,7.86010508444125
26,2052,Symmetric-energy ET-NMPC,66,6.5,21.7779417333123,16.5615003917979,7.89622386302007
26,2052,Symmetric-energy ET-NMPC,67,6.6,22.2141916855356,16.7528624210266,7.91388980373337
26,2052,Symmetric-energy ET-NMPC,68,6.7,22.6704018789494,16.9543819766981,7.91159544815172
26,2052,Symmetric-energy ET-NMPC,69,6.8,23.125357438746,17.1596146959136,7.88167940607453
26,2052,Symmetric-energy ET-NMPC,70,6.9,23.5739427651202,17.3755715999222,7.83548611031897
26,2052,Symmetric-energy ET-NMPC,71,7,24.0031709868968,17.5908589603242,7.78591574469278
26,2052,Symmetric-energy ET-NMPC,72,7.1,24.4032802412214,17.8040150194253,7.73528366267505
26,2052,Symmetric-energy ET-NMPC,73,7.2,24.8225804882401,18.0299543330796,7.70384257339988
26,2052,Symmetric-energy ET-NMPC,74,7.3,25.2238983714844,18.2399792108823,7.6903838456107
26,2052,Symmetric-energy ET-NMPC,75,7.4,25.6305868165145,18.4708746071824,7.69779563587335
26,2052,Symmetric-energy ET-NMPC,76,7.5,26.0347367344585,18.7229071260516,7.72634454821394
26,2052,Symmetric-energy ET-NMPC,77,7.6,26.427929458607,18.9946873020989,7.77464111712691
26,2052,Symmetric-energy ET-NMPC,78,7.7,26.8229296636668,19.2876421451344,7.8441123522875
26,2052,Symmetric-energy ET-NMPC,79,7.8,27.2128831071217,19.5885543212547,7.93006684140925
26,2052,Symmetric-energy ET-NMPC,80,7.9,27.5992348076323,19.8904389331621,8.02803645203478
26,2052,Symmetric-energy ET-NMPC,81,8,27.9819459051498,20.1930689862823,8.13734000543249
26,2052,Symmetric-energy ET-NMPC,82,8.1,28.3610062929059,20.4962464910127,8.25732593402288
26,2052,Symmetric-energy ET-NMPC,83,8.2,28.7364303911665,20.7997996618287,8.38737292142648
26,2052,Symmetric-energy ET-NMPC,84,8.3,29.1144082136149,21.108608828375,8.49586100553764
26,2052,Symmetric-energy ET-NMPC,85,8.4,29.4930679336834,21.4214490557589,8.58939072556286
26,2052,Symmetric-energy ET-NMPC,86,8.5,29.8729660841564,21.738200872462,8.66250489575232
26,2052,Symmetric-energy ET-NMPC,87,8.6,30.2397116837284,22.0737598921698,8.71633620158213
26,2052,Symmetric-energy ET-NMPC,88,8.7,30.5946109742514,22.424197112126,8.75155336296202
26,2052,Symmetric-energy ET-NMPC,89,8.8,30.9329228097192,22.7919569984223,8.76880931885254
26,2052,Symmetric-energy ET-NMPC,90,8.9,31.2530685629064,23.1760229987042,8.76874494723783
26,2052,Symmetric-energy ET-NMPC,91,9,31.5540237622602,23.5749308271899,8.75146743715153
26,2052,Symmetric-energy ET-NMPC,92,9.1,31.8349236160177,23.9871458460984,8.71720301908783
26,2052,Symmetric-energy ET-NMPC,93,9.2,32.0930616441633,24.4128575097953,8.67100412497211
26,2052,Symmetric-energy ET-NMPC,94,9.3,32.3299760234563,24.8487090803868,8.6085142434137
26,2052,Symmetric-energy ET-NMPC,95,9.4,32.5495698944448,25.2672401433651,8.52870385354585
26,2052,Symmetric-energy ET-NMPC,96,9.5,32.7518432563382,25.7030917149963,8.43157295719894
26,2052,Symmetric-energy ET-NMPC,97,9.6,32.9358157147253,26.1538616272601,8.31772823508708
26,2052,Symmetric-energy ET-NMPC,98,9.7,33.1004393416294,26.6162549125216,8.2223788186757
26,2052,Symmetric-energy ET-NMPC,99,9.8,33.2454654305282,27.0885532313782,8.14555609063277
26,2052,Symmetric-energy ET-NMPC,100,9.9,33.3706166371884,27.5691402486879,8.08747602292552
26,2052,Symmetric-energy ET-NMPC,101,10,33.4752651650259,28.0565602733347,8.0491301601144
26,2052,Symmetric-energy ET-NMPC,102,10.1,33.5609421220399,28.5488976846432,8.03290263834267
26,2052,Symmetric-energy ET-NMPC,103,10.2,33.6650815634568,29.0379063176557,8.03795571470347
26,2052,Symmetric-energy ET-NMPC,104,10.3,33.7866953662955,29.5222482170372,8.06291583214218
26,2052,Symmetric-energy ET-NMPC,105,10.4,33.9284968047629,29.9995371728125,8.10860614559588
26,2052,Symmetric-energy ET-NMPC,106,10.5,34.0900373217742,30.465838061049,8.17403553577556
26,2052,Symmetric-energy ET-NMPC,107,10.6,34.2689262129023,30.914874306159,8.25681329801781
26,2052,Symmetric-energy ET-NMPC,108,10.7,34.465135615488,31.3465900471874,8.35691156894801
26,2052,Symmetric-energy ET-NMPC,109,10.8,34.6786655299061,31.760985281075,8.47433034513195
26,2052,Symmetric-energy ET-NMPC,110,10.9,34.9095159547898,32.1580600064204,8.60906962653523
26,2052,Symmetric-energy ET-NMPC,111,11,35.1576868921756,32.5378142249676,8.76112941286531
26,2052,Symmetric-energy ET-NMPC,112,11.1,35.426247446781,32.9226289264669,8.93373553680078
26,2052,Symmetric-energy ET-NMPC,113,11.2,35.6966149713459,33.3029419769143,9.11335565070804
26,2052,Symmetric-energy ET-NMPC,114,11.3,35.9686186095422,33.6788970572016,9.29955929840102
26,2052,Symmetric-energy ET-NMPC,115,11.4,36.2421037687113,34.0506428714025,9.49194151519441
26,2052,Symmetric-energy ET-NMPC,116,11.5,36.5172654430035,34.418627788474,9.68910427488445
26,2052,Symmetric-energy ET-NMPC,117,11.6,36.7949925145251,34.7839692489482,9.88758170685734
26,2052,Symmetric-energy ET-NMPC,118,11.7,37.0730817776234,35.1496195442529,10.0849803474127
26,2052,Symmetric-energy ET-NMPC,119,11.8,37.3474271326838,35.5199063499425,10.278945054741
26,2052,Symmetric-energy ET-NMPC,120,11.9,37.6146984263869,35.8984614530028,10.4667270813285
26,2052,Symmetric-energy ET-NMPC,121,12,37.8736132520436,36.2863832499691,10.6469485908482
26,2052,Symmetric-energy ET-NMPC,122,12.1,38.127005432009,36.6805620980487,10.8213488169347
26,2052,Symmetric-energy ET-NMPC,123,12.2,38.3731651318384,37.0733706457202,10.9886892543618
26,2052,Symmetric-energy ET-NMPC,124,12.3,38.6071279279425,37.4542663262041,11.1456809744525
26,2052,Symmetric-energy ET-NMPC,125,12.4,38.8253301987877,37.8162210264413,11.2901317910246
26,2052,Symmetric-energy ET-NMPC,126,12.5,39.0271022682629,38.1564248085186,11.4220547968485
26,2052,Symmetric-energy ET-NMPC,127,12.6,39.2129681984981,38.4740590145532,11.5422471176229
26,2052,Symmetric-energy ET-NMPC,128,12.7,39.3826022161233,38.7693117232723,11.6507949722893
26,2052,Symmetric-energy ET-NMPC,129,12.8,39.535475175904,39.0426398487731,11.7475793414759
26,2052,Symmetric-energy ET-NMPC,130,12.9,39.6713094803056,39.2942418796345,11.832630806734
26,2052,Symmetric-energy ET-NMPC,131,13,39.7900595923551,39.5240695539526,11.9061060995332
26,2052,Symmetric-energy ET-NMPC,132,13.1,39.8953618532826,39.7285148925197,11.9709273567405
27,2053,Asymmetric ET-NMPC,1,0,0,0,3
27,2053,Asymmetric ET-NMPC,2,0.1,0,0,3
27,2053,Asymmetric ET-NMPC,3,0.2,0.0209497155622598,0.0209497155622598,3.00471368600151
27,2053,Asymmetric ET-NMPC,4,0.3,0.0628491466867795,0.0628491466867795,3.01414105800453
27,2053,Asymmetric ET-NMPC,5,0.4,0.125698293373559,0.125698293373559,3.02828211600905
27,2053,Asymmetric ET-NMPC,6,0.5,0.209497155622598,0.209497155622598,3.04713686001508
27,2053,Asymmetric ET-NMPC,7,0.6,0.314245733433897,0.314245733433897,3.07070529002263
27,2053,Asymmetric ET-NMPC,8,0.7,0.439944026807456,0.439944026807456,3.09898740603168
27,2053,Asymmetric ET-NMPC,9,0.8,0.586592035743275,0.586592035743275,3.13198320804224
27,2053,Asymmetric ET-NMPC,10,0.9,0.754189760241354,0.754189760241354,3.16969269605431
27,2053,Asymmetric ET-NMPC,11,1,0.942737200301692,0.942737200301692,3.21211587006788
27,2053,Asymmetric ET-NMPC,12,1.1,1.15223435592429,1.15223435592429,3.25925273008297
27,2053,Asymmetric ET-NMPC,13,1.2,1.38268122710915,1.38268122710915,3.31110327609956
27,2053,Asymmetric ET-NMPC,14,1.3,1.63407781385627,1.63407781385627,3.36766750811766
27,2053,Asymmetric ET-NMPC,15,1.4,1.90642411616564,1.90642411616564,3.42894542613727
27,2053,Asymmetric ET-NMPC,16,1.5,2.19972013403728,2.19972013403728,3.49493703015839
27,2053,Asymmetric ET-NMPC,17,1.6,2.5104742482108,2.5104742482108,3.56485670584743
27,2053,Asymmetric ET-NMPC,18,1.7,2.83432193461074,2.83432193461074,3.63772243528742
27,2053,Asymmetric ET-NMPC,19,1.8,3.16798980018048,3.16798980018048,3.71279770504061
27,2053,Asymmetric ET-NMPC,20,1.9,3.50902280012758,3.50902280012758,3.78953013002871
27,2053,Asymmetric ET-NMPC,21,2,3.85557965085769,3.85557965085769,3.86750542144298
27,2053,Asymmetric ET-NMPC,22,2.1,4.20474157689536,4.20474157689536,3.94606685480146
27,2053,Asymmetric ET-NMPC,23,2.2,4.55390350293302,4.55390350293302,4.02462828815993
27,2053,Asymmetric ET-NMPC,24,2.3,4.90306542897069,4.90306542897069,4.1031897215184
27,2053,Asymmetric ET-NMPC,25,2.4,5.25222735500835,5.25222735500835,4.18175115487688
27,2053,Asymmetric ET-NMPC,26,2.5,5.60138928104601,5.60138928104601,4.26031258823535
27,2053,Asymmetric ET-NMPC,27,2.6,5.96545030788388,5.93204453031667,4.35046066013662
27,2053,Asymmetric ET-NMPC,28,2.7,6.3437263394641,6.24359228465152,4.44968384644322
27,2053,Asymmetric ET-NMPC,29,2.8,6.73392484325429,6.53813832286649,4.55450635839445
27,2053,Asymmetric ET-NMPC,30,2.9,7.13046027936261,6.82333240365183,4.66138939818743
27,2053,Asymmetric ET-NMPC,31,3,7.5275063933694,7.10774897083466,4.76844825893252
27,2053,Asymmetric ET-NMPC,32,3.1,7.92515203923843,7.39361180966137,4.86924695782959
27,2053,Asymmetric ET-NMPC,33,3.2,8.32056840631402,7.68320943516864,4.96813635033095
27,2053,Asymmetric ET-NMPC,34,3.3,8.71372394719605,7.97646347492139,5.06524859900463
27,2053,Asymmetric ET-NMPC,35,3.4,9.10399897672956,8.27488402840496,5.1581494847979
27,2053,Asymmetric ET-NMPC,36,3.5,9.49268903934784,8.57680839696484,5.24625005739258
27,2053,Asymmetric ET-NMPC,37,3.6,9.8791493618273,8.88137997992229,5.33504515863061
27,2053,Asymmetric ET-NMPC,38,3.7,10.2768236356609,9.16984441053356,5.428015283956
27,2053,Asymmetric ET-NMPC,39,3.8,10.6828605167074,9.45118534971419,5.50535432436242
27,2053,Asymmetric ET-NMPC,40,3.9,11.0981906557563,9.72417565340865,5.55991777079339
27,2053,Asymmetric ET-NMPC,41,4,11.5126460979686,9.99983865643021,5.60721042546374
27,2053,Asymmetric ET-NMPC,42,4.1,11.9322510979557,10.2656090173546,5.66463654530467
27,2053,Asymmetric ET-NMPC,43,4.2,12.3531709818522,10.5248992819639,5.73943634489894
27,2053,Asymmetric ET-NMPC,44,4.3,12.7786027083211,10.7738965742086,5.82315130514241
27,2053,Asymmetric ET-NMPC,45,4.4,13.2017097334916,11.022554933036,5.91880414533323
27,2053,Asymmetric ET-NMPC,46,4.5,13.6228917249927,11.2780505191363,6.00440633875386
27,2053,Asymmetric ET-NMPC,47,4.6,14.0511115844962,11.528503545311,6.06686459366639
27,2053,Asymmetric ET-NMPC,48,4.7,14.4780254723223,11.7766534876032,6.14538935741387
27,2053,Asymmetric ET-NMPC,49,4.8,14.9009825045738,12.0306391274679,6.2266213930376
27,2053,Asymmetric ET-NMPC,50,4.9,15.31371102234,12.2977693109355,6.31770726297958
27,2053,Asymmetric ET-NMPC,51,5,15.7249980147425,12.5712883094211,6.3953627028912
27,2053,Asymmetric ET-NMPC,52,5.1,16.1250096300149,12.8593543659041,6.47908041158861
27,2053,Asymmetric ET-NMPC,53,5.2,16.5233609937176,13.1537491179316,6.54725607451076
27,2053,Asymmetric ET-NMPC,54,5.3,16.9161983134898,13.4593913569826,6.59481300778112
27,2053,Asymmetric ET-NMPC,55,5.4,17.3016141737831,13.7768122538166,6.62124383991832
27,2053,Asymmetric ET-NMPC,56,5.5,17.687723414806,14.0944050083439,6.62862599871461
27,2053,Asymmetric ET-NMPC,57,5.6,18.0723637441374,14.4137199507658,6.61915052522152
27,2053,Asymmetric ET-NMPC,58,5.7,18.438140750261,14.738231278879,6.59303778518677
27,2053,Asymmetric ET-NMPC,59,5.8,18.8149875754526,15.0651124810249,6.55934579761202
27,2053,Asymmetric ET-NMPC,60,5.9,19.2044490581139,15.3776400463264,6.53392386908587
27,2053,Asymmetric ET-NMPC,61,6,19.6049509530161,15.6755151822168,6.5044512445332
27,2053,Asymmetric ET-NMPC,62,6.1,19.9881323421418,15.9560698090127,6.45765811062438
27,2053,Asymmetric ET-NMPC,63,6.2,20.3886342386678,16.2193039275024,6.39354446819509
27,2053,Asymmetric ET-NMPC,64,6.3,20.8064566432111,16.4652175378939,6.31211031765425
27,2053,Asymmetric ET-NMPC,65,6.4,21.2404236718086,16.6931929144723,6.21362252265338
27,2053,Asymmetric ET-NMPC,66,6.5,21.6878192536229,16.8970156465552,6.12255393718429
27,2053,Asymmetric ET-NMPC,67,6.6,22.1413423546206,17.0790258433458,6.01677546524585
27,2053,Asymmetric ET-NMPC,68,6.7,22.5995576671455,17.2392984597889,5.89697807050697
27,2053,Asymmetric ET-NMPC,69,6.8,23.0611159600569,17.3780487457739,5.76389050390594
27,2053,Asymmetric ET-NMPC,70,6.9,23.5131491846478,17.5445961390692,5.62999528497518
27,2053,Asymmetric ET-NMPC,71,7,23.9517574469466,17.7297758155674,5.4772494841973
27,2053,Asymmetric ET-NMPC,72,7.1,24.3960081136736,17.9196306325642,5.34842210521401
27,2053,Asymmetric ET-NMPC,73,7.2,24.8185066361922,18.1291960220839,5.21340299358454
27,2053,Asymmetric ET-NMPC,74,7.3,25.250807655365,18.3522036653811,5.09771626204985
27,2053,Asymmetric ET-NMPC,75,7.4,25.6834296277391,18.5844272349283,5.00332112040675
27,2053,Asymmetric ET-NMPC,76,7.5,26.1099541564502,18.835092946023,4.93090891363743
27,2053,Asymmetric ET-NMPC,77,7.6,26.5240065332582,19.105051731446,4.87778978101057
27,2053,Asymmetric ET-NMPC,78,7.7,26.9312871670489,19.3933532826579,4.84609276367681
27,2053,Asymmetric ET-NMPC,79,7.8,27.3340568467216,19.6893947857181,4.83443027671005
27,2053,Asymmetric ET-NMPC,80,7.9,27.7348132059249,19.9883349239379,4.83982789833723
27,2053,Asymmetric ET-NMPC,81,8,28.1331983903872,20.2896994954084,4.861475989786
27,2053,Asymmetric ET-NMPC,82,8.1,28.5289184193313,20.5930633203382,4.89857111637211
27,2053,Asymmetric ET-NMPC,83,8.2,28.9217370703127,20.898047397762,4.95032263769373
27,2053,Asymmetric ET-NMPC,84,8.3,29.3114698727199,21.2043158109126,5.01595800799062
27,2053,Asymmetric ET-NMPC,85,8.4,29.6979783248376,21.5115725027963,5.09472692149268
27,2053,Asymmetric ET-NMPC,86,8.5,30.077655169653,21.8231227364869,5.18843895592987
27,2053,Asymmetric ET-NMPC,87,8.6,30.4440602903431,22.1447014896521,5.29949926857466
27,2053,Asymmetric ET-NMPC,88,8.7,30.7932930997737,22.4787307025007,5.42779942360567
27,2053,Asymmetric ET-NMPC,89,8.8,31.123715454502,22.8249554241847,5.57253887776606
27,2053,Asymmetric ET-NMPC,90,8.9,31.4328479640129,23.1838918401026,5.73254431795947
27,2053,Asymmetric ET-NMPC,91,9,31.7216811392117,23.5630334779003,5.88363043708598
27,2053,Asymmetric ET-NMPC,92,9.1,31.9931938061542,23.9594956234078,6.01739604795153
27,2053,Asymmetric ET-NMPC,93,9.2,32.2408766752685,24.3706058243577,6.15754453714185
27,2053,Asymmetric ET-NMPC,94,9.3,32.4636055028752,24.7950815891246,6.29971413473021
27,2053,Asymmetric ET-NMPC,95,9.4,32.6639438568909,25.2259732798277,6.45526764575871
27,2053,Asymmetric ET-NMPC,96,9.5,32.8426366174313,25.6708793332751,6.59713906971845
27,2053,Asymmetric ET-NMPC,97,9.6,32.996906954657,26.1230445002122,6.74460881190638
27,2053,Asymmetric ET-NMPC,98,9.7,33.1322130889986,26.5868953296643,6.87319597310917
27,2053,Asymmetric ET-NMPC,99,9.8,33.2430969583519,27.057017750809,7.00238450454397
27,2053,Asymmetric ET-NMPC,100,9.9,33.3350302946107,27.536042861765,7.11230813602446
27,2053,Asymmetric ET-NMPC,101,10,33.4405813842793,28.016959668328,7.19935980249335
27,2053,Asymmetric ET-NMPC,102,10.1,33.562248203241,28.4974253089921,7.26531397829023
27,2053,Asymmetric ET-NMPC,103,10.2,33.6991102575732,28.9761877047737,7.31064990741223
27,2053,Asymmetric ET-NMPC,104,10.3,33.8498339915526,29.4522465062928,7.33615232909285
27,2053,Asymmetric ET-NMPC,105,10.4,34.0122101126709,29.9232590611021,7.37835622112413
27,2053,Asymmetric ET-NMPC,106,10.5,34.1840396050055,30.3893285161001,7.4353990881796
27,2053,Asymmetric ET-NMPC,107,10.6,34.3676701941357,30.8485581872634,7.50880151224651
27,2053,Asymmetric ET-NMPC,108,10.7,34.565410420817,31.298667362325,7.59990877473098
27,2053,Asymmetric ET-NMPC,109,10.8,34.7812991725842,31.7359487472283,7.71025838858351
27,2053,Asymmetric ET-NMPC,110,10.9,35.0150650023382,32.1586889976711,7.83927085889185
27,2053,Asymmetric ET-NMPC,111,11,35.2630276277852,32.5675651434533,7.98533534393759
27,2053,Asymmetric ET-NMPC,112,11.1,35.5142745955395,32.9712115317302,8.14007562448961
27,2053,Asymmetric ET-NMPC,113,11.2,35.7685257546217,33.3697382706597,8.30296450214419
27,2053,Asymmetric ET-NMPC,114,11.3,36.0255246986926,33.763270878346,8.47350373350763
27,2053,Asymmetric ET-NMPC,115,11.4,36.2850369775646,34.1519470446671,8.65122321710078
27,2053,Asymmetric ET-NMPC,116,11.5,36.5468484090606,34.5359137694258,8.83568006467246
27,2053,Asymmetric ET-NMPC,117,11.6,36.8107634485396,34.9153248891874,9.0264575637075
27,2053,Asymmetric ET-NMPC,118,11.7,37.0751092015914,35.2910301743972,9.22385782082197
27,2053,Asymmetric ET-NMPC,119,11.8,37.3360235547058,35.6649264447467,9.42910225888957
27,2053,Asymmetric ET-NMPC,120,11.9,37.5905674531166,36.0389014126718,9.64205795181003
27,2053,Asymmetric ET-NMPC,121,12,37.8375485637937,36.4140646282024,9.86172336256334
27,2053,Asymmetric ET-NMPC,122,12.1,38.0793310740606,36.789840271603,10.0860755044206
27,2053,Asymmetric ET-NMPC,123,12.2,38.3177076596126,37.1659187479511,10.3135432671656
27,2053,Asymmetric ET-NMPC,124,12.3,38.5474358631626,37.5325330832166,10.5368010561056
27,2053,Asymmetric ET-NMPC,125,12.4,38.7642323424846,37.8822490740406,10.7500312042829
27,2053,Asymmetric ET-NMPC,126,12.5,38.965461560871,38.2103499836694,10.9494610389893
27,2053,Asymmetric ET-NMPC,127,12.6,39.1516386280229,38.5166787261564,11.134769773131
27,2053,Asymmetric ET-NMPC,128,12.7,39.3231696415612,38.8009760310693,11.3059325229673
27,2053,Asymmetric ET-NMPC,129,12.8,39.4795214210925,39.06413705259,11.4621671657795
27,2053,Asymmetric ET-NMPC,130,12.9,39.6203718183126,39.3067587375142,11.6029796557388
27,2053,Asymmetric ET-NMPC,131,13,39.7455890651237,39.529151866282,11.728094689722
27,2053,Asymmetric ET-NMPC,132,13.1,39.8551822185832,39.731366841451,11.8374385530359
27,2053,Symmetric-energy ET-NMPC,1,0,0,0,3
27,2053,Symmetric-energy ET-NMPC,2,0.1,0,0,3
27,2053,Symmetric-energy ET-NMPC,3,0.2,0.0209497155622598,0.0209497155622598,3.00471368600151
27,2053,Symmetric-energy ET-NMPC,4,0.3,0.0628491466867795,0.0628491466867795,3.01414105800453
27,2053,Symmetric-energy ET-NMPC,5,0.4,0.125698293373559,0.125698293373559,3.02828211600905
27,2053,Symmetric-energy ET-NMPC,6,0.5,0.209497155622598,0.209497155622598,3.04713686001508
27,2053,Symmetric-energy ET-NMPC,7,0.6,0.314245733433897,0.314245733433897,3.07070529002263
27,2053,Symmetric-energy ET-NMPC,8,0.7,0.439944026807456,0.439944026807456,3.09898740603168
27,2053,Symmetric-energy ET-NMPC,9,0.8,0.586592035743275,0.586592035743275,3.13198320804224
27,2053,Symmetric-energy ET-NMPC,10,0.9,0.754189760241354,0.754189760241354,3.16969269605431
27,2053,Symmetric-energy ET-NMPC,11,1,0.942737200301692,0.942737200301692,3.21211587006788
27,2053,Symmetric-energy ET-NMPC,12,1.1,1.15223435592429,1.15223435592429,3.25925273008297
27,2053,Symmetric-energy ET-NMPC,13,1.2,1.38268122710915,1.38268122710915,3.31110327609956
27,2053,Symmetric-energy ET-NMPC,14,1.3,1.63407781385627,1.63407781385627,3.36766750811766
27,2053,Symmetric-energy ET-NMPC,15,1.4,1.90642411616564,1.90642411616564,3.42894542613727
27,2053,Symmetric-energy ET-NMPC,16,1.5,2.19972013403728,2.19972013403728,3.49493703015839
27,2053,Symmetric-energy ET-NMPC,17,1.6,2.5104742482108,2.5104742482108,3.56485670584743
27,2053,Symmetric-energy ET-NMPC,18,1.7,2.83432193461074,2.83432193461074,3.63772243528742
27,2053,Symmetric-energy ET-NMPC,19,1.8,3.16798980018048,3.16798980018048,3.71279770504061
27,2053,Symmetric-energy ET-NMPC,20,1.9,3.50902280012758,3.50902280012758,3.78953013002871
27,2053,Symmetric-energy ET-NMPC,21,2,3.85557965085769,3.85557965085769,3.86750542144298
27,2053,Symmetric-energy ET-NMPC,22,2.1,4.20474157689536,4.20474157689536,3.94606685480146
27,2053,Symmetric-energy ET-NMPC,23,2.2,4.55390350293302,4.55390350293302,4.02462828815993
27,2053,Symmetric-energy ET-NMPC,24,2.3,4.90306542897069,4.90306542897069,4.1031897215184
27,2053,Symmetric-energy ET-NMPC,25,2.4,5.25222735500835,5.25222735500835,4.18175115487688
27,2053,Symmetric-energy ET-NMPC,26,2.5,5.60138928104601,5.60138928104601,4.26031258823535
27,2053,Symmetric-energy ET-NMPC,27,2.6,5.96542435762792,5.93205758671755,4.35051754731365
27,2053,Symmetric-energy ET-NMPC,28,2.7,6.34365770001765,6.24362289583605,4.44984829209388
27,2053,Symmetric-energy ET-NMPC,29,2.8,6.73380735421689,6.53817990469907,4.554821697573
27,2053,Symmetric-energy ET-NMPC,30,2.9,7.13030121993102,6.82336225001503,4.6618901073452
27,2053,Symmetric-energy ET-NMPC,31,3,7.5273131121108,7.10774948318492,4.76915361035441
27,2053,Symmetric-energy ET-NMPC,32,3.1,7.92494016892285,7.39355031589695,4.8702011620917
27,2053,Symmetric-energy ET-NMPC,33,3.2,8.32033235735521,7.68308965039571,4.96935755928664
27,2053,Symmetric-energy ET-NMPC,34,3.3,8.7134577367319,7.97628181209897,5.06677825732201
27,2053,Symmetric-energy ET-NMPC,35,3.4,9.10368591013664,8.27464571456236,5.16005716376943
27,2053,Symmetric-energy ET-NMPC,36,3.5,9.49232194078593,8.57650877886515,5.24860503833958
27,2053,Symmetric-energy ET-NMPC,37,3.6,9.8787190554538,8.88101004393516,5.33791488856399
27,2053,Symmetric-energy ET-NMPC,38,3.7,10.2761542911338,9.16944021441965,5.43200670645638
27,2053,Symmetric-energy ET-NMPC,39,3.8,10.6820460984805,9.45067873723131,5.51047156493134
27,2053,Symmetric-energy ET-NMPC,40,3.9,11.0973764763947,9.72344302094775,5.5661521065088
27,2053,Symmetric-energy ET-NMPC,41,4,11.5118520062366,9.9989313110503,5.61427940830972
27,2053,Symmetric-energy ET-NMPC,42,4.1,11.9314605348391,10.2645539694816,5.67235940531289
27,2053,Symmetric-energy ET-NMPC,43,4.2,12.3523340506644,10.5237438390342,5.74776560663717
27,2053,Symmetric-energy ET-NMPC,44,4.3,12.777684186336,10.7727015219748,5.8320112842062
27,2053,Symmetric-energy ET-NMPC,45,4.4,13.2007009584647,11.0213500752724,5.9280878549236
27,2053,Symmetric-energy ET-NMPC,46,4.5,13.621809933165,11.2768611482019,6.01400248136914
27,2053,Symmetric-energy ET-NMPC,47,4.6,14.0500322637487,11.5272344200426,6.07676282184916
27,2053,Symmetric-energy ET-NMPC,48,4.7,14.4768240260924,11.7755272534491,6.15549947452476
27,2053,Symmetric-energy ET-NMPC,49,4.8,14.8996666396548,12.0296511634059,6.23689457599906
27,2053,Symmetric-energy ET-NMPC,50,4.9,15.3122757281661,12.296807898212,6.32844248217725
27,2053,Symmetric-energy ET-NMPC,51,5,15.7234107366584,12.5703318709736,6.40688125522199
27,2053,Symmetric-energy ET-NMPC,52,5.1,16.12325262796,12.8582456490586,6.49192311755551
27,2053,Symmetric-energy ET-NMPC,53,5.2,16.521467591702,13.1524932109558,6.56151632821221
27,2053,Symmetric-energy ET-NMPC,54,5.3,16.9142773450216,13.4579689960873,6.61035322405229
27,2053,Symmetric-energy ET-NMPC,55,5.4,17.2998002140786,13.7751702512764,6.63783924123484
27,2053,Symmetric-energy ET-NMPC,56,5.5,17.683410869898,14.0942680613628,6.6697681049775
27,2053,Symmetric-energy ET-NMPC,57,5.6,18.0631119818118,14.4054794085934,6.67301737370775
27,2053,Symmetric-energy ET-NMPC,58,5.7,18.4254391504524,14.7250461857471,6.65420783201331
27,2053,Symmetric-energy ET-NMPC,59,5.8,18.8021058558028,15.052407988027,6.62328141145589
27,2053,Symmetric-energy ET-NMPC,60,5.9,19.1915733032542,15.3647545781054,6.59580933395641
27,2053,Symmetric-energy ET-NMPC,61,6,19.5915352337225,15.6628279951484,6.56141904130906
27,2053,Symmetric-energy ET-NMPC,62,6.1,19.9741766581601,15.943580903219,6.50970823943777
27,2053,Symmetric-energy ET-NMPC,63,6.2,20.3741385899178,16.207013302945,6.44067692900386
27,2053,Symmetric-energy ET-NMPC,64,6.3,20.7914210296933,16.4531251945728,6.35432511045906
27,2053,Symmetric-energy ET-NMPC,65,6.4,21.2243189719554,16.6810189988883,6.25105950369733
27,2053,Symmetric-energy ET-NMPC,66,6.5,21.6705486883008,16.8843840620565,6.15348034950502
27,2053,Symmetric-energy ET-NMPC,67,6.6,22.1227608997869,17.0658781381211,6.04139102737159
27,2053,Symmetric-energy ET-NMPC,68,6.7,22.5795351864288,17.225590680513,5.91549760075413
27,2053,Symmetric-energy ET-NMPC,69,6.8,23.0395382591193,17.3637503355857,5.77654047490046
27,2053,Symmetric-energy ET-NMPC,70,6.9,23.4905062741802,17.5296032033777,5.63826294369179
27,2053,Symmetric-energy ET-NMPC,71,7,23.9280508862375,17.7138111737338,5.48134852078276
27,2053,Symmetric-energy ET-NMPC,72,7.1,24.3410860874429,17.9134689280181,5.33221824562828
27,2053,Symmetric-energy ET-NMPC,73,7.2,24.7329927785639,18.1232026139954,5.16432466420512
27,2053,Symmetric-energy ET-NMPC,74,7.3,25.1051545221782,18.3219693444392,5.01617602983884
27,2053,Symmetric-energy ET-NMPC,75,7.4,25.4946367731705,18.5380565833447,4.8853479038598
27,2053,Symmetric-energy ET-NMPC,76,7.5,25.9014395280699,18.7714643324627,4.77184028798814
27,2053,Symmetric-energy ET-NMPC,77,7.6,26.3231843323905,19.0225820141494,4.67659728313808
27,2053,Symmetric-energy ET-NMPC,78,7.7,26.73430661046,19.2935385711002,4.60119315336447
27,2053,Symmetric-energy ET-NMPC,79,7.8,27.1406327189542,19.580002651335,4.54792567462586
27,2053,Symmetric-energy ET-NMPC,80,7.9,27.5460009412725,19.8706803384707,4.51352964962379
27,2053,Symmetric-energy ET-NMPC,81,8,27.949886116264,20.1649770539477,4.4972137469042
27,2053,Symmetric-energy ET-NMPC,82,8.1,28.3518405390225,20.4623517720039,4.49817243656219
27,2053,Symmetric-energy ET-NMPC,83,8.2,28.7514882133027,20.7623153663252,4.51559594149975
27,2053,Symmetric-energy ET-NMPC,84,8.3,29.148518803873,21.0644283330837,4.54867864797494
27,2053,Symmetric-energy ET-NMPC,85,8.4,29.542681496743,21.3682980690151,4.59662606849468
27,2053,Symmetric-energy ET-NMPC,86,8.5,29.9317306269855,21.6758616015737,4.66022990248003
27,2053,Symmetric-energy ET-NMPC,87,8.6,30.3089026531407,21.9936977136318,4.74221446540348
27,2053,Symmetric-energy ET-NMPC,88,8.7,30.6697784885976,22.3249551806696,4.84239990304266
27,2053,Symmetric-energy ET-NMPC,89,8.8,31.012734898843,22.6692774679499,4.95997142660892
27,2053,Symmetric-energy ET-NMPC,90,8.9,31.335149771601,23.0273430753806,5.09352916917619
27,2053,Symmetric-energy ET-NMPC,91,9,31.636015156204,23.3981009607588,5.24191586257434
27,2053,Symmetric-energy ET-NMPC,92,9.1,31.9131135057231,23.7861335637965,5.3924057415481
27,2053,Symmetric-energy ET-NMPC,93,9.2,32.1678681849768,24.1836486469314,5.55697126673074
27,2053,Symmetric-energy ET-NMPC,94,9.3,32.4000023613261,24.5892243530735,5.73479722309801
27,2053,Symmetric-energy ET-NMPC,95,9.4,32.6144953367793,25.0114892304987,5.89506305468514
27,2053,Symmetric-energy ET-NMPC,96,9.5,32.8064961370433,25.4395446735014,6.06799145146751
27,2053,Symmetric-energy ET-NMPC,97,9.6,32.9761390014027,25.8720768851238,6.25275395978826
27,2053,Symmetric-energy ET-NMPC,98,9.7,33.1273744345945,26.3187196014986,6.41900114820553
27,2053,Symmetric-energy ET-NMPC,99,9.8,33.2569822109761,26.7677602315037,6.59666469794515
27,2053,Symmetric-energy ET-NMPC,100,9.9,33.3679867876535,27.2287939848945,6.75517609245985
27,2053,Symmetric-energy ET-NMPC,101,10,33.4602902833057,27.700098990698,6.89428632283497
27,2053,Symmetric-energy ET-NMPC,102,10.1,33.5471404880691,28.1790158008558,7.00872290300392
27,2053,Symmetric-energy ET-NMPC,103,10.2,33.650409252134,28.6592919548309,7.1018377691178
27,2053,Symmetric-energy ET-NMPC,104,10.3,33.769748544485,29.1394778459293,7.17380750783645
27,2053,Symmetric-energy ET-NMPC,105,10.4,33.907486030802,29.6144148629559,7.24772107033316
27,2053,Symmetric-energy ET-NMPC,106,10.5,34.0567376016887,30.0833995205975,7.33591040917089
27,2053,Symmetric-energy ET-NMPC,107,10.6,34.2216533544332,30.5434288566704,7.44162608657513
27,2053,Symmetric-energy ET-NMPC,108,10.7,34.3976932464432,30.9992249651232,7.54773859262586
27,2053,Symmetric-energy ET-NMPC,109,10.8,34.5904024217525,31.4435118096491,7.67212658856127
27,2053,Symmetric-energy ET-NMPC,110,10.9,34.800432107336,31.8704781480896,7.81383509236417
27,2053,Symmetric-energy ET-NMPC,111,11,35.027782304918,32.2801239800008,7.97286410186648
27,2053,Symmetric-energy ET-NMPC,112,11.1,35.2731619907623,32.6739623683017,8.14992259498606
27,2053,Symmetric-energy ET-NMPC,113,11.2,35.5249338251806,33.0635683562562,8.33651872984324
27,2053,Symmetric-energy ET-NMPC,114,11.3,35.7793922726152,33.4483651785856,8.52934586500414
27,2053,Symmetric-energy ET-NMPC,115,11.4,36.0363258233382,33.8285176297247,8.72801459532129
27,2053,Symmetric-energy ET-NMPC,116,11.5,36.2955403411765,34.2041939866394,8.93215941792801
27,2053,Symmetric-energy ET-NMPC,117,11.6,36.5568576786277,34.5755643100892,9.14143753911658
27,2053,Symmetric-energy ET-NMPC,118,11.7,36.8201143773395,34.9427990202094,9.35552765627824
27,2053,Symmetric-energy ET-NMPC,119,11.8,37.08407329735,35.3071180917301,9.57369571689481
27,2053,Symmetric-energy ET-NMPC,120,11.9,37.3456122680416,35.6720924889976,9.79367538902095
27,2053,Symmetric-energy ET-NMPC,121,12,37.6018924559428,36.0416268257092,10.0122270746254
27,2053,Symmetric-energy ET-NMPC,122,12.1,37.8520202283404,36.4174336040337,10.2271814019619
27,2053,Symmetric-energy ET-NMPC,123,12.2,38.0983007898226,36.7974384506839,10.439177160312
27,2053,Symmetric-energy ET-NMPC,124,12.3,38.3400545353461,37.1769554801199,10.6467795216469
27,2053,Symmetric-energy ET-NMPC,125,12.4,38.5717570132998,37.5457065103013,10.8447602992412
27,2053,Symmetric-energy ET-NMPC,126,12.5,38.7893713476283,37.8965666073985,11.0294523338189
27,2053,Symmetric-energy ET-NMPC,127,12.6,38.991408583886,38.2262557098696,11.1996825911117
27,2053,Symmetric-energy ET-NMPC,128,12.7,39.1782119429652,38.5341588172057,11.356009632874
27,2053,Symmetric-energy ET-NMPC,129,12.8,39.3497570989784,38.8201607567551,11.4986426581044
27,2053,Symmetric-energy ET-NMPC,130,12.9,39.5054482880432,39.0849088699573,11.627242629583
27,2053,Symmetric-energy ET-NMPC,131,13,39.6449254532354,39.3287679914957,11.7416737811697
27,2053,Symmetric-energy ET-NMPC,132,13.1,39.7680387678311,39.5518394669025,11.841959327009
27,2053,Symmetric-energy ET-NMPC,133,13.2,39.877618004216,39.7506411082411,11.9309398349762
28,2054,Asymmetric ET-NMPC,1,0,0,0,3
28,2054,Asymmetric ET-NMPC,2,0.1,0,0,3
28,2054,Asymmetric ET-NMPC,3,0.2,0.0209497155622598,0.0209497155622598,3.00471368600151
28,2054,Asymmetric ET-NMPC,4,0.3,0.0628491466867795,0.0628491466867795,3.01414105800453
28,2054,Asymmetric ET-NMPC,5,0.4,0.125698293373559,0.125698293373559,3.02828211600905
28,2054,Asymmetric ET-NMPC,6,0.5,0.209497155622598,0.209497155622598,3.04713686001508
28,2054,Asymmetric ET-NMPC,7,0.6,0.314245733433897,0.314245733433897,3.07070529002263
28,2054,Asymmetric ET-NMPC,8,0.7,0.439944026807456,0.439944026807456,3.09898740603168
28,2054,Asymmetric ET-NMPC,9,0.8,0.586592035743275,0.586592035743275,3.13198320804224
28,2054,Asymmetric ET-NMPC,10,0.9,0.754189760241354,0.754189760241354,3.16969269605431
28,2054,Asymmetric ET-NMPC,11,1,0.942737200301692,0.942737200301692,3.21211587006788
28,2054,Asymmetric ET-NMPC,12,1.1,1.15223435592429,1.15223435592429,3.25925273008297
28,2054,Asymmetric ET-NMPC,13,1.2,1.38268122710915,1.38268122710915,3.31110327609956
28,2054,Asymmetric ET-NMPC,14,1.3,1.63407781385627,1.63407781385627,3.36766750811766
28,2054,Asymmetric ET-NMPC,15,1.4,1.90642411616564,1.90642411616564,3.42894542613727
28,2054,Asymmetric ET-NMPC,16,1.5,2.19972013403728,2.19972013403728,3.49493703015839
28,2054,Asymmetric ET-NMPC,17,1.6,2.5104742482108,2.5104742482108,3.56485670584743
28,2054,Asymmetric ET-NMPC,18,1.7,2.83432193461074,2.83432193461074,3.63772243528742
28,2054,Asymmetric ET-NMPC,19,1.8,3.16798980018048,3.16798980018048,3.71279770504061
28,2054,Asymmetric ET-NMPC,20,1.9,3.50902280012758,3.50902280012758,3.78953013002871
28,2054,Asymmetric ET-NMPC,21,2,3.85557965085769,3.85557965085769,3.86750542144298
28,2054,Asymmetric ET-NMPC,22,2.1,4.20474157689536,4.20474157689536,3.94606685480146
28,2054,Asymmetric ET-NMPC,23,2.2,4.55390350293302,4.55390350293302,4.02462828815993
28,2054,Asymmetric ET-NMPC,24,2.3,4.90306542897069,4.90306542897069,4.1031897215184
28,2054,Asymmetric ET-NMPC,25,2.4,5.25222735500835,5.25222735500835,4.18175115487688
28,2054,Asymmetric ET-NMPC,26,2.5,5.60138928104601,5.60138928104601,4.26031258823535
28,2054,Asymmetric ET-NMPC,27,2.6,5.95055120708368,5.95055120708368,4.33887402159383
28,2054,Asymmetric ET-NMPC,28,2.7,6.29971313312134,6.29971313312134,4.4174354549523
28,2054,Asymmetric ET-NMPC,29,2.8,6.64887505915901,6.64887505915901,4.49599688831078
28,2054,Asymmetric ET-NMPC,30,2.9,6.99803698519667,6.99803698519667,4.57455832166925
28,2054,Asymmetric ET-NMPC,31,3,7.34719891123433,7.34719891123433,4.65311975502772
28,2054,Asymmetric ET-NMPC,32,3.1,7.696360837272,7.696360837272,4.7316811883862
28,2054,Asymmetric ET-NMPC,33,3.2,8.06021739448692,8.02582454884438,4.82687608598399
28,2054,Asymmetric ET-NMPC,34,3.3,8.43741369637457,8.33461603431939,4.93810004176877
28,2054,Asymmetric ET-NMPC,35,3.4,8.82916645821342,8.62044251429059,5.05989083345235
28,2054,Asymmetric ET-NMPC,36,3.5,9.23623396065943,8.88196957815627,5.18598462123811
28,2054,Asymmetric ET-NMPC,37,3.6,9.65810611901267,9.12085373929708,5.30828850327964
28,2054,Asymmetric ET-NMPC,38,3.7,10.0775954975667,9.36709990848212,5.42401008917467
28,2054,Asymmetric ET-NMPC,39,3.8,10.4943648267521,9.62002159419538,5.53506839434065
28,2054,Asymmetric ET-NMPC,40,3.9,10.9095236378321,9.87977579548917,5.63591935612499
28,2054,Asymmetric ET-NMPC,41,4,11.3249828311421,10.1412386008277,5.73095019384972
28,2054,Asymmetric ET-NMPC,42,4.1,11.7375184681804,10.4082630131395,5.82321238222057
28,2054,Asymmetric ET-NMPC,43,4.2,12.148498162693,10.6783412576811,5.91350874163566
28,2054,Asymmetric ET-NMPC,44,4.3,12.5626920715517,10.9436584589532,6.00323158473336
28,2054,Asymmetric ET-NMPC,45,4.4,12.9809650497634,11.2032014759084,6.09089650387263
28,2054,Asymmetric ET-NMPC,46,4.5,13.40342444946,11.4573811665325,6.17408749185986
28,2054,Asymmetric ET-NMPC,47,4.6,13.828286389133,11.7055508096724,6.26299283726179
28,2054,Asymmetric ET-NMPC,48,4.7,14.2556213824325,11.9502698476319,6.34958034191409
28,2054,Asymmetric ET-NMPC,49,4.8,14.6804549459652,12.2016043433947,6.42925100486984
28,2054,Asymmetric ET-NMPC,50,4.9,15.0976625409291,12.4643085858175,6.51246340609422
28,2054,Asymmetric ET-NMPC,51,5,15.5059065219802,12.7410600252368,6.59459435467511
28,2054,Asymmetric ET-NMPC,52,5.1,15.9018285041872,13.0347050570188,6.67837012274114
28,2054,Asymmetric ET-NMPC,53,5.2,16.2878980180799,13.3362156686842,6.77857831350315
28,2054,Asymmetric ET-NMPC,54,5.3,16.6675801495542,13.6411263306573,6.89202859888972
28,2054,Asymmetric ET-NMPC,55,5.4,17.035589704482,13.9538250356294,7.02159899439203
28,2054,Asymmetric ET-NMPC,56,5.5,17.4132943728042,14.2474313857319,7.16697607204549
28,2054,Asymmetric ET-NMPC,57,5.6,17.8066895679524,14.52018026578,7.3113653682792
28,2054,Asymmetric ET-NMPC,58,5.7,18.2112305781166,14.7713989476938,7.46379812379077
28,2054,Asymmetric ET-NMPC,59,5.8,18.6242917504596,15.0013987773497,7.62652656709686
28,2054,Asymmetric ET-NMPC,60,5.9,19.0458201008155,15.2110785108169,7.79489598005337
28,2054,Asymmetric ET-NMPC,61,6,19.4704520162202,15.4030937053631,7.97605309827731
28,2054,Asymmetric ET-NMPC,62,6.1,19.9021187555654,15.5913088496155,8.14409739486946
28,2054,Asymmetric ET-NMPC,63,6.2,20.3366992093598,15.7720272691062,8.31285960046231
28,2054,Asymmetric ET-NMPC,64,6.3,20.7568717628205,15.9341822902942,8.50027154201639
28,2054,Asymmetric ET-NMPC,65,6.4,21.1858451859491,16.1079650747578,8.68943112034478
28,2054,Asymmetric ET-NMPC,66,6.5,21.6031567327554,16.2844696568244,8.88689593025427
28,2054,Asymmetric ET-NMPC,67,6.6,21.9985962415616,16.4649516771779,9.06421641246602
28,2054,Asymmetric ET-NMPC,68,6.7,22.4092235879951,16.6680036159245,9.22889061570163
28,2054,Asymmetric ET-NMPC,69,6.8,22.8346176467365,16.8863824366924,9.3750090109416
28,2054,Asymmetric ET-NMPC,70,6.9,23.2699869639785,17.0888716437651,9.51447828577753
28,2054,Asymmetric ET-NMPC,71,7,23.7020729508738,17.3112979786971,9.63207176118084
28,2054,Asymmetric ET-NMPC,72,7.1,24.1186515409815,17.544640703439,9.73489833611698
28,2054,Asymmetric ET-NMPC,73,7.2,24.5150485956696,17.7801609420904,9.8156350024684
28,2054,Asymmetric ET-NMPC,74,7.3,24.8904278357433,18.0046398230448,9.87803209714984
28,2054,Asymmetric ET-NMPC,75,7.4,25.246117460258,18.2115697910679,9.9261339235906
28,2054,Asymmetric ET-NMPC,76,7.5,25.6133374871188,18.4380835518445,9.99381954136819
28,2054,Asymmetric ET-NMPC,77,7.6,25.9898198589162,18.6847741437717,10.0816819887034
28,2054,Asymmetric ET-NMPC,78,7.7,26.3658867733374,18.952675905956,10.1907556041227
28,2054,Asymmetric ET-NMPC,79,7.8,26.7538737541905,19.2400444612945,10.3192960112794
28,2054,Asymmetric ET-NMPC,80,7.9,27.1356470847487,19.5309783929687,10.4593194788666
28,2054,Asymmetric ET-NMPC,81,8,27.5133941009815,19.822744849155,10.6082474036212
28,2054,Asymmetric ET-NMPC,82,8.1,27.8871976908978,20.1151956576426,10.7655477557523
28,2054,Asymmetric ET-NMPC,83,8.2,28.2571527895338,20.4082010710851,10.9307175250403
28,2054,Asymmetric ET-NMPC,84,8.3,28.6233638422765,20.7016478581913,11.1032818550338
28,2054,Asymmetric ET-NMPC,85,8.4,28.985942595144,20.995437548694,11.2827930405444
28,2054,Asymmetric ET-NMPC,86,8.5,29.3450061860154,21.2894848334525,11.4688294134307
28,2054,Asymmetric ET-NMPC,87,8.6,29.7053992555468,21.5882601849157,11.6444714493784
28,2054,Asymmetric ET-NMPC,88,8.7,30.0653413131454,21.8900196380498,11.8158859983987
28,2054,Asymmetric ET-NMPC,89,8.8,30.4219738134738,22.1916511676234,11.9943003478121
28,2054,Asymmetric ET-NMPC,90,8.9,30.7722323677398,22.5034309324833,12.1678293753188
28,2054,Asymmetric ET-NMPC,91,9,31.102121599119,22.8329512900304,12.3483548000711
28,2054,Asymmetric ET-NMPC,92,9.1,31.410797005391,23.1835629988096,12.5266548932562
28,2054,Asymmetric ET-NMPC,93,9.2,31.6962445052401,23.5525476683462,12.7065716475535
28,2054,Asymmetric ET-NMPC,94,9.3,31.9595421545812,23.9405081003526,12.8802410203537
28,2054,Asymmetric ET-NMPC,95,9.4,32.2006381846751,24.3462381412729,13.0453344428993
28,2054,Asymmetric ET-NMPC,96,9.5,32.4195346598453,24.7683564149629,13.1999322959729
28,2054,Asymmetric ET-NMPC,97,9.6,32.6157881831607,25.2052254568611,13.3435637508052
28,2054,Asymmetric ET-NMPC,98,9.7,32.7902475863609,25.6554480929448,13.4734232694892
28,2054,Asymmetric ET-NMPC,99,9.8,32.9455479878416,26.1175210119138,13.5846455822481
28,2054,Asymmetric ET-NMPC,100,9.9,33.094349074932,26.5867860598494,13.6721015784219
28,2054,Asymmetric ET-NMPC,101,10,33.2544129570227,27.0556280072804,13.7396795480504
28,2054,Asymmetric ET-NMPC,102,10.1,33.4249922317303,27.5231394829587,13.7880089505846
28,2054,Asymmetric ET-NMPC,103,10.2,33.6053552249153,27.9885245160415,13.8177740588816
28,2054,Asymmetric ET-NMPC,104,10.3,33.794792676962,28.4510947639815,13.8296995560504
28,2054,Asymmetric ET-NMPC,105,10.4,33.9926229680753,28.9102641544283,13.8245375027008
28,2054,Asymmetric ET-NMPC,106,10.5,34.1981960052953,29.3655423798248,13.8030557930854
28,2054,Asymmetric ET-NMPC,107,10.6,34.4108959088058,29.8165276386319,13.7660281360538
28,2054,Asymmetric ET-NMPC,108,10.7,34.6301426568486,30.2628989573666,13.7142255368549
28,2054,Asymmetric ET-NMPC,109,10.8,34.8553928480581,30.7044083707438,13.6484092071233
28,2054,Asymmetric ET-NMPC,110,10.9,35.0861397363186,31.1408731804648,13.5693248001055
28,2054,Asymmetric ET-NMPC,111,11,35.3219126844028,31.5721684629681,13.4776978595146
28,2054,Asymmetric ET-NMPC,112,11.1,35.562374938192,31.998259022814,13.3746214834004
28,2054,Asymmetric ET-NMPC,113,11.2,35.8078413489885,32.4195075794642,13.263734628044
28,2054,Asymmetric ET-NMPC,114,11.3,36.0586138254478,32.836475007668,13.1486202116247
28,2054,Asymmetric ET-NMPC,115,11.4,36.3149147316767,33.249800582791,13.0325520660571
28,2054,Asymmetric ET-NMPC,116,11.5,36.5768494118117,33.6600934015094,12.9183153545729
28,2054,Asymmetric ET-NMPC,117,11.6,36.8444009308595,34.0678633262492,12.8081342621259
28,2054,Asymmetric ET-NMPC,118,11.7,37.1149178058663,34.4752007624685,12.7037463634454
28,2054,Asymmetric ET-NMPC,119,11.8,37.3830341570433,34.8859108374613,12.6066337662664
28,2054,Asymmetric ET-NMPC,120,11.9,37.6446075153649,35.3026636128078,12.517771499486
28,2054,Asymmetric ET-NMPC,121,12,37.8963110926291,35.7271855940733,12.4376066904057
28,2054,Asymmetric ET-NMPC,122,12.1,38.14057166225,36.1573355181146,12.3647519240844
28,2054,Asymmetric ET-NMPC,123,12.2,38.3792135384531,36.5899065090431,12.2980565974758
28,2054,Asymmetric ET-NMPC,124,12.3,38.6071233871863,37.0113276942379,12.238363038419
28,2054,Asymmetric ET-NMPC,125,12.4,38.8206102608672,37.4132045861101,12.1860402916882
28,2054,Asymmetric ET-NMPC,126,12.5,39.0178784399842,37.7908471031061,12.1407637511001
28,2054,Asymmetric ET-NMPC,127,12.6,39.1994846028452,38.143609381098,12.1014600619163
28,2054,Asymmetric ET-NMPC,128,12.7,39.3645663470449,38.4719860431371,12.0678383902002
28,2054,Asymmetric ET-NMPC,129,12.8,39.5125813688586,38.7762797525898,12.0395775376119
28,2054,Asymmetric ET-NMPC,130,12.9,39.6433042697844,39.0565707652625,12.0163019736302
28,2054,Asymmetric ET-NMPC,131,13,39.7568203316899,39.3127177250557,11.9976078288038
28,2054,Asymmetric ET-NMPC,132,13.1,39.8577445438646,39.5417475113027,11.9813843557938
28,2054,Symmetric-energy ET-NMPC,1,0,0,0,3
28,2054,Symmetric-energy ET-NMPC,2,0.1,0,0,3
28,2054,Symmetric-energy ET-NMPC,3,0.2,0.0209497155622598,0.0209497155622598,3.00471368600151
28,2054,Symmetric-energy ET-NMPC,4,0.3,0.0628491466867795,0.0628491466867795,3.01414105800453
28,2054,Symmetric-energy ET-NMPC,5,0.4,0.125698293373559,0.125698293373559,3.02828211600905
28,2054,Symmetric-energy ET-NMPC,6,0.5,0.209497155622598,0.209497155622598,3.04713686001508
28,2054,Symmetric-energy ET-NMPC,7,0.6,0.314245733433897,0.314245733433897,3.07070529002263
28,2054,Symmetric-energy ET-NMPC,8,0.7,0.439944026807456,0.439944026807456,3.09898740603168
28,2054,Symmetric-energy ET-NMPC,9,0.8,0.586592035743275,0.586592035743275,3.13198320804224
28,2054,Symmetric-energy ET-NMPC,10,0.9,0.754189760241354,0.754189760241354,3.16969269605431
28,2054,Symmetric-energy ET-NMPC,11,1,0.942737200301692,0.942737200301692,3.21211587006788
28,2054,Symmetric-energy ET-NMPC,12,1.1,1.15223435592429,1.15223435592429,3.25925273008297
28,2054,Symmetric-energy ET-NMPC,13,1.2,1.38268122710915,1.38268122710915,3.31110327609956
28,2054,Symmetric-energy ET-NMPC,14,1.3,1.63407781385627,1.63407781385627,3.36766750811766
28,2054,Symmetric-energy ET-NMPC,15,1.4,1.90642411616564,1.90642411616564,3.42894542613727
28,2054,Symmetric-energy ET-NMPC,16,1.5,2.19972013403728,2.19972013403728,3.49493703015839
28,2054,Symmetric-energy ET-NMPC,17,1.6,2.5104742482108,2.5104742482108,3.56485670584743
28,2054,Symmetric-energy ET-NMPC,18,1.7,2.83432193461074,2.83432193461074,3.63772243528742
28,2054,Symmetric-energy ET-NMPC,19,1.8,3.16798980018048,3.16798980018048,3.71279770504061
28,2054,Symmetric-energy ET-NMPC,20,1.9,3.50902280012758,3.50902280012758,3.78953013002871
28,2054,Symmetric-energy ET-NMPC,21,2,3.85557965085769,3.85557965085769,3.86750542144298
28,2054,Symmetric-energy ET-NMPC,22,2.1,4.20474157689536,4.20474157689536,3.94606685480146
28,2054,Symmetric-energy ET-NMPC,23,2.2,4.55390350293302,4.55390350293302,4.02462828815993
28,2054,Symmetric-energy ET-NMPC,24,2.3,4.90306542897069,4.90306542897069,4.1031897215184
28,2054,Symmetric-energy ET-NMPC,25,2.4,5.25222735500835,5.25222735500835,4.18175115487688
28,2054,Symmetric-energy ET-NMPC,26,2.5,5.60138928104601,5.60138928104601,4.26031258823535
28,2054,Symmetric-energy ET-NMPC,27,2.6,5.95055120708368,5.95055120708368,4.33887402159383
28,2054,Symmetric-energy ET-NMPC,28,2.7,6.29971313312134,6.29971313312134,4.4174354549523
28,2054,Symmetric-energy ET-NMPC,29,2.8,6.64887505915901,6.64887505915901,4.49599688831078
28,2054,Symmetric-energy ET-NMPC,30,2.9,6.99803698519667,6.99803698519667,4.57455832166925
28,2054,Symmetric-energy ET-NMPC,31,3,7.34719891123433,7.34719891123433,4.65311975502772
28,2054,Symmetric-energy ET-NMPC,32,3.1,7.696360837272,7.696360837272,4.7316811883862
28,2054,Symmetric-energy ET-NMPC,33,3.2,8.0602173942138,8.02582454902121,4.82687608641593
28,2054,Symmetric-energy ET-NMPC,34,3.3,8.43738523218005,8.33463465402674,4.93814486483259
28,2054,Symmetric-energy ET-NMPC,35,3.4,8.82908749645194,8.62049063878118,5.06002879381564
28,2054,Symmetric-energy ET-NMPC,36,3.5,9.23609064280217,8.88204974036697,5.18626379386968
28,2054,Symmetric-energy ET-NMPC,37,3.6,9.6579050176003,9.12093085749966,5.30877275309757
28,2054,Symmetric-energy ET-NMPC,38,3.7,10.0773372875798,9.36717274783183,5.42471024636644
28,2054,Symmetric-energy ET-NMPC,39,3.8,10.4940491078622,9.62008783258616,5.5359991440187
28,2054,Symmetric-energy ET-NMPC,40,3.9,10.9091536526801,9.87983669482096,5.63708695455616
28,2054,Symmetric-energy ET-NMPC,41,4,11.3245633372962,10.1412869268201,5.73236848537274
28,2054,Symmetric-energy ET-NMPC,42,4.1,11.7370543492279,10.4083010318971,5.82485974315149
28,2054,Symmetric-energy ET-NMPC,43,4.2,12.1479941974427,10.6783694731333,5.9153665285182
28,2054,Symmetric-energy ET-NMPC,44,4.3,12.5621562239742,10.9436679613403,6.0052916525626
28,2054,Symmetric-energy ET-NMPC,45,4.4,12.980410581061,11.2031804695254,6.09313555316699
28,2054,Symmetric-energy ET-NMPC,46,4.5,13.4028550898397,11.4573226965302,6.17651639902398
28,2054,Symmetric-energy ET-NMPC,47,4.6,13.8277025068534,11.7054597526811,6.26558195702223
28,2054,Symmetric-energy ET-NMPC,48,4.7,14.2549906363094,11.9501388049211,6.35251305514563
28,2054,Symmetric-energy ET-NMPC,49,4.8,14.6797949079818,12.2013956525999,6.43258381924424
28,2054,Symmetric-energy ET-NMPC,50,4.9,15.0969559076905,12.4639932435218,6.51636451847804
28,2054,Symmetric-energy ET-NMPC,51,5,15.505112988528,12.7406085307969,6.59938126502865
28,2054,Symmetric-energy ET-NMPC,52,5.1,15.9009976779818,13.0341169966026,6.68380930039891
28,2054,Symmetric-energy ET-NMPC,53,5.2,16.2870641403629,13.335433316641,6.78461188917075
28,2054,Symmetric-energy ET-NMPC,54,5.3,16.6667472700901,13.64013674573,6.89861426327718
28,2054,Symmetric-energy ET-NMPC,55,5.4,17.0347952561704,13.9526055815514,7.0286292877268
28,2054,Symmetric-energy ET-NMPC,56,5.5,17.4124695575925,14.2460375648265,7.1744366717533
28,2054,Symmetric-energy ET-NMPC,57,5.6,17.8058463798596,14.5186188713756,7.31919200679476
28,2054,Symmetric-energy ET-NMPC,58,5.7,18.210340233939,14.7696805228471,7.47200813543438
28,2054,Symmetric-energy ET-NMPC,59,5.8,18.6233671758625,14.9995053428538,7.63507038537046
28,2054,Symmetric-energy ET-NMPC,60,5.9,19.0448910480319,15.2090129209049,7.8036651656291
28,2054,Symmetric-energy ET-NMPC,61,6,19.4695007459803,15.400876442205,7.98503493599479
28,2054,Symmetric-energy ET-NMPC,62,6.1,19.9011230420033,15.5889788427465,8.15331945841558
28,2054,Symmetric-energy ET-NMPC,63,6.2,20.3356397007963,15.769631878711,8.3223157714763
28,2054,Symmetric-energy ET-NMPC,64,6.3,20.7567611497388,15.9318423449624,8.51081695509369
28,2054,Symmetric-energy ET-NMPC,65,6.4,21.1855188098646,16.105518751557,8.70056250754701
28,2054,Symmetric-energy ET-NMPC,66,6.5,21.6027016868818,16.2821531017288,8.89827820460843
28,2054,Symmetric-energy ET-NMPC,67,6.6,21.9981137554487,16.4628041650917,9.07574796591583
28,2054,Symmetric-energy ET-NMPC,68,6.7,22.4086527935972,16.666015381323,9.24048138968736
28,2054,Symmetric-energy ET-NMPC,69,6.8,22.8339345419951,16.8845690711134,9.38666524364758
28,2054,Symmetric-energy ET-NMPC,70,6.9,23.2685125694291,17.0892609879274,9.5253849511968
28,2054,Symmetric-energy ET-NMPC,71,7,23.699776601005,17.3137145696017,9.64214078506609
28,2054,Symmetric-energy ET-NMPC,72,7.1,24.1161390788631,17.5482764156279,9.74460332428711
28,2054,Symmetric-energy ET-NMPC,73,7.2,24.5122017832958,17.784500405867,9.82503959565615
28,2054,Symmetric-energy ET-NMPC,74,7.3,24.8871770926211,18.0092601868352,9.88747882078479
28,2054,Symmetric-energy ET-NMPC,75,7.4,25.2426017594779,18.2162914969065,9.93565362518462
28,2054,Symmetric-energy ET-NMPC,76,7.5,25.60998686142,18.4427772158299,10.0032828370231
28,2054,Symmetric-energy ET-NMPC,77,7.6,25.9876616576343,18.6891893274858,10.0908384400163
28,2054,Symmetric-energy ET-NMPC,78,7.7,26.3649642798104,18.9568130112038,10.1996056128982
28,2054,Symmetric-energy ET-NMPC,79,7.8,26.7538554707348,19.2437509031636,10.3277862970086
28,2054,Symmetric-energy ET-NMPC,80,7.9,27.1359603890888,19.5343564244031,10.4675870924099
28,2054,Symmetric-energy ET-NMPC,81,8,27.5140264077941,19.8258160070448,10.616306281443
28,2054,Symmetric-energy ET-NMPC,82,8.1,27.8881363924456,20.117980021821,10.7734110485696
28,2054,Symmetric-energy ET-NMPC,83,8.2,28.2583853415268,20.4107173571536,10.9383976183463
28,2054,Symmetric-energy ET-NMPC,84,8.3,28.6248778360022,20.7039135068155,11.1107903946352
28,2054,Symmetric-energy ET-NMPC,85,8.4,28.9877258173541,20.9974688108911,11.2901409616206
28,2054,Symmetric-energy ET-NMPC,86,8.5,29.3470466682664,21.2912968519085,11.4760269708077
28,2054,Symmetric-energy ET-NMPC,87,8.6,29.7077017930505,21.5898792897562,11.6514590339428
28,2054,Symmetric-energy ET-NMPC,88,8.7,30.0679058044008,21.8914700678977,11.8226199896167
28,2054,Symmetric-energy ET-NMPC,89,8.8,30.4247894761448,22.1929451385082,12.0007963815515
28,2054,Symmetric-energy ET-NMPC,90,8.9,30.7751986791986,22.5045954539303,12.1742537864453
28,2054,Symmetric-energy ET-NMPC,91,9,31.1052475939113,22.8339405155288,12.3548072253426
28,2054,Symmetric-energy ET-NMPC,92,9.1,31.4140367699929,23.1843460865572,12.5333154339134
28,2054,Symmetric-energy ET-NMPC,93,9.2,31.6995967209677,23.5531162095563,12.7134934314116
28,2054,Symmetric-energy ET-NMPC,94,9.3,31.9630001409367,23.9408683626027,12.887467297715
28,2054,Symmetric-energy ET-NMPC,95,9.4,32.2042252067946,24.3464112187066,13.0528319235117
28,2054,Symmetric-energy ET-NMPC,96,9.5,32.4233022892076,24.768371273304,13.2076057723545
28,2054,Symmetric-energy ET-NMPC,97,9.6,32.6198027825718,25.2051174580269,13.3512731877192
28,2054,Symmetric-energy ET-NMPC,98,9.7,32.7945664903299,25.6552414777401,13.4810653805809
28,2054,Symmetric-energy ET-NMPC,99,9.8,32.9501711288578,26.1172274289265,13.5922237242849
28,2054,Symmetric-energy ET-NMPC,100,9.9,33.0987091735771,26.5865738509302,13.6796902059986
28,2054,Symmetric-energy ET-NMPC,101,10,33.2585215850968,27.0554999854578,13.7472792101431
28,2054,Symmetric-energy ET-NMPC,102,10.1,33.4288609826104,27.5230977606172,13.7956197761371
28,2054,Symmetric-energy ET-NMPC,103,10.2,33.608995614607,27.9885705267549,13.82539591322
28,2054,Symmetric-energy ET-NMPC,104,10.3,33.7982160563213,28.4512293125128,13.8373320934519
28,2054,Symmetric-energy ET-NMPC,105,10.4,33.9958404517594,28.9104874713837,13.8321802162997
28,2054,Symmetric-energy ET-NMPC,106,10.5,34.2012184127604,29.3658541802056,13.8107080568415
28,2054,Symmetric-energy ET-NMPC,107,10.6,34.413733718686,29.8169271810358,13.7736892417692
28,2054,Symmetric-energy ET-NMPC,108,10.7,34.6328059727995,30.2633851024455,13.721894725764
28,2054,Symmetric-energy ET-NMPC,109,10.8,34.8578913744754,30.7049796376157,13.656085695531
28,2054,Symmetric-energy ET-NMPC,110,10.9,35.0884827628075,31.1415278000971,13.5770078006351
28,2054,Symmetric-energy ET-NMPC,111,11,35.3241090770574,31.572904427751,13.4853865959557
28,2054,Symmetric-energy ET-NMPC,112,11.1,35.5644078021667,31.9990639538891,13.38221401727
28,2054,Symmetric-energy ET-NMPC,113,11.2,35.8096945845908,32.4203636452383,13.2711241237734
28,2054,Symmetric-energy ET-NMPC,114,11.3,36.0602750429497,32.8373624347829,13.15570556631
28,2054,Symmetric-energy ET-NMPC,115,11.4,36.3163766352372,33.2507009923209,13.0392443655594
28,2054,Symmetric-energy ET-NMPC,116,11.5,36.5781099893372,33.6609920602617,12.9245408742456
28,2054,Symmetric-energy ET-NMPC,117,11.6,36.8454627489497,34.068749948127,12.8138340234588
28,2054,Symmetric-energy ET-NMPC,118,11.7,37.1157972814877,34.4760595114668,12.7088665993241
28,2054,Symmetric-energy ET-NMPC,119,11.8,37.3837506795482,34.8867257396223,12.6111208806437
28,2054,Symmetric-energy ET-NMPC,120,11.9,37.6451819209194,35.3034218248845,12.5215771563392
28,2054,Symmetric-energy ET-NMPC,121,12,37.8967610689668,35.7278801890316,12.4406881621974
28,2054,Symmetric-energy ET-NMPC,122,12.1,38.1409138310678,36.157957960146,12.36705026739
28,2054,Symmetric-energy ET-NMPC,123,12.2,38.3794672852472,36.5904650404838,12.2994901402655
28,2054,Symmetric-energy ET-NMPC,124,12.3,38.607304792336,37.011829149905,12.2388454869083
28,2054,Symmetric-energy ET-NMPC,125,12.4,38.8207327337743,37.4136545922373,12.1854840274226
28,2054,Symmetric-energy ET-NMPC,126,12.5,39.0179375944454,37.7912281110051,12.1390979427544
28,2054,Symmetric-energy ET-NMPC,127,12.6,39.1994756187979,38.1439120963784,12.0986331220697
28,2054,Symmetric-energy ET-NMPC,128,12.7,39.3644944738449,38.4721974450327,12.0638095398758
28,2054,Symmetric-energy ET-NMPC,129,12.8,39.5124547624258,38.7763911098275,12.0343334878542
28,2054,Symmetric-energy ET-NMPC,130,12.9,39.6431349546924,39.0565792411273,12.0098706815861
28,2054,Symmetric-energy ET-NMPC,131,13,39.7566240941845,39.3126274144798,11.9900694345859
28,2054,Symmetric-energy ET-NMPC,132,13.1,39.8575283470889,39.5415756453522,11.9729540295668
29,2055,Asymmetric ET-NMPC,1,0,0,0,3
29,2055,Asymmetric ET-NMPC,2,0.1,0,0,3
29,2055,Asymmetric ET-NMPC,3,0.2,0.0209497155622598,0.0209497155622598,3.00471368600151
29,2055,Asymmetric ET-NMPC,4,0.3,0.0628491466867795,0.0628491466867795,3.01414105800453
29,2055,Asymmetric ET-NMPC,5,0.4,0.125698293373559,0.125698293373559,3.02828211600905
29,2055,Asymmetric ET-NMPC,6,0.5,0.209497155622598,0.209497155622598,3.04713686001508
29,2055,Asymmetric ET-NMPC,7,0.6,0.314245733433897,0.314245733433897,3.07070529002263
29,2055,Asymmetric ET-NMPC,8,0.7,0.439944026807456,0.439944026807456,3.09898740603168
29,2055,Asymmetric ET-NMPC,9,0.8,0.586592035743275,0.586592035743275,3.13198320804224
29,2055,Asymmetric ET-NMPC,10,0.9,0.754189760241354,0.754189760241354,3.16969269605431
29,2055,Asymmetric ET-NMPC,11,1,0.942737200301692,0.942737200301692,3.21211587006788
29,2055,Asymmetric ET-NMPC,12,1.1,1.15223435592429,1.15223435592429,3.25925273008297
29,2055,Asymmetric ET-NMPC,13,1.2,1.38268122710915,1.38268122710915,3.31110327609956
29,2055,Asymmetric ET-NMPC,14,1.3,1.63407781385627,1.63407781385627,3.36766750811766
29,2055,Asymmetric ET-NMPC,15,1.4,1.90642411616564,1.90642411616564,3.42894542613727
29,2055,Asymmetric ET-NMPC,16,1.5,2.19972013403728,2.19972013403728,3.49493703015839
29,2055,Asymmetric ET-NMPC,17,1.6,2.5104742482108,2.5104742482108,3.56485670584743
29,2055,Asymmetric ET-NMPC,18,1.7,2.83432193461074,2.83432193461074,3.63772243528742
29,2055,Asymmetric ET-NMPC,19,1.8,3.16798980018048,3.16798980018048,3.71279770504061
29,2055,Asymmetric ET-NMPC,20,1.9,3.50902280012758,3.50902280012758,3.78953013002871
29,2055,Asymmetric ET-NMPC,21,2,3.85557965085769,3.85557965085769,3.86750542144298
29,2055,Asymmetric ET-NMPC,22,2.1,4.20474157689536,4.20474157689536,3.94606685480146
29,2055,Asymmetric ET-NMPC,23,2.2,4.55390350293302,4.55390350293302,4.02462828815993
29,2055,Asymmetric ET-NMPC,24,2.3,4.90306542897069,4.90306542897069,4.1031897215184
29,2055,Asymmetric ET-NMPC,25,2.4,5.25222735500835,5.25222735500835,4.18175115487688
29,2055,Asymmetric ET-NMPC,26,2.5,5.60138928104601,5.60138928104601,4.26031258823535
29,2055,Asymmetric ET-NMPC,27,2.6,5.95055120708368,5.95055120708368,4.33887402159383
29,2055,Asymmetric ET-NMPC,28,2.7,6.29971313312134,6.29971313312134,4.4174354549523
29,2055,Asymmetric ET-NMPC,29,2.8,6.64887505915901,6.64887505915901,4.49599688831078
29,2055,Asymmetric ET-NMPC,30,2.9,6.99803698519667,6.99803698519667,4.57455832166925
29,2055,Asymmetric ET-NMPC,31,3,7.36464820833337,7.32591391676884,4.66451902871978
29,2055,Asymmetric ET-NMPC,32,3.1,7.74779089514733,7.63130323454457,4.76421379352445
29,2055,Asymmetric ET-NMPC,33,3.2,8.14662387379017,7.91315121133825,4.87142374233602
29,2055,Asymmetric ET-NMPC,34,3.3,8.56252404059023,8.1718633360466,4.9718980563898
29,2055,Asymmetric ET-NMPC,35,3.4,8.9905071608658,8.40636564600056,5.08070575549901
29,2055,Asymmetric ET-NMPC,36,3.5,9.42356079238665,8.63110981816272,5.19004289148562
29,2055,Asymmetric ET-NMPC,37,3.6,9.84858985007658,8.86406323758812,5.3128557755704
29,2055,Asymmetric ET-NMPC,38,3.7,10.2746835926838,9.10514025544897,5.41447267362511
29,2055,Asymmetric ET-NMPC,39,3.8,10.700971449839,9.35355743878144,5.49551319353494
29,2055,Asymmetric ET-NMPC,40,3.9,11.128668677669,9.59342186840381,5.59318681693688
29,2055,Asymmetric ET-NMPC,41,4,11.5576053633275,9.82388292009249,5.70676948881446
29,2055,Asymmetric ET-NMPC,42,4.1,11.9937645883189,10.0322004898143,5.8347105713488
29,2055,Asymmetric ET-NMPC,43,4.2,12.4247245386175,10.2473888391786,5.9687534582788
29,2055,Asymmetric ET-NMPC,44,4.3,12.8512230135621,10.469787039699,6.10527485321462
29,2055,Asymmetric ET-NMPC,45,4.4,13.2747625713468,10.7001870466396,6.23767606088768
29,2055,Asymmetric ET-NMPC,46,4.5,13.696113357933,10.9385601692374,6.36274311916517
29,2055,Asymmetric ET-NMPC,47,4.6,14.1170364550362,11.1849988077142,6.47270558453726
29,2055,Asymmetric ET-NMPC,48,4.7,14.5363242509585,11.4386871847028,6.57190211457515
29,2055,Asymmetric ET-NMPC,49,4.8,14.9546286881543,11.687834901051,6.68568617875243
29,2055,Asymmetric ET-NMPC,50,4.9,15.3696457932664,11.9430065901633,6.79815044658892
29,2055,Asymmetric ET-NMPC,51,5,15.7813350142967,12.2050386601354,6.90701356979262
29,2055,Asymmetric ET-NMPC,52,5.1,16.1862128692902,12.4798247772359,7.00980711231681
29,2055,Asymmetric ET-NMPC,53,5.2,16.5840324296253,12.7661698975085,7.10852929579544
29,2055,Asymmetric ET-NMPC,54,5.3,16.9762362343406,13.0583903172431,7.21237245569072
29,2055,Asymmetric ET-NMPC,55,5.4,17.3630882267938,13.3577599726546,7.31592604256121
29,2055,Asymmetric ET-NMPC,56,5.5,17.7452968167608,13.6588078125112,7.43119438979092
29,2055,Asymmetric ET-NMPC,57,5.6,18.1241777977352,13.9609266406764,7.55437481000467
29,2055,Asymmetric ET-NMPC,58,5.7,18.5014414599233,14.2600922726439,7.68917857049334
29,2055,Asymmetric ET-NMPC,59,5.8,18.8792574036684,14.553033616189,7.83560425776839
29,2055,Asymmetric ET-NMPC,60,5.9,19.2585895570109,14.8399694366379,7.98979554281341
29,2055,Asymmetric ET-NMPC,61,6,19.6422587689018,15.1212228338071,8.14372559974784
29,2055,Asymmetric ET-NMPC,62,6.1,20.0337948564196,15.3899096254744,8.30027239835722
29,2055,Asymmetric ET-NMPC,63,6.2,20.4371925137413,15.6464282611623,8.44679379478828
29,2055,Asymmetric ET-NMPC,64,6.3,20.8498891646017,15.8847050366809,8.59813992991281
29,2055,Asymmetric ET-NMPC,65,6.4,21.2715502914003,16.1156479230473,8.73549813819917
29,2055,Asymmetric ET-NMPC,66,6.5,21.676997691161,16.3283025165797,8.88773342300233
29,2055,Asymmetric ET-NMPC,67,6.6,22.0556883369987,16.5295901639108,9.03256136998679
29,2055,Asymmetric ET-NMPC,68,6.7,22.41017191411,16.7289977674835,9.15976878181642
29,2055,Asymmetric ET-NMPC,69,6.8,22.7363652799734,16.9374937938256,9.28284527133726
29,2055,Asymmetric ET-NMPC,70,6.9,23.0381625211114,17.1609926223375,9.39699175383511
29,2055,Asymmetric ET-NMPC,71,7,23.3582192713945,17.3997616955799,9.49287871959086
29,2055,Asymmetric ET-NMPC,72,7.1,23.6956011132258,17.6460152521101,9.56544565720005
29,2055,Asymmetric ET-NMPC,73,7.2,24.0402452640584,17.8858822318634,9.60961417046841
29,2055,Asymmetric ET-NMPC,74,7.3,24.3923999650721,18.1065693692317,9.64419964684508
29,2055,Asymmetric ET-NMPC,75,7.4,24.7618751745005,18.3099359983113,9.69610563074529
29,2055,Asymmetric ET-NMPC,76,7.5,25.1140291329806,18.4959813654782,9.7306926033766
29,2055,Asymmetric ET-NMPC,77,7.6,25.4852333381285,18.695224317226,9.78432982175752
29,2055,Asymmetric ET-NMPC,78,7.7,25.8737580516318,18.9117877773873,9.85528754759668
29,2055,Asymmetric ET-NMPC,79,7.8,26.2796032728604,19.1456717463933,9.94356578109282
29,2055,Asymmetric ET-NMPC,80,7.9,26.6999835207724,19.3952226870295,10.0484694282794
29,2055,Asymmetric ET-NMPC,81,8,27.1097189994047,19.6550686960565,10.1692870145104
29,2055,Asymmetric ET-NMPC,82,8.1,27.5144939646535,19.9177744558837,10.3002179553208
29,2055,Asymmetric ET-NMPC,83,8.2,27.9143678512958,20.1830584953507,10.4406645757345
29,2055,Asymmetric ET-NMPC,84,8.3,28.3094220334301,20.4506654189379,10.5900591125368
29,2055,Asymmetric ET-NMPC,85,8.4,28.6997558885143,20.7203638888537,10.747863475278
29,2055,Asymmetric ET-NMPC,86,8.5,29.0854833177817,20.9919446761922,10.9135687143605
29,2055,Asymmetric ET-NMPC,87,8.6,29.4667296900645,21.2652187993456,11.0866942677488
29,2055,Asymmetric ET-NMPC,88,8.7,29.843629177133,21.5400157705577,11.2667870251271
29,2055,Asymmetric ET-NMPC,89,8.8,30.2201169844563,21.8199256809556,11.439724508045
29,2055,Asymmetric ET-NMPC,90,8.9,30.5924776262481,22.1009682732045,11.6196206274763
29,2055,Asymmetric ET-NMPC,91,9,30.9608454375129,22.3830126133508,11.8060506299312
29,2055,Asymmetric ET-NMPC,92,9.1,31.3134074341569,22.6778728106803,12.0029198823635
29,2055,Asymmetric ET-NMPC,93,9.2,31.6628217680387,22.9727783885546,12.2052570351963
29,2055,Asymmetric ET-NMPC,94,9.3,31.9904323954648,23.2846157603256,12.4183972012009
29,2055,Asymmetric ET-NMPC,95,9.4,32.295306236926,23.6138273309557,12.639013797485
29,2055,Asymmetric ET-NMPC,96,9.5,32.5803406077655,23.9521317552609,12.8720492538766
29,2055,Asymmetric ET-NMPC,97,9.6,32.8449741724847,24.310836986142,13.0968619248103
29,2055,Asymmetric ET-NMPC,98,9.7,33.0901722910211,24.6889776633627,13.3096526634012
29,2055,Asymmetric ET-NMPC,99,9.8,33.3175357844781,25.0849529656248,13.5061998710361
29,2055,Asymmetric ET-NMPC,100,9.9,33.5232346643625,25.4897009978122,13.7156443774209
29,2055,Asymmetric ET-NMPC,101,10,33.706186435909,25.8996110437,13.9358769898293
29,2055,Asymmetric ET-NMPC,102,10.1,33.8666411298743,26.313489114125,14.1660057233804
29,2055,Asymmetric ET-NMPC,103,10.2,34.0025009729802,26.7363816962805,14.3955791691208
29,2055,Asymmetric ET-NMPC,104,10.3,34.1317490132988,27.173512485925,14.6010338279108
29,2055,Asymmetric ET-NMPC,105,10.4,34.2745399364451,27.6162508715826,14.7843190540812
29,2055,Asymmetric ET-NMPC,106,10.5,34.4301025943987,28.0632394721621,14.9455687064913
29,2055,Asymmetric ET-NMPC,107,10.6,34.5976467101255,28.5132095928513,15.0850529700207
29,2055,Asymmetric ET-NMPC,108,10.7,34.776375637423,28.9649907445636,15.203162078495
29,2055,Asymmetric ET-NMPC,109,10.8,34.9654976605527,29.4175166841865,15.3003893089176
29,2055,Asymmetric ET-NMPC,110,10.9,35.1642356887986,29.8698283088372,15.3773138845408
29,2055,Asymmetric ET-NMPC,111,11,35.3718352848964,30.3210738049821,15.4345843822595
29,2055,Asymmetric ET-NMPC,112,11.1,35.5875710589675,30.7705065080606,15.4729030616416
29,2055,Asymmetric ET-NMPC,113,11.2,35.8107515185066,31.2174809325492,15.493011426394
29,2055,Asymmetric ET-NMPC,114,11.3,36.0407225098581,31.6614474140554,15.495677216288
29,2055,Asymmetric ET-NMPC,115,11.4,36.2768694133825,32.1019457680973,15.4816829302318
29,2055,Asymmetric ET-NMPC,116,11.5,36.5186182670218,32.5385983215076,15.4518159021858
29,2055,Asymmetric ET-NMPC,117,11.6,36.765435994903,32.9711026177508,15.4068598910778
29,2055,Asymmetric ET-NMPC,118,11.7,37.0168297461009,33.3992241275726,15.3475880201219
29,2055,Asymmetric ET-NMPC,119,11.8,37.2691926288549,33.8244236253741,15.2733023386118
29,2055,Asymmetric ET-NMPC,120,11.9,37.5184669337201,34.2484292900893,15.1834050793465
29,2055,Asymmetric ET-NMPC,121,12,37.7617698396066,34.6723140466076,15.0779280241231
29,2055,Asymmetric ET-NMPC,122,12.1,37.9966463639039,35.096868221016,14.9571523174334
29,2055,Asymmetric ET-NMPC,123,12.2,38.2210936998379,35.522585725997,14.8215499599873
29,2055,Asymmetric ET-NMPC,124,12.3,38.4339845851011,35.9484337450873,14.66880528542
29,2055,Asymmetric ET-NMPC,125,12.4,38.6351873031046,36.3713006558455,14.4935881571082
29,2055,Asymmetric ET-NMPC,126,12.5,38.8253984971934,36.7876275450462,14.2923628531035
29,2055,Asymmetric ET-NMPC,127,12.6,39.0042189518814,37.1931821952272,14.068914908713
29,2055,Asymmetric ET-NMPC,128,12.7,39.169230413947,37.5796349153786,13.8359172314816
29,2055,Asymmetric ET-NMPC,129,12.8,39.3189574541383,37.941276630355,13.6031622267332
29,2055,Asymmetric ET-NMPC,130,12.9,39.4543448629243,38.2774471343282,13.3771594350436
29,2055,Asymmetric ET-NMPC,131,13,39.576124742422,38.5890944733793,13.1618079122394
29,2055,Asymmetric ET-NMPC,132,13.1,39.684635916487,38.8773983760836,12.9598364281371
29,2055,Asymmetric ET-NMPC,133,13.2,39.7803119998553,39.1432372313679,12.7730498737755
29,2055,Asymmetric ET-NMPC,134,13.3,39.8636248199132,39.3871967112563,12.6026475390351
29,2055,Asymmetric ET-NMPC,135,13.4,39.9350851629969,39.6095957716384,12.4494110745114
29,2055,Asymmetric ET-NMPC,136,13.5,39.9981468381028,39.8075476122945,12.3113994523141
29,2055,Symmetric-energy ET-NMPC,1,0,0,0,3
29,2055,Symmetric-energy ET-NMPC,2,0.1,0,0,3
29,2055,Symmetric-energy ET-NMPC,3,0.2,0.0209497155622598,0.0209497155622598,3.00471368600151
29,2055,Symmetric-energy ET-NMPC,4,0.3,0.0628491466867795,0.0628491466867795,3.01414105800453
29,2055,Symmetric-energy ET-NMPC,5,0.4,0.125698293373559,0.125698293373559,3.02828211600905
29,2055,Symmetric-energy ET-NMPC,6,0.5,0.209497155622598,0.209497155622598,3.04713686001508
29,2055,Symmetric-energy ET-NMPC,7,0.6,0.314245733433897,0.314245733433897,3.07070529002263
29,2055,Symmetric-energy ET-NMPC,8,0.7,0.439944026807456,0.439944026807456,3.09898740603168
29,2055,Symmetric-energy ET-NMPC,9,0.8,0.586592035743275,0.586592035743275,3.13198320804224
29,2055,Symmetric-energy ET-NMPC,10,0.9,0.754189760241354,0.754189760241354,3.16969269605431
29,2055,Symmetric-energy ET-NMPC,11,1,0.942737200301692,0.942737200301692,3.21211587006788
29,2055,Symmetric-energy ET-NMPC,12,1.1,1.15223435592429,1.15223435592429,3.25925273008297
29,2055,Symmetric-energy ET-NMPC,13,1.2,1.38268122710915,1.38268122710915,3.31110327609956
29,2055,Symmetric-energy ET-NMPC,14,1.3,1.63407781385627,1.63407781385627,3.36766750811766
29,2055,Symmetric-energy ET-NMPC,15,1.4,1.90642411616564,1.90642411616564,3.42894542613727
29,2055,Symmetric-energy ET-NMPC,16,1.5,2.19972013403728,2.19972013403728,3.49493703015839
29,2055,Symmetric-energy ET-NMPC,17,1.6,2.5104742482108,2.5104742482108,3.56485670584743
29,2055,Symmetric-energy ET-NMPC,18,1.7,2.83432193461074,2.83432193461074,3.63772243528742
29,2055,Symmetric-energy ET-NMPC,19,1.8,3.16798980018048,3.16798980018048,3.71279770504061
29,2055,Symmetric-energy ET-NMPC,20,1.9,3.50902280012758,3.50902280012758,3.78953013002871
29,2055,Symmetric-energy ET-NMPC,21,2,3.85557965085769,3.85557965085769,3.86750542144298
29,2055,Symmetric-energy ET-NMPC,22,2.1,4.20474157689536,4.20474157689536,3.94606685480146
29,2055,Symmetric-energy ET-NMPC,23,2.2,4.55390350293302,4.55390350293302,4.02462828815993
29,2055,Symmetric-energy ET-NMPC,24,2.3,4.90306542897069,4.90306542897069,4.1031897215184
29,2055,Symmetric-energy ET-NMPC,25,2.4,5.25222735500835,5.25222735500835,4.18175115487688
29,2055,Symmetric-energy ET-NMPC,26,2.5,5.60138928104601,5.60138928104601,4.26031258823535
29,2055,Symmetric-energy ET-NMPC,27,2.6,5.95055120708368,5.95055120708368,4.33887402159383
29,2055,Symmetric-energy ET-NMPC,28,2.7,6.29971313312134,6.29971313312134,4.4174354549523
29,2055,Symmetric-energy ET-NMPC,29,2.8,6.64887505915901,6.64887505915901,4.49599688831078
29,2055,Symmetric-energy ET-NMPC,30,2.9,6.99803698519667,6.99803698519667,4.57455832166925
29,2055,Symmetric-energy ET-NMPC,31,3,7.36462720033781,7.32592408857967,4.66456755229521
29,2055,Symmetric-energy ET-NMPC,32,3.1,7.74773054012905,7.63133184310167,4.7643570032338
29,2055,Symmetric-energy ET-NMPC,33,3.2,8.14650214064978,7.91320664673183,4.87172462263835
29,2055,Symmetric-energy ET-NMPC,34,3.3,8.56230130000273,8.17178408930816,4.97296080822464
29,2055,Symmetric-energy ET-NMPC,35,3.4,8.99019880902172,8.4061308765878,5.08243822629366
29,2055,Symmetric-energy ET-NMPC,36,3.5,9.42313292169961,8.63075172261218,5.19249970734445
29,2055,Symmetric-energy ET-NMPC,37,3.6,9.84806842759853,8.86353197692088,5.31596293681142
29,2055,Symmetric-energy ET-NMPC,38,3.7,10.2740565294661,9.10446960176613,5.41835042628721
29,2055,Symmetric-energy ET-NMPC,39,3.8,10.7002705456832,9.35276892413802,5.50013709323105
29,2055,Symmetric-energy ET-NMPC,40,3.9,11.1277743426324,9.5927030484253,5.59848402809177
29,2055,Symmetric-energy ET-NMPC,41,4,11.5564772147726,9.82328856746578,5.71269508634609
29,2055,Symmetric-energy ET-NMPC,42,4.1,11.992400124381,10.0317240621822,5.84124803816301
29,2055,Symmetric-energy ET-NMPC,43,4.2,12.4231158818495,10.2470035210426,5.97592799532489
29,2055,Symmetric-energy ET-NMPC,44,4.3,12.8493479599339,10.4694512850147,6.1131985599615
29,2055,Symmetric-energy ET-NMPC,45,4.4,13.2726172526188,10.6998846474269,6.24640355745594
29,2055,Symmetric-energy ET-NMPC,46,4.5,13.6937122661058,10.9382896627012,6.37226871668771
29,2055,Symmetric-energy ET-NMPC,47,4.6,14.1144286570539,11.1847718914584,6.4829223623323
29,2055,Symmetric-energy ET-NMPC,48,4.7,14.5335170032305,11.4385035707477,6.58284830002628
29,2055,Symmetric-energy ET-NMPC,49,4.8,14.9515383117457,11.6878320980942,6.69727500616823
29,2055,Symmetric-energy ET-NMPC,50,4.9,15.366259849919,11.9431500294509,6.81049514440735
29,2055,Symmetric-energy ET-NMPC,51,5,15.7777256882286,12.2052448600672,6.92004953121315
29,2055,Symmetric-energy ET-NMPC,52,5.1,16.1825474698207,12.479968829735,7.02322930461161
29,2055,Symmetric-energy ET-NMPC,53,5.2,16.5803921477459,12.7661966046877,7.12219027213043
29,2055,Symmetric-energy ET-NMPC,54,5.3,16.9726728389476,13.058240226123,7.22624017597085
29,2055,Symmetric-energy ET-NMPC,55,5.4,17.3596292154612,13.3573843233828,7.33005526037637
29,2055,Symmetric-energy ET-NMPC,56,5.5,17.7419359425892,13.6582134234949,7.44556897782354
29,2055,Symmetric-energy ET-NMPC,57,5.6,18.1209318068147,13.9601543115739,7.56883225299496
29,2055,Symmetric-energy ET-NMPC,58,5.7,18.4983605172096,14.2590560965014,7.70375923894218
29,2055,Symmetric-energy ET-NMPC,59,5.8,18.8764597999834,14.5516452996283,7.85015763572131
29,2055,Symmetric-energy ET-NMPC,60,5.9,19.2561176517926,14.8382460957479,8.00417029501662
29,2055,Symmetric-energy ET-NMPC,61,6,19.6401379815171,15.1191810166231,8.15780608704157
29,2055,Symmetric-energy ET-NMPC,62,6.1,20.032065645659,15.3875508278313,8.31391614601394
29,2055,Symmetric-energy ET-NMPC,63,6.2,20.4357784627203,15.6438128805833,8.46001789706354
29,2055,Symmetric-energy ET-NMPC,64,6.3,20.8487391029413,15.881918543837,8.61091257143872
29,2055,Symmetric-energy ET-NMPC,65,6.4,21.2704697258715,16.1127872502473,8.74818209494399
29,2055,Symmetric-energy ET-NMPC,66,6.5,21.6759587757909,16.3255762184178,8.90027348900268
29,2055,Symmetric-energy ET-NMPC,67,6.6,22.0546269210198,16.5271364069853,9.04497884351326
29,2055,Symmetric-energy ET-NMPC,68,6.7,22.4089455744604,16.7268795051868,9.1722543261868
29,2055,Symmetric-energy ET-NMPC,69,6.8,22.7349337510881,16.9355922442537,9.29541524614977
29,2055,Symmetric-energy ET-NMPC,70,6.9,23.0363847371372,17.1592188005206,9.40988684306481
29,2055,Symmetric-energy ET-NMPC,71,7,23.3560851051603,17.3981397949244,9.50610905041076
29,2055,Symmetric-energy ET-NMPC,72,7.1,23.6931496925482,17.6445520120484,9.57904251652826
29,2055,Symmetric-energy ET-NMPC,73,7.2,24.0376229524168,17.8845933488091,9.62361185996464
29,2055,Symmetric-energy ET-NMPC,74,7.3,24.3896980067514,18.1054592082608,9.65868745683492
29,2055,Symmetric-energy ET-NMPC,75,7.4,24.7590935695052,18.3090045594201,9.71108356122062
29,2055,Symmetric-energy ET-NMPC,76,7.5,25.1111682010828,18.495228947054,9.74616003611439
29,2055,Symmetric-energy ET-NMPC,77,7.6,25.4823644060167,18.6944429805714,9.8003580834382
29,2055,Symmetric-energy ET-NMPC,78,7.7,25.8708811193146,18.9109775225001,9.87187663821399
29,2055,Symmetric-energy ET-NMPC,79,7.8,26.2767183403617,19.144832573267,9.96071570062931
29,2055,Symmetric-energy ET-NMPC,80,7.9,26.6970097999673,19.3943067992745,10.0661562030016
29,2055,Symmetric-energy ET-NMPC,81,8,27.1068105039612,19.6538693812284,10.187361190752
29,2055,Symmetric-energy ET-NMPC,82,8.1,27.5116430281792,19.9163037376424,10.3186579382699
29,2055,Symmetric-energy ET-NMPC,83,8.2,27.9115676647203,20.1813281577915,10.4594497768549
29,2055,Symmetric-energy ET-NMPC,84,8.3,28.3066665568284,20.4486869752275,10.609169943146
29,2055,Symmetric-energy ET-NMPC,85,8.4,28.6970397702595,20.7181485553809,10.7672813312769
29,2055,Symmetric-energy ET-NMPC,86,8.5,29.0828018208485,20.9895033518154,10.933275954013
29,2055,Symmetric-energy ET-NMPC,87,8.6,29.464078625223,21.2625620493339,11.1066741839795
29,2055,Symmetric-energy ET-NMPC,88,8.7,29.8410048434891,21.5371538154259,11.2870238110323
29,2055,Symmetric-energy ET-NMPC,89,8.8,30.21372155983,21.8131246160457,11.4738990811066
29,2055,Symmetric-energy ET-NMPC,90,8.9,30.5836004469383,22.0936302546789,11.6596575144723
29,2055,Symmetric-energy ET-NMPC,91,9,30.9495578205906,22.3751174582064,11.8515954078645
29,2055,Symmetric-energy ET-NMPC,92,9.1,31.3001525587311,22.6701160312369,12.0517432819429
29,2055,Symmetric-energy ET-NMPC,93,9.2,31.6476773482596,22.9651258862871,12.2571592162967
29,2055,Symmetric-energy ET-NMPC,94,9.3,31.9732970523727,23.2779343489746,12.4719211169318
29,2055,Symmetric-energy ET-NMPC,95,9.4,32.2762141442912,23.6089533419168,12.6925286003388
29,2055,Symmetric-energy ET-NMPC,96,9.5,32.5616641444985,23.9474487112206,12.9247767054797
29,2055,Symmetric-energy ET-NMPC,97,9.6,32.8271066932902,24.3059515324677,13.1470546674628
29,2055,Symmetric-energy ET-NMPC,98,9.7,33.0734057655437,24.6835978304357,13.3564076689015
29,2055,Symmetric-energy ET-NMPC,99,9.8,33.3022352969346,25.0787136692417,13.5487421426439
29,2055,Symmetric-energy ET-NMPC,100,9.9,33.5101192417216,25.4840812184672,13.7548038216012
29,2055,Symmetric-energy ET-NMPC,101,10,33.6952530089923,25.8947257449063,13.9718212428415
29,2055,Symmetric-energy ET-NMPC,102,10.1,33.8578708113241,26.3094410867019,14.1989041256049
29,2055,Symmetric-energy ET-NMPC,103,10.2,33.9958356828653,26.7336741632681,14.424718188426
29,2055,Symmetric-energy ET-NMPC,104,10.3,34.1303819551577,27.1712711980648,14.6257309635159
29,2055,Symmetric-energy ET-NMPC,105,10.4,34.2782353585513,27.6141666680426,14.804568805647
29,2055,Symmetric-energy ET-NMPC,106,10.5,34.4386153061974,28.061025461294,14.9613983031497
29,2055,Symmetric-energy ET-NMPC,107,10.6,34.610725975255,28.5106034316312,15.0965188648124
29,2055,Symmetric-energy ET-NMPC,108,10.7,34.7937687099965,28.9617560652597,15.2103461832753
29,2055,Symmetric-energy ET-NMPC,109,10.8,34.9869529070235,29.4134437428319,15.3033951378554
29,2055,Symmetric-energy ET-NMPC,110,10.9,35.1895052622441,29.8647339540485,15.3762627483185
29,2055,Symmetric-energy ET-NMPC,111,11,35.4006773469362,30.3148008769066,15.4296117463958
29,2055,Symmetric-energy ET-NMPC,112,11.1,35.6197515625757,30.7629227811766,15.4641551532245
29,2055,Symmetric-energy ET-NMPC,113,11.2,35.8460455795241,31.2084777126528,15.4806421459969
29,2055,Symmetric-energy ET-NMPC,114,11.3,36.0789154057441,31.6509378907629,15.4798453882151
29,2055,Symmetric-energy ET-NMPC,115,11.4,36.3177572524722,32.0898632129622,15.4625499037228
29,2055,Symmetric-energy ET-NMPC,116,11.5,36.5620083739573,32.5248942083874,15.4295435002133
29,2055,Symmetric-energy ET-NMPC,117,11.6,36.8111470566394,32.9557447287786,15.3816086916706
29,2055,Symmetric-energy ET-NMPC,118,11.7,37.0643148831574,33.3823910000472,15.3193269862603
29,2055,Symmetric-energy ET-NMPC,119,11.8,37.3173158002491,33.8066291350436,15.2417864112983
29,2055,Symmetric-energy ET-NMPC,120,11.9,37.5663180918931,34.2300724177217,15.1485466927718
29,2055,Symmetric-energy ET-NMPC,121,12,37.8085762773266,34.6537094118409,15.0397226659942
29,2055,Symmetric-energy ET-NMPC,122,12.1,38.0417702760125,35.0782428366871,14.915658448086
29,2055,Symmetric-energy ET-NMPC,123,12.2,38.2640324866115,35.5040806090137,14.77687191632
29,2055,Symmetric-energy ET-NMPC,124,12.3,38.4742587133918,35.930234096462,14.6213144069885
29,2055,Symmetric-energy ET-NMPC,125,12.4,38.672323743501,36.3535610687217,14.4436503464551
29,2055,Symmetric-energy ET-NMPC,126,12.5,38.8589900966285,36.7704272623337,14.2402339035763
29,2055,Symmetric-energy ET-NMPC,127,12.6,39.0340995599192,37.1768477742475,14.0167807220159
29,2055,Symmetric-energy ET-NMPC,128,12.7,39.1953872288354,37.5643645052309,13.7854140907667
29,2055,Symmetric-energy ET-NMPC,129,12.8,39.3414960217216,37.9271975028039,13.5554606740571
29,2055,Symmetric-energy ET-NMPC,130,12.9,39.4734488666833,38.2646493099362,13.3329506645095
29,2055,Symmetric-energy ET-NMPC,131,13,39.592024111393,38.5776174229603,13.1214673740709
29,2055,Symmetric-energy ET-NMPC,132,13.1,39.6975543529499,38.8672269314844,12.9235562422137
29,2055,Symmetric-energy ET-NMPC,133,13.2,39.7904577407406,39.1342929038404,12.7408881920987
29,2055,Symmetric-energy ET-NMPC,134,13.3,39.871187395501,39.3793312807,12.5745475808753
29,2055,Symmetric-energy ET-NMPC,135,13.4,39.9402352368639,39.6025829583546,12.425203292004
29,2055,Symmetric-energy ET-NMPC,136,13.5,40.0010944362272,39.801201971478,12.2908982178825
30,2056,Asymmetric ET-NMPC,1,0,0,0,3
30,2056,Asymmetric ET-NMPC,2,0.1,0,0,3
30,2056,Asymmetric ET-NMPC,3,0.2,0.0209497155622598,0.0209497155622598,3.00471368600151
30,2056,Asymmetric ET-NMPC,4,0.3,0.0628491466867795,0.0628491466867795,3.01414105800453
30,2056,Asymmetric ET-NMPC,5,0.4,0.125698293373559,0.125698293373559,3.02828211600905
30,2056,Asymmetric ET-NMPC,6,0.5,0.209497155622598,0.209497155622598,3.04713686001508
30,2056,Asymmetric ET-NMPC,7,0.6,0.314245733433897,0.314245733433897,3.07070529002263
30,2056,Asymmetric ET-NMPC,8,0.7,0.439944026807456,0.439944026807456,3.09898740603168
30,2056,Asymmetric ET-NMPC,9,0.8,0.586592035743275,0.586592035743275,3.13198320804224
30,2056,Asymmetric ET-NMPC,10,0.9,0.754189760241354,0.754189760241354,3.16969269605431
30,2056,Asymmetric ET-NMPC,11,1,0.942737200301692,0.942737200301692,3.21211587006788
30,2056,Asymmetric ET-NMPC,12,1.1,1.15223435592429,1.15223435592429,3.25925273008297
30,2056,Asymmetric ET-NMPC,13,1.2,1.38268122710915,1.38268122710915,3.31110327609956
30,2056,Asymmetric ET-NMPC,14,1.3,1.63407781385627,1.63407781385627,3.36766750811766
30,2056,Asymmetric ET-NMPC,15,1.4,1.90642411616564,1.90642411616564,3.42894542613727
30,2056,Asymmetric ET-NMPC,16,1.5,2.19972013403728,2.19972013403728,3.49493703015839
30,2056,Asymmetric ET-NMPC,17,1.6,2.5104742482108,2.5104742482108,3.56485670584743
30,2056,Asymmetric ET-NMPC,18,1.7,2.83432193461074,2.83432193461074,3.63772243528742
30,2056,Asymmetric ET-NMPC,19,1.8,3.16798980018048,3.16798980018048,3.71279770504061
30,2056,Asymmetric ET-NMPC,20,1.9,3.50902280012758,3.50902280012758,3.78953013002871
30,2056,Asymmetric ET-NMPC,21,2,3.85557965085769,3.85557965085769,3.86750542144298
30,2056,Asymmetric ET-NMPC,22,2.1,4.20474157689536,4.20474157689536,3.94606685480146
30,2056,Asymmetric ET-NMPC,23,2.2,4.55390350293302,4.55390350293302,4.02462828815993
30,2056,Asymmetric ET-NMPC,24,2.3,4.90306542897069,4.90306542897069,4.1031897215184
30,2056,Asymmetric ET-NMPC,25,2.4,5.25222735500835,5.25222735500835,4.18175115487688
30,2056,Asymmetric ET-NMPC,26,2.5,5.60138928104601,5.60138928104601,4.26031258823535
30,2056,Asymmetric ET-NMPC,27,2.6,5.95055120708368,5.95055120708368,4.33887402159383
30,2056,Asymmetric ET-NMPC,28,2.7,6.29971313312134,6.29971313312134,4.4174354549523
30,2056,Asymmetric ET-NMPC,29,2.8,6.64887505915901,6.64887505915901,4.49599688831078
30,2056,Asymmetric ET-NMPC,30,2.9,6.99803698519667,6.99803698519667,4.57455832166925
30,2056,Asymmetric ET-NMPC,31,3,7.34719891123433,7.34719891123433,4.65311975502772
30,2056,Asymmetric ET-NMPC,32,3.1,7.696360837272,7.696360837272,4.7316811883862
30,2056,Asymmetric ET-NMPC,33,3.2,8.06021739583599,8.02582454797096,4.82687608385038
30,2056,Asymmetric ET-NMPC,34,3.3,8.43754941263654,8.33452780573568,4.93788440670356
30,2056,Asymmetric ET-NMPC,35,3.4,8.83147219197016,8.61958842343534,5.05435452372407
30,2056,Asymmetric ET-NMPC,36,3.5,9.24138205098999,8.88032104839284,5.17264402351638
30,2056,Asymmetric ET-NMPC,37,3.6,9.66581475072985,9.11995888923241,5.28413657317455
30,2056,Asymmetric ET-NMPC,38,3.7,10.0873190250314,9.36666518771504,5.3912353548414
30,2056,Asymmetric ET-NMPC,39,3.8,10.5070673193521,9.6205639466328,5.4879141510424
30,2056,Asymmetric ET-NMPC,40,3.9,10.9249909549339,9.8811592548683,5.5741111356055
30,2056,Asymmetric ET-NMPC,41,4,11.344473415753,10.1438058189209,5.64518326415481
30,2056,Asymmetric ET-NMPC,42,4.1,11.768240035755,10.401638024568,5.70798776640712
30,2056,Asymmetric ET-NMPC,43,4.2,12.1948684524316,10.653990541006,5.77361094471705
30,2056,Asymmetric ET-NMPC,44,4.3,12.6270423114312,10.8970318349311,5.838083303481
30,2056,Asymmetric ET-NMPC,45,4.4,13.0598753970338,11.1371488735512,5.90878922807018
30,2056,Asymmetric ET-NMPC,46,4.5,13.4904444973264,11.3807608181327,5.9813390063636
30,2056,Asymmetric ET-NMPC,47,4.6,13.9175679638276,11.6309089741292,6.05198916146302
30,2056,Asymmetric ET-NMPC,48,4.7,14.3407916544783,11.8868588291607,6.12527885638215
30,2056,Asymmetric ET-NMPC,49,4.8,14.7599042549043,12.1477585609818,6.20449980121263
30,2056,Asymmetric ET-NMPC,50,4.9,15.1752244290859,12.4140464295293,6.28573971740032
30,2056,Asymmetric ET-NMPC,51,5,15.5875270073461,12.6855617291752,6.36502418005365
30,2056,Asymmetric ET-NMPC,52,5.1,15.9945888465088,12.9636199282584,6.44859628676451
30,2056,Asymmetric ET-NMPC,53,5.2,16.3965870865259,13.2481413069814,6.53488070061025
30,2056,Asymmetric ET-NMPC,54,5.3,16.7932961114873,13.539254517938,6.62362216735878
30,2056,Asymmetric ET-NMPC,55,5.4,17.1840598925753,13.837781285946,6.71409556771798
30,2056,Asymmetric ET-NMPC,56,5.5,17.5693872773914,14.1430135207939,6.80550721533747
30,2056,Asymmetric ET-NMPC,57,5.6,17.9565804974174,14.4427557960896,6.9066802293603
30,2056,Asymmetric ET-NMPC,58,5.7,18.3492452782281,14.7292771274472,7.02381219164201
30,2056,Asymmetric ET-NMPC,59,5.8,18.7495481904638,14.9977027990071,7.15687322013364
30,2056,Asymmetric ET-NMPC,60,5.9,19.1560918072681,15.2486921613089,7.30427277117416
30,2056,Asymmetric ET-NMPC,61,6,19.5690758335147,15.4842222201275,7.45909455729638
30,2056,Asymmetric ET-NMPC,62,6.1,19.9902659197657,15.7036385696083,7.61547670725087
30,2056,Asymmetric ET-NMPC,63,6.2,20.4211184051185,15.9094922955208,7.763768242388
30,2056,Asymmetric ET-NMPC,64,6.3,20.8599746500175,16.1052667414449,7.90188979261187
30,2056,Asymmetric ET-NMPC,65,6.4,21.2915972034106,16.2929661131106,8.02841198192639
30,2056,Asymmetric ET-NMPC,66,6.5,21.6962104238093,16.4693975650026,8.14833645078867
30,2056,Asymmetric ET-NMPC,67,6.6,22.0725166605954,16.6360856716406,8.26631620835525
30,2056,Asymmetric ET-NMPC,68,6.7,22.4328599589747,16.8118043102896,8.38821679118892
30,2056,Asymmetric ET-NMPC,69,6.8,22.7662533537456,17.0006897832496,8.50953671084735
30,2056,Asymmetric ET-NMPC,70,6.9,23.1206134017837,17.2105418923536,8.6262959705124
30,2056,Asymmetric ET-NMPC,71,7,23.4964092681309,17.4395726281617,8.73452962338608
30,2056,Asymmetric ET-NMPC,72,7.1,23.8831190880212,17.6787914807012,8.8324669549456
30,2056,Asymmetric ET-NMPC,73,7.2,24.2673564122884,17.9121077302286,8.92000101119061
30,2056,Asymmetric ET-NMPC,74,7.3,24.6363654961916,18.1283252335262,9.0067293364779
30,2056,Asymmetric ET-NMPC,75,7.4,24.9857995189603,18.3245461462975,9.08264316460132
30,2056,Asymmetric ET-NMPC,76,7.5,25.3140204161855,18.4995539415496,9.15847362733567
30,2056,Asymmetric ET-NMPC,77,7.6,25.6210467967162,18.6533672207328,9.23304514182161
30,2056,Asymmetric ET-NMPC,78,7.7,25.9299013181109,18.8283542802044,9.3287904355941
30,2056,Asymmetric ET-NMPC,79,7.8,26.2489674278363,19.0232878118969,9.44448220047574
30,2056,Asymmetric ET-NMPC,80,7.9,26.5843690095033,19.2360139319187,9.57796655249327
30,2056,Asymmetric ET-NMPC,81,8,26.9341792068249,19.4673463929586,9.73005724399043
30,2056,Asymmetric ET-NMPC,82,8.1,27.3013099122905,19.7159993623555,9.89946844321388
30,2056,Asymmetric ET-NMPC,83,8.2,27.6831631608614,19.980175499452,10.0849382929054
30,2056,Asymmetric ET-NMPC,84,8.3,28.0605464487904,20.2463055438767,10.2766585407835
30,2056,Asymmetric ET-NMPC,85,8.4,28.4336175249971,20.5142208865956,10.4742422982985
30,2056,Asymmetric ET-NMPC,86,8.5,28.8025365496653,20.7837680189988,10.6773262628331
30,2056,Asymmetric ET-NMPC,87,8.6,29.1674646244679,21.0548072255548,10.8855695069742
30,2056,Asymmetric ET-NMPC,88,8.7,29.5299811882425,21.3287072280718,11.09428110131
30,2056,Asymmetric ET-NMPC,89,8.8,29.8947131623551,21.6091886316343,11.2899869247174
30,2056,Asymmetric ET-NMPC,90,8.9,30.2585651386826,21.8934775891824,11.4817981025429
30,2056,Asymmetric ET-NMPC,91,9,30.6212135526797,22.1834318336154,11.6673046090612
30,2056,Asymmetric ET-NMPC,92,9.1,30.9746278200789,22.4811809135635,11.8582073093793
30,2056,Asymmetric ET-NMPC,93,9.2,31.3151627635564,22.7885944983041,12.0570359798163
30,2056,Asymmetric ET-NMPC,94,9.3,31.6373809616949,23.1142912177521,12.2572785320603
30,2056,Asymmetric ET-NMPC,95,9.4,31.9366944493984,23.4580862813308,12.4627448074868
30,2056,Asymmetric ET-NMPC,96,9.5,32.212978313081,23.8206617130833,12.6681864852403
30,2056,Asymmetric ET-NMPC,97,9.6,32.4657776509953,24.2010324311957,12.8716824595316
30,2056,Asymmetric ET-NMPC,98,9.7,32.6976289463768,24.5998499514138,13.0645284146277
30,2056,Asymmetric ET-NMPC,99,9.8,32.9078021972052,25.0155468363677,13.2462515680118
30,2056,Asymmetric ET-NMPC,100,9.9,33.0986586537111,25.4470477730018,13.4117228787997
30,2056,Asymmetric ET-NMPC,101,10,33.2709910297607,25.892756493004,13.5588462592638
30,2056,Asymmetric ET-NMPC,102,10.1,33.4243933882512,26.3509780508011,13.6873013890934
30,2056,Asymmetric ET-NMPC,103,10.2,33.558606726137,26.8199905475648,13.7969100466575
30,2056,Asymmetric ET-NMPC,104,10.3,33.6781445229606,27.2974304392987,13.8850114933636
30,2056,Asymmetric ET-NMPC,105,10.4,33.8095075771204,27.7753669291007,13.9507416973606
30,2056,Asymmetric ET-NMPC,106,10.5,33.9549399359252,28.2515873866405,13.9961675141738
30,2056,Asymmetric ET-NMPC,107,10.6,34.1131075085594,28.725199455953,14.0221410924498
30,2056,Asymmetric ET-NMPC,108,10.7,34.2824274165957,29.1955952904797,14.0297914259441
30,2056,Asymmetric ET-NMPC,109,10.8,34.4612118383196,29.6624454149868,14.0204591273795
30,2056,Asymmetric ET-NMPC,110,10.9,34.6486721922911,30.1252731278409,13.9949812172778
30,2056,Asymmetric ET-NMPC,111,11,34.8441687781305,30.5836525623665,13.9541231834402
30,2056,Asymmetric ET-NMPC,112,11.1,35.0470943565673,31.0372424592038,13.8986487289292
30,2056,Asymmetric ET-NMPC,113,11.2,35.256875733811,31.485778150918,13.8293125405417
30,2056,Asymmetric ET-NMPC,114,11.3,35.472974518122,31.9290635764185,13.7468543877721
30,2056,Asymmetric ET-NMPC,115,11.4,35.6948871956971,32.3669635119988,13.651994438635
30,2056,Asymmetric ET-NMPC,116,11.5,35.9221447057741,32.7993961742798,13.545429825812
30,2056,Asymmetric ET-NMPC,117,11.6,36.1547586155463,33.2265436518568,13.4295169215259
30,2056,Asymmetric ET-NMPC,118,11.7,36.3930870907422,33.6489422038927,13.3079480063015
30,2056,Asymmetric ET-NMPC,119,11.8,36.6374215485868,34.0672651970254,13.1842283792155
30,2056,Asymmetric ET-NMPC,120,11.9,36.8879310539913,34.4821954154297,13.0614362721527
30,2056,Asymmetric ET-NMPC,121,12,37.143986327114,34.894726487554,12.9420469441622
30,2056,Asymmetric ET-NMPC,122,12.1,37.4006482030098,35.3083923104584,12.8280063004313
30,2056,Asymmetric ET-NMPC,123,12.2,37.6536931537136,35.7261538030889,12.7210315922129
30,2056,Asymmetric ET-NMPC,124,12.3,37.9034060276238,36.1475666336819,12.620758431222
30,2056,Asymmetric ET-NMPC,125,12.4,38.1513030366963,36.5713216560449,12.5260021442802
30,2056,Asymmetric ET-NMPC,126,12.5,38.3930826128473,36.987561672252,12.4378866643136
30,2056,Asymmetric ET-NMPC,127,12.6,38.6235360732588,37.3867662895684,12.3577761480496
30,2056,Asymmetric ET-NMPC,128,12.7,38.8388338877664,37.7627470675122,12.286387824868
30,2056,Asymmetric ET-NMPC,129,12.8,39.0384807761825,38.1143854468584,12.2229049518948
30,2056,Asymmetric ET-NMPC,130,12.9,39.2221055258238,38.4417558681055,12.1667948178143
30,2056,Asymmetric ET-NMPC,131,13,39.3887977462227,38.7454376359157,12.1179052897889
30,2056,Asymmetric ET-NMPC,132,13.1,39.5380410657223,39.0257354966164,12.0759963595674
30,2056,Asymmetric ET-NMPC,133,13.2,39.6696371102573,39.2827060151733,12.0407514217553
30,2056,Asymmetric ET-NMPC,134,13.3,39.7836678148004,39.5161806741921,12.0117836979377
30,2056,Asymmetric ET-NMPC,135,13.4,39.8844829318618,39.7229883002285,11.9865865973348
30,2056,Symmetric-energy ET-NMPC,1,0,0,0,3
30,2056,Symmetric-energy ET-NMPC,2,0.1,0,0,3
30,2056,Symmetric-energy ET-NMPC,3,0.2,0.0209497155622598,0.0209497155622598,3.00471368600151
30,2056,Symmetric-energy ET-NMPC,4,0.3,0.0628491466867795,0.0628491466867795,3.01414105800453
30,2056,Symmetric-energy ET-NMPC,5,0.4,0.125698293373559,0.125698293373559,3.02828211600905
30,2056,Symmetric-energy ET-NMPC,6,0.5,0.209497155622598,0.209497155622598,3.04713686001508
30,2056,Symmetric-energy ET-NMPC,7,0.6,0.314245733433897,0.314245733433897,3.07070529002263
30,2056,Symmetric-energy ET-NMPC,8,0.7,0.439944026807456,0.439944026807456,3.09898740603168
30,2056,Symmetric-energy ET-NMPC,9,0.8,0.586592035743275,0.586592035743275,3.13198320804224
30,2056,Symmetric-energy ET-NMPC,10,0.9,0.754189760241354,0.754189760241354,3.16969269605431
30,2056,Symmetric-energy ET-NMPC,11,1,0.942737200301692,0.942737200301692,3.21211587006788
30,2056,Symmetric-energy ET-NMPC,12,1.1,1.15223435592429,1.15223435592429,3.25925273008297
30,2056,Symmetric-energy ET-NMPC,13,1.2,1.38268122710915,1.38268122710915,3.31110327609956
30,2056,Symmetric-energy ET-NMPC,14,1.3,1.63407781385627,1.63407781385627,3.36766750811766
30,2056,Symmetric-energy ET-NMPC,15,1.4,1.90642411616564,1.90642411616564,3.42894542613727
30,2056,Symmetric-energy ET-NMPC,16,1.5,2.19972013403728,2.19972013403728,3.49493703015839
30,2056,Symmetric-energy ET-NMPC,17,1.6,2.5104742482108,2.5104742482108,3.56485670584743
30,2056,Symmetric-energy ET-NMPC,18,1.7,2.83432193461074,2.83432193461074,3.63772243528742
30,2056,Symmetric-energy ET-NMPC,19,1.8,3.16798980018048,3.16798980018048,3.71279770504061
30,2056,Symmetric-energy ET-NMPC,20,1.9,3.50902280012758,3.50902280012758,3.78953013002871
30,2056,Symmetric-energy ET-NMPC,21,2,3.85557965085769,3.85557965085769,3.86750542144298
30,2056,Symmetric-energy ET-NMPC,22,2.1,4.20474157689536,4.20474157689536,3.94606685480146
30,2056,Symmetric-energy ET-NMPC,23,2.2,4.55390350293302,4.55390350293302,4.02462828815993
30,2056,Symmetric-energy ET-NMPC,24,2.3,4.90306542897069,4.90306542897069,4.1031897215184
30,2056,Symmetric-energy ET-NMPC,25,2.4,5.25222735500835,5.25222735500835,4.18175115487688
30,2056,Symmetric-energy ET-NMPC,26,2.5,5.60138928104601,5.60138928104601,4.26031258823535
30,2056,Symmetric-energy ET-NMPC,27,2.6,5.95055120708368,5.95055120708368,4.33887402159383
30,2056,Symmetric-energy ET-NMPC,28,2.7,6.29971313312134,6.29971313312134,4.4174354549523
30,2056,Symmetric-energy ET-NMPC,29,2.8,6.64887505915901,6.64887505915901,4.49599688831078
30,2056,Symmetric-energy ET-NMPC,30,2.9,6.99803698519667,6.99803698519667,4.57455832166925
30,2056,Symmetric-energy ET-NMPC,31,3,7.34719891123433,7.34719891123433,4.65311975502772
30,2056,Symmetric-energy ET-NMPC,32,3.1,7.696360837272,7.696360837272,4.7316811883862
30,2056,Symmetric-energy ET-NMPC,33,3.2,8.06021739552792,8.02582454817041,4.8268760843376
30,2056,Symmetric-energy ET-NMPC,34,3.3,8.43752614455952,8.33454286711566,4.93792160406638
30,2056,Symmetric-energy ET-NMPC,35,3.4,8.83141681021781,8.6196205272466,5.05445859905739
30,2056,Symmetric-energy ET-NMPC,36,3.5,9.24128198670185,8.88036898613813,5.17286796647146
30,2056,Symmetric-energy ET-NMPC,37,3.6,9.66568010729592,9.11998503601687,5.28453883947213
30,2056,Symmetric-energy ET-NMPC,38,3.7,10.0871437384895,9.3666651691347,5.39185761465194
30,2056,Symmetric-energy ET-NMPC,39,3.8,10.5068523840692,9.62053979587392,5.48877163181993
30,2056,Symmetric-energy ET-NMPC,40,3.9,10.9247381940721,9.88111344989775,5.57521710959009
30,2056,Symmetric-energy ET-NMPC,41,4,11.3441966655208,10.1437337029287,5.64652765178336
30,2056,Symmetric-energy ET-NMPC,42,4.1,11.7679471151025,10.4015312926695,5.70958285936467
30,2056,Symmetric-energy ET-NMPC,43,4.2,12.194556246932,10.6538516431621,5.77545462393042
30,2056,Symmetric-energy ET-NMPC,44,4.3,12.626711783734,10.8968580387762,5.84018084506254
30,2056,Symmetric-energy ET-NMPC,45,4.4,13.0595230735782,11.1369440556907,5.91112513211613
30,2056,Symmetric-energy ET-NMPC,46,4.5,13.490070300089,11.3805310537528,5.98388817300122
30,2056,Symmetric-energy ET-NMPC,47,4.6,13.9171729353779,11.6306574840977,6.05474089187815
30,2056,Symmetric-energy ET-NMPC,48,4.7,14.3403750477388,11.8865849268904,6.12823317799595
30,2056,Symmetric-energy ET-NMPC,49,4.8,14.7594679585049,12.1474654374045,6.20762140999251
30,2056,Symmetric-energy ET-NMPC,50,4.9,15.174777128013,12.4137303919045,6.28899258257601
30,2056,Symmetric-energy ET-NMPC,51,5,15.5870726405489,12.6852267152019,6.36837870717427
30,2056,Symmetric-energy ET-NMPC,52,5.1,15.9941336518724,12.9632650747125,6.45202082396314
30,2056,Symmetric-energy ET-NMPC,53,5.2,16.396137912542,13.2477650287998,6.53834782163964
30,2056,Symmetric-energy ET-NMPC,54,5.3,16.7928578509236,13.5388572453805,6.62710936701053
30,2056,Symmetric-energy ET-NMPC,55,5.4,17.1836378087073,13.8373629828761,6.7175822871403
30,2056,Symmetric-energy ET-NMPC,56,5.5,17.5689867928814,14.1425726582547,6.80897820855518
30,2056,Symmetric-energy ET-NMPC,57,5.6,17.9562239275571,14.4422612165688,6.91014228095148
30,2056,Symmetric-energy ET-NMPC,58,5.7,18.3489283740031,14.7287118957506,7.02731406141829
30,2056,Symmetric-energy ET-NMPC,59,5.8,18.7492745717887,14.9970547485202,7.1604119024455
30,2056,Symmetric-energy ET-NMPC,60,5.9,19.1558256958145,15.2479707535351,7.30791560402872
30,2056,Symmetric-energy ET-NMPC,61,6,19.5687973876444,15.4834072180304,7.46291254894393
30,2056,Symmetric-energy ET-NMPC,62,6.1,19.9899298669869,15.7027000679207,7.61962272994642
30,2056,Symmetric-energy ET-NMPC,63,6.2,20.420706260718,15.9084023735352,7.7683448199967
30,2056,Symmetric-energy ET-NMPC,64,6.3,20.8594963049764,16.1040593310333,7.90684266128788
30,2056,Symmetric-energy ET-NMPC,65,6.4,21.2911173070635,16.2917317518114,8.03371395929949
30,2056,Symmetric-energy ET-NMPC,66,6.5,21.6956842460359,16.4682066564028,8.15405124627434
30,2056,Symmetric-energy ET-NMPC,67,6.6,22.0719084806218,16.6350012988332,8.27266121377789
30,2056,Symmetric-energy ET-NMPC,68,6.7,22.4320507758643,16.8107506719404,8.39513944024046
30,2056,Symmetric-energy ET-NMPC,69,6.8,22.7652193771042,16.9996272838648,8.51730874456224
30,2056,Symmetric-energy ET-NMPC,70,6.9,23.119387535259,17.2095034357717,8.63523094046727
30,2056,Symmetric-energy ET-NMPC,71,7,23.4950154308014,17.4386137304724,8.74481482585753
30,2056,Symmetric-energy ET-NMPC,72,7.1,23.881613172957,17.6779463837285,8.84423379892409
30,2056,Symmetric-energy ET-NMPC,73,7.2,24.2658079976613,17.9113769222838,8.93335601557785
30,2056,Symmetric-energy ET-NMPC,74,7.3,24.6348185573983,18.1277103583073,9.02158457974884
30,2056,Symmetric-energy ET-NMPC,75,7.4,24.9843145004278,18.3240466488002,9.09889096898107
30,2056,Symmetric-energy ET-NMPC,76,7.5,25.3125976859387,18.4991701738596,9.17600370617181
30,2056,Symmetric-energy ET-NMPC,77,7.6,25.6582013787992,18.6916142077924,9.27043695136654
30,2056,Symmetric-energy ET-NMPC,78,7.7,26.021125577725,18.9013787512969,9.38219070515135
30,2056,Symmetric-energy ET-NMPC,79,7.8,26.3919570183651,19.1316063784506,9.51440754120742
30,2056,Symmetric-energy ET-NMPC,80,7.9,26.7731219939631,19.3817490528638,9.66653942052035
30,2056,Symmetric-energy ET-NMPC,81,8,27.1642694095082,19.6448087285584,9.83328265527312
30,2056,Symmetric-energy ET-NMPC,82,8.1,27.5506920128518,19.9100565838384,10.0074123394012
30,2056,Symmetric-energy ET-NMPC,83,8.2,27.9325299987109,20.1772941707238,10.18847538011
30,2056,Symmetric-energy ET-NMPC,84,8.3,28.3099306567181,20.4463412134583,10.3760451861332
30,2056,Symmetric-energy ET-NMPC,85,8.4,28.6830462366446,20.7170340572224,10.5697205546007
30,2056,Symmetric-energy ET-NMPC,86,8.5,29.0520321204484,20.9892242179737,10.7691245012609
30,2056,Symmetric-energy ET-NMPC,87,8.6,29.4178850245051,21.2636931990158,10.9711602184969
30,2056,Symmetric-energy ET-NMPC,88,8.7,29.7825853756562,21.5421012927054,11.1698624762555
30,2056,Symmetric-energy ET-NMPC,89,8.8,30.148790577645,21.8264162611617,11.3571022923951
30,2056,Symmetric-energy ET-NMPC,90,8.9,30.5131048437774,22.1134483946657,11.5438847054553
30,2056,Symmetric-energy ET-NMPC,91,9,30.8694301028303,22.4105578753295,11.7303203947977
30,2056,Symmetric-energy ET-NMPC,92,9.1,31.2131158618464,22.7169190154707,11.9253151405241
30,2056,Symmetric-energy ET-NMPC,93,9.2,31.540744012608,23.0346176694868,12.1295878995129
30,2056,Symmetric-energy ET-NMPC,94,9.3,31.8459488103887,23.3716240476196,12.3376185042552
30,2056,Symmetric-energy ET-NMPC,95,9.4,32.1277458123609,23.7262012997758,12.5494330975505
30,2056,Symmetric-energy ET-NMPC,96,9.5,32.3863069631796,24.0990742892935,12.759461345592
30,2056,Symmetric-energy ET-NMPC,97,9.6,32.6218929131365,24.4897857358012,12.964018979893
30,2056,Symmetric-energy ET-NMPC,98,9.7,32.837856654866,24.8984006644819,13.1547897908611
30,2056,Symmetric-energy ET-NMPC,99,9.8,33.033266682776,25.3233067575655,13.331622290851
30,2056,Symmetric-energy ET-NMPC,100,9.9,33.2103937066909,25.763143341366,13.4902722103272
30,2056,Symmetric-energy ET-NMPC,101,10,33.3687796173739,26.2162365315826,13.6303452779613
30,2056,Symmetric-energy ET-NMPC,102,10.1,33.508112271381,26.6808720020972,13.7515900348252
30,2056,Symmetric-energy ET-NMPC,103,10.2,33.6292017291125,27.1552237646861,13.8532155658452
30,2056,Symmetric-energy ET-NMPC,104,10.3,33.7581764313202,27.6319297824968,13.931426171095
30,2056,Symmetric-energy ET-NMPC,105,10.4,33.9010903528441,28.1075791123483,13.9891611349079
30,2056,Symmetric-energy ET-NMPC,106,10.5,34.0568212432049,28.5811883724499,14.0271368973545
30,2056,Symmetric-energy ET-NMPC,107,10.6,34.223959237803,29.052034519952,14.0463409631789
30,2056,Symmetric-energy ET-NMPC,108,10.7,34.4009333268805,29.5196641287609,14.0479904359456
30,2056,Symmetric-energy ET-NMPC,109,10.8,34.5868045589734,29.9835899158036,14.0329987983743
30,2056,Symmetric-energy ET-NMPC,110,10.9,34.7809186630842,30.4433364163782,14.002130209247
30,2056,Symmetric-energy ET-NMPC,111,11,34.9826531927349,30.8985167935244,13.9561519121103
30,2056,Symmetric-energy ET-NMPC,112,11.1,35.1914195124391,31.3488249429284,13.8958261768262
30,2056,Symmetric-energy ET-NMPC,113,11.2,35.4066638840341,31.7940275015604,13.8219036343631
30,2056,Symmetric-energy ET-NMPC,114,11.3,35.6278678026989,32.2339559751326,13.7351178952824
30,2056,Symmetric-energy ET-NMPC,115,11.4,35.854547726005,32.6684991478216,13.6361813325807
30,2056,Symmetric-energy ET-NMPC,116,11.5,36.086255177327,33.097596244642,13.5257850531949
30,2056,Symmetric-energy ET-NMPC,117,11.6,36.3232391290352,33.5215823412133,13.4071494912963
30,2056,Symmetric-energy ET-NMPC,118,11.7,36.5658545765943,33.9410540598115,13.2839373900159
30,2056,Symmetric-energy ET-NMPC,119,11.8,36.814372404593,34.3567045256911,13.1595445470508
30,2056,Symmetric-energy ET-NMPC,120,11.9,37.0689340053534,34.7692028047348,13.0368923509666
30,2056,Symmetric-energy ET-NMPC,121,12,37.3255983161966,35.1815285693387,12.9181030611161
30,2056,Symmetric-energy ET-NMPC,122,12.1,37.5797784630728,35.5970255835796,12.8051664236115
30,2056,Symmetric-energy ET-NMPC,123,12.2,37.8298616433787,36.016734032191,12.6988498158199
30,2056,Symmetric-energy ET-NMPC,124,12.3,38.0776235359309,36.4391484924564,12.5979534910224
30,2056,Symmetric-energy ET-NMPC,125,12.4,38.3213696153717,36.8584255517413,12.5027715630587
30,2056,Symmetric-energy ET-NMPC,126,12.5,38.5553009433758,37.2633836571333,12.4150749219372
30,2056,Symmetric-energy ET-NMPC,127,12.6,38.7751825277285,37.6469528321051,12.3359134529688
30,2056,Symmetric-energy ET-NMPC,128,12.7,38.9794362314542,38.0062979720259,12.2650565293193
30,2056,Symmetric-energy ET-NMPC,129,12.8,39.1680599588218,38.3411732848949,12.2017448957969
30,2056,Symmetric-energy ET-NMPC,130,12.9,39.3400023852697,38.6522549697056,12.1458896329367
30,2056,Symmetric-energy ET-NMPC,131,13,39.4946471414096,38.9399307046427,12.0973111902906
30,2056,Symmetric-energy ET-NMPC,132,13.1,39.6316986391617,39.204342363676,12.055751296757
30,2056,Symmetric-energy ET-NMPC,133,13.2,39.7511590214623,39.4453964774844,12.0208979476567
30,2056,Symmetric-energy ET-NMPC,134,13.3,39.8572456927746,39.6599573280081,11.9904321781769
