RunID,Step,Sigma,Risk,CPUTimeMs,TriggeredCPUTimeMs,IPOPTIterations,SolverSuccess,FallbackUsed,ReturnStatus,MATLABMemoryMB
1,1,0,0.307760663105353,1.884,NaN,NaN,1,0,not_triggered,6354.44921875
1,2,0,0.308360546799602,0.9232,NaN,NaN,1,0,not_triggered,6354.44921875
1,3,0,0.30610496630729,0.1634,NaN,NaN,1,0,not_triggered,6354.44921875
1,4,0,0.304067938642081,0.1039,NaN,NaN,1,0,not_triggered,6354.44921875
1,5,0,0.308408793405716,1.5415,NaN,NaN,1,0,not_triggered,6354.44921875
1,6,0,0.316133390931163,0.0125,NaN,NaN,1,0,not_triggered,6355.44921875
1,7,0,0.311268511666191,0.0087,NaN,NaN,1,0,not_triggered,6355.46484375
1,8,0,0.318679072740362,0.0089,NaN,NaN,1,0,not_triggered,6355.46484375
1,9,0,0.325659226952186,0.0077,NaN,NaN,1,0,not_triggered,6355.44921875
1,10,0,0.339496960462801,0.0086,NaN,NaN,1,0,not_triggered,6355.44921875
1,11,0,0.328874174824163,0.0083,NaN,NaN,1,0,not_triggered,6355.44921875
1,12,0,0.346098365275521,0.0081,NaN,NaN,1,0,not_triggered,6355.44921875
1,13,0,0.374222988463348,0.0085,NaN,NaN,1,0,not_triggered,6355.44921875
1,14,0,0.352650531845357,0.0083,NaN,NaN,1,0,not_triggered,6355.44921875
1,15,0,0.392252450512811,0.0073,NaN,NaN,1,0,not_triggered,6355.44921875
1,16,0,0.393112275772869,0.0075,NaN,NaN,1,0,not_triggered,6355.44921875
1,17,0,0.432372611141481,0.0074,NaN,NaN,1,0,not_triggered,6355.44921875
1,18,0,0.42852735669543,0.0079,NaN,NaN,1,0,not_triggered,6355.44921875
1,19,0,0.449243322453376,0.0086,NaN,NaN,1,0,not_triggered,6347.55078125
1,20,0,0.416260702460941,0.008,NaN,NaN,1,0,not_triggered,6347.53515625
1,21,0,0.435247536409222,0.0095,NaN,NaN,1,0,not_triggered,6347.53515625
1,22,0,0.464077069852935,0.0082,NaN,NaN,1,0,not_triggered,6347.53515625
1,23,0,0.464560026172106,0.0078,NaN,NaN,1,0,not_triggered,6347.53515625
1,24,0,0.485468631353016,0.008,NaN,NaN,1,0,not_triggered,6347.53515625
1,25,0,0.533028421996471,0.0074,NaN,NaN,1,0,not_triggered,6347.53515625
1,26,0,0.548352534415273,0.0071,NaN,NaN,1,0,not_triggered,6347.53515625
1,27,0,0.55601714765194,0.0075,NaN,NaN,1,0,not_triggered,6347.53515625
1,28,1,0.650334129084467,3056.2114,3056.2114,15,1,0,Solve_Succeeded,6329.109375
1,29,1,0.644376909223175,3066.1561,3066.1561,14,1,0,Solve_Succeeded,6348.5703125
1,30,1,0.766542325351917,3186.599,3186.599,21,1,0,Solve_Succeeded,6349.53515625
1,31,1,0.75612276888737,3281.1524,3281.1524,18,1,0,Solve_Succeeded,6349.53515625
1,32,1,0.855391372200079,3378.233,3378.233,18,1,0,Solve_Succeeded,6349.5390625
1,33,1,0.837016675110229,3415.5258,3415.5258,17,1,0,Solve_Succeeded,6350.5390625
1,34,1,0.838457104003899,3157.4404,3157.4404,18,1,0,Solve_Succeeded,6350.5390625
1,35,1,0.848440780791872,2889.7041,2889.7041,24,1,0,Solve_Succeeded,6350.5390625
1,36,1,0.857781861927367,2972.3734,2972.3734,20,1,0,Solve_Succeeded,6350.5390625
1,37,1,0.866900759708933,2937.6952,2937.6952,33,1,0,Solve_Succeeded,6350.46875
1,38,1,0.859160855356886,2906.5965,2906.5965,22,1,0,Solve_Succeeded,6331.73046875
1,39,1,0.871873619840594,2947.9208,2947.9208,23,1,0,Solve_Succeeded,6349.5078125
1,40,1,0.871764310229981,3005.913,3005.913,18,1,0,Solve_Succeeded,6349.5078125
1,41,1,0.876236937474333,2849.2352,2849.2352,19,1,0,Solve_Succeeded,6350.46875
1,42,1,0.885602880465763,2869.2489,2869.2489,16,1,0,Solve_Succeeded,6350.46875
1,43,1,0.898222045219004,2913.0886,2913.0886,18,1,0,Solve_Succeeded,6350.46875
1,44,1,0.908616713986662,3042.9892,3042.9892,24,1,0,Solve_Succeeded,6350.46875
1,45,1,0.911802945039922,2952.1384,2952.1384,21,1,0,Solve_Succeeded,6350.50390625
1,46,1,0.931617109437949,3209.9968,3209.9968,20,1,0,Solve_Succeeded,6350.50390625
1,47,1,0.967268303523568,3417.7882,3417.7882,22,1,0,Solve_Succeeded,6350.5078125
1,48,1,0.969353005184084,2896.0587,2896.0587,21,1,0,Solve_Succeeded,6350.50390625
1,49,1,0.911541265180044,2853.9437,2853.9437,21,1,0,Solve_Succeeded,6350.50390625
1,50,1,0.911311165059484,2935.1142,2935.1142,25,1,0,Solve_Succeeded,6350.50390625
1,51,1,0.926237660858262,2968.9524,2968.9524,22,1,0,Solve_Succeeded,6350.50390625
1,52,1,0.926182228371202,2915.2911,2915.2911,22,1,0,Solve_Succeeded,6350.50390625
1,53,1,0.922222736611189,2862.002,2862.002,18,1,0,Solve_Succeeded,6350.50390625
1,54,1,0.937471804870227,2917.8419,2917.8419,27,1,0,Solve_Succeeded,6350.50390625
1,55,1,0.940541796417811,2947.584,2947.584,27,1,0,Solve_Succeeded,6350.50390625
1,56,1,0.973341813585831,2909.3685,2909.3685,32,1,0,Solve_Succeeded,6350.50390625
1,57,1,0.933174740566325,2907.745,2907.745,22,1,0,Solve_Succeeded,6350.50390625
1,58,1,0.947342649953591,3071.9499,3071.9499,26,1,0,Solve_Succeeded,6350.50390625
1,59,1,0.959649840194022,2898.4948,2898.4948,23,1,0,Solve_Succeeded,6350.47265625
1,60,1,0.938713421701772,3008.0455,3008.0455,23,1,0,Solve_Succeeded,6350.47265625
1,61,1,0.970976545646675,3115.5947,3115.5947,20,1,0,Solve_Succeeded,6350.47265625
1,62,1,0.939550101472714,2924.76,2924.76,22,1,0,Solve_Succeeded,6350.47265625
1,63,1,0.956387983517452,2906.4184,2906.4184,21,1,0,Solve_Succeeded,6350.47265625
1,64,1,0.935084738934229,3107.5173,3107.5173,26,1,0,Solve_Succeeded,6350.47265625
1,65,1,0.932989170392253,2983.1393,2983.1393,25,1,0,Solve_Succeeded,6350.47265625
1,66,1,0.958934578524134,3182.3696,3182.3696,28,1,0,Solve_Succeeded,6350.50390625
1,67,1,0.949094538445312,2755.3339,2755.3339,40,1,0,Solve_Succeeded,6350.47265625
1,68,1,0.907897393652372,2722.1959,2722.1959,30,1,0,Solve_Succeeded,6350.47265625
1,69,1,0.946504698422546,2803.6078,2803.6078,56,1,0,Solve_Succeeded,6350.53515625
1,70,1,0.916878833154841,2841.066,2841.066,63,1,0,Solve_Succeeded,6350.53515625
1,71,1,0.83083454367242,2763.9103,2763.9103,66,1,0,Solve_Succeeded,6358.44921875
1,72,1,0.863846711672,3121.635,3121.635,56,1,0,Solve_Succeeded,6350.53515625
1,73,1,0.889458124200381,3116.4741,3116.4741,50,1,0,Solve_Succeeded,6350.53515625
1,74,1,0.843149060145976,3237.2134,3237.2134,53,1,0,Solve_Succeeded,6350.53515625
1,75,1,0.738270654084318,3055.714,3055.714,51,1,0,Solve_Succeeded,6350.53515625
1,76,1,0.836530337335417,2990.5956,2990.5956,53,1,0,Solve_Succeeded,6350.53515625
1,77,1,0.747521601296585,2887.0134,2887.0134,49,1,0,Solve_Succeeded,6350.53515625
1,78,1,0.815409696032451,3102.7615,3102.7615,55,1,0,Solve_Succeeded,6350.53515625
1,79,1,0.726231041482362,3074.9269,3074.9269,22,1,0,Solve_Succeeded,6350.53515625
1,80,1,0.770225060415415,2917.2382,2917.2382,22,1,0,Solve_Succeeded,6350.53515625
1,81,1,0.829713471349701,2840.0939,2840.0939,19,1,0,Solve_Succeeded,6350.46875
1,82,1,0.878345015814614,2924.4189,2924.4189,21,1,0,Solve_Succeeded,6350.46875
1,83,1,0.914581453004017,3045.2194,3045.2194,20,1,0,Solve_Succeeded,6350.46875
1,84,1,0.937170332364248,3017.382,3017.382,18,1,0,Solve_Succeeded,6350.46875
1,85,1,0.9453112565666,2892.8562,2892.8562,23,1,0,Solve_Succeeded,6350.5
1,86,1,0.938836706259874,2885.6889,2885.6889,19,1,0,Solve_Succeeded,6350.5
1,87,1,0.918266384134133,2892.8265,2892.8265,18,1,0,Solve_Succeeded,6350.5
1,88,1,0.884707200315778,2829.6446,2829.6446,19,1,0,Solve_Succeeded,6350.5
1,89,1,0.839645130814041,3664.6553,3664.6553,17,1,0,Solve_Succeeded,6350.5
1,90,1,0.784713943430211,2898.0789,2898.0789,20,1,0,Solve_Succeeded,6350.5
1,91,1,0.721509620318782,2989.7074,2989.7074,17,1,0,Solve_Succeeded,6350.53515625
1,92,1,0.649717009351407,2783.9723,2783.9723,18,1,0,Solve_Succeeded,6350.53515625
1,93,1,0.572673408006981,2879.2283,2879.2283,20,1,0,Solve_Succeeded,6350.53515625
1,94,1,0.491365287450975,2961.6976,2961.6976,26,1,0,Solve_Succeeded,6350.53515625
1,95,1,0.446963525215158,2834.1382,2834.1382,19,1,0,Solve_Succeeded,6350.53515625
1,96,1,0.427844642104278,2955.4849,2955.4849,26,1,0,Solve_Succeeded,6350.53515625
1,97,1,0.432451865874545,3057.1626,3057.1626,22,1,0,Solve_Succeeded,6350.53515625
1,98,1,0.451907456003047,2920.8116,2920.8116,21,1,0,Solve_Succeeded,6350.53515625
1,99,1,0.392389730293409,2892.7179,2892.7179,29,1,0,Solve_Succeeded,6350.53515625
1,100,1,0.396006278036205,2956.9776,2956.9776,20,1,0,Solve_Succeeded,6350.53515625
1,101,1,0.394784201744283,3016.5175,3016.5175,20,1,0,Solve_Succeeded,6350.53515625
1,102,1,0.403261360596637,2938.856,2938.856,19,1,0,Solve_Succeeded,6350.53515625
1,103,1,0.509704136132603,2822.0731,2822.0731,15,1,0,Solve_Succeeded,6350.53515625
1,104,1,0.619196668861627,2924.7828,2924.7828,12,1,0,Solve_Succeeded,6350.53515625
1,105,1,0.392753719761969,3133.934,3133.934,12,1,0,Solve_Succeeded,6350.53515625
1,106,1,0.399594010995547,3025.0901,3025.0901,12,1,0,Solve_Succeeded,6350.53515625
1,107,1,0.3963331644419,2942.5692,2942.5692,12,1,0,Solve_Succeeded,6350.53515625
1,108,1,0.395024206859385,2848.5179,2848.5179,14,1,0,Solve_Succeeded,6350.53515625
1,109,1,0.394710197494653,2826.0695,2826.0695,18,1,0,Solve_Succeeded,6350.53515625
1,110,1,0.393545253547258,2922.5124,2922.5124,17,1,0,Solve_Succeeded,6350.53515625
1,111,1,0.39178533490855,2861.3838,2861.3838,16,1,0,Solve_Succeeded,6332.01171875
1,112,1,0.393022780400634,2851.8051,2851.8051,16,1,0,Solve_Succeeded,6331.73828125
1,113,1,0.387422557245224,2869.0859,2869.0859,14,1,0,Solve_Succeeded,6349.57421875
1,114,1,0.391434640460266,2862.5739,2862.5739,15,1,0,Solve_Succeeded,6350.53515625
1,115,1,0.393780517143349,2877.0164,2877.0164,13,1,0,Solve_Succeeded,6350.53515625
1,116,1,0.395961792680382,2758.2335,2758.2335,13,1,0,Solve_Succeeded,6350.53515625
1,117,1,0.395082898331031,2845.1338,2845.1338,12,1,0,Solve_Succeeded,6350.53515625
1,118,1,0.393045209058648,2935.9152,2935.9152,11,1,0,Solve_Succeeded,6350.53515625
1,119,1,0.393742007466462,2856.5425,2856.5425,11,1,0,Solve_Succeeded,6350.53515625
1,120,1,0.388623135238008,2829.9045,2829.9045,11,1,0,Solve_Succeeded,6350.53515625
1,121,1,0.38935310086621,2930.8244,2930.8244,11,1,0,Solve_Succeeded,6350.53515625
1,122,1,0.38940331038107,2810.4137,2810.4137,9,1,0,Solve_Succeeded,6350.53515625
1,123,1,0.391013101851076,2825.7949,2825.7949,10,1,0,Solve_Succeeded,6350.53515625
1,124,1,0.38931499426425,2875.8629,2875.8629,9,1,0,Solve_Succeeded,6350.53515625
1,125,1,0.396996057837865,2815.0978,2815.0978,9,1,0,Solve_Succeeded,6350.53515625
1,126,1,0.391693777968058,2852.8487,2852.8487,10,1,0,Solve_Succeeded,6350.53515625
1,127,1,0.400298864778289,2833.1972,2833.1972,8,1,0,Solve_Succeeded,6350.46484375
1,128,1,0.393155887554036,2894.693,2894.693,9,1,0,Solve_Succeeded,6350.46484375
1,129,1,0.393631456254118,2829.0202,2829.0202,9,1,0,Solve_Succeeded,6350.46484375
1,130,1,0.393258679831979,2879.8788,2879.8788,9,1,0,Solve_Succeeded,6350.46484375
1,131,1,0.367408529738837,2833.3945,2833.3945,9,1,0,Solve_Succeeded,6350.46484375
1,132,1,0.326051677006196,2779.694,2779.694,8,1,0,Solve_Succeeded,6350.46484375
1,133,1,0.294385798438466,2902.6499,2902.6499,8,1,0,Solve_Succeeded,6350.46484375
1,134,1,0.258121065486957,2918.4383,2918.4383,8,1,0,Solve_Succeeded,6350.46484375
1,135,1,0.21940509474483,2772.4662,2772.4662,7,1,0,Solve_Succeeded,6350.46484375
1,136,0,0.192876544022347,0.2913,NaN,NaN,1,0,not_triggered,6350.46484375
1,137,0,0.173668599153444,0.0412,NaN,NaN,1,0,not_triggered,6350.46484375
1,138,0,0.148087486444838,0.0317,NaN,NaN,1,0,not_triggered,6350.46484375
2,1,0,0.303372974029068,1.1767,NaN,NaN,1,0,not_triggered,6359.37890625
2,2,0,0.30785734073046,0.602,NaN,NaN,1,0,not_triggered,6360.37890625
2,3,0,0.311044825096336,0.0072,NaN,NaN,1,0,not_triggered,6360.37890625
2,4,0,0.304479591809155,0.0077,NaN,NaN,1,0,not_triggered,6360.37890625
2,5,0,0.302980473448197,0.0084,NaN,NaN,1,0,not_triggered,6360.37890625
2,6,0,0.30604058016435,0.0098,NaN,NaN,1,0,not_triggered,6360.37890625
2,7,0,0.313474106578498,0.0083,NaN,NaN,1,0,not_triggered,6360.37890625
2,8,0,0.324321616573116,0.0079,NaN,NaN,1,0,not_triggered,6360.37890625
2,9,0,0.312531029041791,0.0072,NaN,NaN,1,0,not_triggered,6360.37890625
2,10,0,0.322951565007222,0.0103,NaN,NaN,1,0,not_triggered,6360.37890625
2,11,0,0.32860958754014,0.0078,NaN,NaN,1,0,not_triggered,6360.37890625
2,12,0,0.360615666108256,0.0079,NaN,NaN,1,0,not_triggered,6360.37890625
2,13,0,0.352011709409119,0.0083,NaN,NaN,1,0,not_triggered,6360.37890625
2,14,0,0.377083940200605,0.0078,NaN,NaN,1,0,not_triggered,6360.37890625
2,15,0,0.385037471969496,0.0082,NaN,NaN,1,0,not_triggered,6360.37890625
2,16,0,0.420907110671347,0.0074,NaN,NaN,1,0,not_triggered,6360.37890625
2,17,0,0.455780214722824,0.0105,NaN,NaN,1,0,not_triggered,6360.37890625
2,18,0,0.45769783213192,0.0077,NaN,NaN,1,0,not_triggered,6360.37890625
2,19,0,0.438247633790168,0.0078,NaN,NaN,1,0,not_triggered,6360.37890625
2,20,0,0.477564674291195,0.0076,NaN,NaN,1,0,not_triggered,6360.37890625
2,21,0,0.49661403834335,0.0083,NaN,NaN,1,0,not_triggered,6360.37890625
2,22,0,0.46869378183934,0.0109,NaN,NaN,1,0,not_triggered,6360.37890625
2,23,0,0.532805042194212,0.0082,NaN,NaN,1,0,not_triggered,6360.37890625
2,24,0,0.510533961510095,0.0078,NaN,NaN,1,0,not_triggered,6360.37890625
2,25,0,0.4728756583277,0.01,NaN,NaN,1,0,not_triggered,6360.37890625
2,26,0,0.577925273747015,0.0077,NaN,NaN,1,0,not_triggered,6360.37890625
2,27,1,0.644109302758633,2875.5825,2875.5825,15,1,0,Solve_Succeeded,6360.37890625
2,28,1,0.612220643508941,2944.801,2944.801,14,1,0,Solve_Succeeded,6360.4140625
2,29,1,0.626344100656825,2939.846,2939.846,15,1,0,Solve_Succeeded,6360.4140625
2,30,1,0.637775859441496,2843.188,2843.188,14,1,0,Solve_Succeeded,6360.4140625
2,31,1,0.586966022324788,2830.9343,2830.9343,18,1,0,Solve_Succeeded,6360.4140625
2,32,1,0.656575327788498,2879.7148,2879.7148,16,1,0,Solve_Succeeded,6360.4140625
2,33,1,0.877506334164747,2954.1729,2954.1729,23,1,0,Solve_Succeeded,6360.4140625
2,34,1,0.821854865019421,2852.0612,2852.0612,17,1,0,Solve_Succeeded,6360.4140625
2,35,1,0.852078563437357,2902.2383,2902.2383,18,1,0,Solve_Succeeded,6360.4140625
2,36,1,0.842481460200583,2952.1403,2952.1403,21,1,0,Solve_Succeeded,6360.4140625
2,37,1,0.85622947224754,2822.2926,2822.2926,20,1,0,Solve_Succeeded,6360.4140625
2,38,1,0.860924465187499,2862.5932,2862.5932,18,1,0,Solve_Succeeded,6360.4140625
2,39,1,0.874568213199053,2851.9311,2851.9311,17,1,0,Solve_Succeeded,6360.4140625
2,40,1,0.878347023610297,2881.1725,2881.1725,21,1,0,Solve_Succeeded,6361.4140625
2,41,1,0.861496051599186,2804.1327,2804.1327,23,1,0,Solve_Succeeded,6361.4140625
2,42,1,0.877678128683967,2916.5157,2916.5157,18,1,0,Solve_Succeeded,6361.4140625
2,43,1,0.878063846170818,2870.432,2870.432,22,1,0,Solve_Succeeded,6361.4140625
2,44,1,0.90632181293236,2829.7956,2829.7956,18,1,0,Solve_Succeeded,6362.390625
2,45,1,0.914867696449272,3015.0333,3015.0333,20,1,0,Solve_Succeeded,6362.390625
2,46,1,0.92908210833771,3002.1041,3002.1041,19,1,0,Solve_Succeeded,6362.390625
2,47,1,0.930700635869862,3104.833,3104.833,20,1,0,Solve_Succeeded,6362.390625
2,48,1,0.943193988282526,2857.9633,2857.9633,18,1,0,Solve_Succeeded,6362.390625
2,49,1,0.912054402065536,3051.4218,3051.4218,19,1,0,Solve_Succeeded,6362.390625
2,50,1,0.918804374208121,2867.494,2867.494,18,1,0,Solve_Succeeded,6362.390625
2,51,1,0.914051501438571,2845.6697,2845.6697,20,1,0,Solve_Succeeded,6362.390625
2,52,1,0.921377668727438,3013.8886,3013.8886,23,1,0,Solve_Succeeded,6354.4765625
2,53,1,0.924679126590788,2918.8451,2918.8451,22,1,0,Solve_Succeeded,6354.4765625
2,54,1,0.922540389939568,3079.0449,3079.0449,21,1,0,Solve_Succeeded,6354.4765625
2,55,1,0.925505182981791,2861.1964,2861.1964,24,1,0,Solve_Succeeded,6354.4765625
2,56,1,0.934760751890241,3086.2252,3086.2252,24,1,0,Solve_Succeeded,6354.4765625
2,57,1,0.945396334121003,2973.2477,2973.2477,17,1,0,Solve_Succeeded,6354.4765625
2,58,1,0.93760345972388,2918.8075,2918.8075,20,1,0,Solve_Succeeded,6354.5078125
2,59,1,0.945583873765585,2890.6991,2890.6991,19,1,0,Solve_Succeeded,6354.5078125
2,60,1,0.944278551165952,2907.2533,2907.2533,29,1,0,Solve_Succeeded,6354.5078125
2,61,1,0.953345759218648,2846.5567,2846.5567,22,1,0,Solve_Succeeded,6354.5078125
2,62,1,0.942012892409822,2885.5891,2885.5891,20,1,0,Solve_Succeeded,6354.4765625
2,63,1,0.939850021235366,2891.2363,2891.2363,26,1,0,Solve_Succeeded,6354.4765625
2,64,1,0.943995338696584,2971.4156,2971.4156,23,1,0,Solve_Succeeded,6354.4765625
2,65,1,0.964212016680719,2863.1395,2863.1395,31,1,0,Solve_Succeeded,6354.4765625
2,66,1,0.962434690781669,3046.7083,3046.7083,40,1,0,Solve_Succeeded,6354.4765625
2,67,1,0.951425308055013,2912.9673,2912.9673,36,1,0,Solve_Succeeded,6354.4765625
2,68,1,0.96152570721944,2892.4744,2892.4744,42,1,0,Solve_Succeeded,6354.4765625
2,69,1,0.954037876428792,3066.7989,3066.7989,54,1,0,Solve_Succeeded,6354.4765625
2,70,1,0.853299394969399,3002.8286,3002.8286,58,1,0,Solve_Succeeded,6354.4765625
2,71,1,0.801576842081941,3056.25,3056.25,71,1,0,Solve_Succeeded,6354.4765625
2,72,1,0.827670620919495,2882.5192,2882.5192,44,1,0,Solve_Succeeded,6354.51171875
2,73,1,0.868931911908111,2939.2335,2939.2335,41,1,0,Solve_Succeeded,6334.33984375
2,74,1,0.73006265041126,2995.6024,2995.6024,57,1,0,Solve_Succeeded,6353.4375
2,75,1,0.755328297510581,2934.006,2934.006,56,1,0,Solve_Succeeded,6353.5
2,76,1,0.718560136532408,3329.5565,3329.5565,46,1,0,Solve_Succeeded,6353.5
2,77,1,0.721169383045578,2974.6112,2974.6112,40,1,0,Solve_Succeeded,6353.53125
2,78,1,0.71342085620588,2848.3627,2848.3627,18,1,0,Solve_Succeeded,6353.53125
2,79,1,0.7783344031167,2841.048,2841.048,21,1,0,Solve_Succeeded,6353.53125
2,80,1,0.837219149231464,2865.0442,2865.0442,24,1,0,Solve_Succeeded,6334.88671875
2,81,1,0.883967095663395,2832.2729,2832.2729,17,1,0,Solve_Succeeded,6335.16796875
2,82,1,0.917023894224129,2987.2328,2987.2328,21,1,0,Solve_Succeeded,6353.52734375
2,83,1,0.93517938816884,2860.283,2860.283,21,1,0,Solve_Succeeded,6353.55859375
2,84,1,0.937820424891315,3128.6013,3128.6013,22,1,0,Solve_Succeeded,6353.5625
2,85,1,0.925090030680019,2975.6228,2975.6228,21,1,0,Solve_Succeeded,6353.5625
2,86,1,0.897618157763231,2849.0819,2849.0819,23,1,0,Solve_Succeeded,6353.5625
2,87,1,0.856537653332795,2886.5357,2886.5357,29,1,0,Solve_Succeeded,6353.5625
2,88,1,0.80323997858381,2917.8264,2917.8264,21,1,0,Solve_Succeeded,6353.5625
2,89,1,0.73978739308201,3073.773,3073.773,21,1,0,Solve_Succeeded,6353.5625
2,90,1,0.667344868496417,2940.1884,2940.1884,17,1,0,Solve_Succeeded,6353.56640625
2,91,1,0.584995698462968,3858.1777,3858.1777,26,1,0,Solve_Succeeded,6353.56640625
2,92,1,0.493593860991569,3519.6727,3519.6727,15,1,0,Solve_Succeeded,6353.60546875
2,93,1,0.415443315675463,2974.6947,2974.6947,16,1,0,Solve_Succeeded,6353.60546875
2,94,1,0.40657593141148,3144.7504,3144.7504,14,1,0,Solve_Succeeded,6353.640625
2,95,1,0.417759828588476,2831.1989,2831.1989,13,1,0,Solve_Succeeded,6353.640625
2,96,1,0.428047688779881,2899.7836,2899.7836,14,1,0,Solve_Succeeded,6353.640625
2,97,1,0.423318464596287,2923.3818,2923.3818,12,1,0,Solve_Succeeded,6353.640625
2,98,1,0.42928142307477,2814.0309,2814.0309,11,1,0,Solve_Succeeded,6353.640625
2,99,1,0.412852487684208,2864.2973,2864.2973,11,1,0,Solve_Succeeded,6353.640625
2,100,1,0.428016846122836,2822.3586,2822.3586,12,1,0,Solve_Succeeded,6353.640625
2,101,1,0.511602847459754,2792.126,2792.126,12,1,0,Solve_Succeeded,6353.640625
2,102,1,0.577323005355432,2977.5901,2977.5901,11,1,0,Solve_Succeeded,6353.640625
2,103,1,0.62080026645962,2814.489,2814.489,12,1,0,Solve_Succeeded,6353.640625
2,104,1,0.639674462798293,2789.1382,2789.1382,11,1,0,Solve_Succeeded,6353.671875
2,105,1,0.630532026250154,2963.7152,2963.7152,13,1,0,Solve_Succeeded,6353.671875
2,106,1,0.594403541940194,2866.7486,2866.7486,13,1,0,Solve_Succeeded,6353.671875
2,107,1,0.535964983626265,2912.4179,2912.4179,12,1,0,Solve_Succeeded,6353.72265625
2,108,1,0.461003052366262,2814.725,2814.725,14,1,0,Solve_Succeeded,6353.70703125
2,109,1,0.3879114057725,2862.3034,2862.3034,13,1,0,Solve_Succeeded,6353.70703125
2,110,1,0.383726780246754,2847.6801,2847.6801,11,1,0,Solve_Succeeded,6353.70703125
2,111,1,0.4242654651863,2741.2185,2741.2185,11,1,0,Solve_Succeeded,6353.70703125
2,112,1,0.457828701054139,2900.5044,2900.5044,10,1,0,Solve_Succeeded,6353.70703125
2,113,1,0.476837247750335,2880.8584,2880.8584,11,1,0,Solve_Succeeded,6353.70703125
2,114,1,0.480714767566926,2781.617,2781.617,10,1,0,Solve_Succeeded,6353.70703125
2,115,1,0.469438989113837,2829.7313,2829.7313,10,1,0,Solve_Succeeded,6353.70703125
2,116,1,0.443542296621118,2824.9364,2824.9364,10,1,0,Solve_Succeeded,6353.70703125
2,117,1,0.404020615872834,2757.4598,2757.4598,10,1,0,Solve_Succeeded,6353.70703125
2,118,1,0.388796020100815,2796.6082,2796.6082,10,1,0,Solve_Succeeded,6353.70703125
2,119,1,0.396424356079971,3147.4955,3147.4955,8,1,0,Solve_Succeeded,6353.671875
2,120,1,0.401371954410247,2936.7807,2936.7807,7,1,0,Solve_Succeeded,6353.671875
2,121,1,0.39880227394752,2730.0056,2730.0056,8,1,0,Solve_Succeeded,6353.671875
2,122,1,0.396567403730746,2798.7413,2798.7413,9,1,0,Solve_Succeeded,6353.671875
2,123,1,0.395515848154251,2908.6468,2908.6468,9,1,0,Solve_Succeeded,6353.671875
2,124,1,0.402997687337043,3046.058,3046.058,7,1,0,Solve_Succeeded,6353.671875
2,125,1,0.378519307924003,2888.5945,2888.5945,9,1,0,Solve_Succeeded,6353.671875
2,126,1,0.337033312721683,2805.6841,2805.6841,8,1,0,Solve_Succeeded,6353.671875
2,127,1,0.301634747310947,2762.2161,2762.2161,8,1,0,Solve_Succeeded,6353.671875
2,128,1,0.261526968700801,2853.4541,2853.4541,8,1,0,Solve_Succeeded,6353.671875
2,129,1,0.231075399890545,2933.9949,2933.9949,8,1,0,Solve_Succeeded,6353.671875
2,130,1,0.204756519801494,2781.7935,2781.7935,7,1,0,Solve_Succeeded,6353.63671875
2,131,0,0.182949545659937,0.0523,NaN,NaN,1,0,not_triggered,6353.63671875
2,132,0,0.163960453818487,0.2347,NaN,NaN,1,0,not_triggered,6353.63671875
3,1,0,0.318049572311135,0.0106,NaN,NaN,1,0,not_triggered,6353.63671875
3,2,0,0.31624347329342,0.0096,NaN,NaN,1,0,not_triggered,6353.63671875
3,3,0,0.311425959230722,0.0084,NaN,NaN,1,0,not_triggered,6353.63671875
3,4,0,0.314345572051213,0.0082,NaN,NaN,1,0,not_triggered,6353.63671875
3,5,0,0.317940156128423,0.009,NaN,NaN,1,0,not_triggered,6353.63671875
3,6,0,0.315316076045048,0.0078,NaN,NaN,1,0,not_triggered,6353.63671875
3,7,0,0.315178993305922,0.0086,NaN,NaN,1,0,not_triggered,6353.63671875
3,8,0,0.326329882400589,0.0083,NaN,NaN,1,0,not_triggered,6353.63671875
3,9,0,0.340693133990456,0.0105,NaN,NaN,1,0,not_triggered,6353.63671875
3,10,0,0.329602224217817,0.0084,NaN,NaN,1,0,not_triggered,6353.63671875
3,11,0,0.325261548160237,0.0083,NaN,NaN,1,0,not_triggered,6353.63671875
3,12,0,0.371895366344579,0.0126,NaN,NaN,1,0,not_triggered,6353.63671875
3,13,0,0.387720364695736,0.0081,NaN,NaN,1,0,not_triggered,6353.63671875
3,14,0,0.410374779834819,0.0082,NaN,NaN,1,0,not_triggered,6353.63671875
3,15,0,0.406035103126015,0.0082,NaN,NaN,1,0,not_triggered,6353.63671875
3,16,0,0.389577208842545,0.0081,NaN,NaN,1,0,not_triggered,6353.63671875
3,17,0,0.445039143884584,0.008,NaN,NaN,1,0,not_triggered,6353.63671875
3,18,0,0.414715747774543,0.0081,NaN,NaN,1,0,not_triggered,6353.63671875
3,19,0,0.431617590112717,0.0073,NaN,NaN,1,0,not_triggered,6353.63671875
3,20,0,0.45172192544073,0.0075,NaN,NaN,1,0,not_triggered,6353.63671875
3,21,0,0.454533494802077,0.0076,NaN,NaN,1,0,not_triggered,6353.63671875
3,22,0,0.471790982420813,0.0094,NaN,NaN,1,0,not_triggered,6353.63671875
3,23,0,0.489490755111489,0.0128,NaN,NaN,1,0,not_triggered,6353.63671875
3,24,0,0.55630028153699,0.0106,NaN,NaN,1,0,not_triggered,6353.63671875
3,25,0,0.510920744816928,0.0074,NaN,NaN,1,0,not_triggered,6353.63671875
3,26,1,0.609238982118758,2878.0493,2878.0493,15,1,0,Solve_Succeeded,6353.63671875
3,27,1,0.563181258799015,2887.8253,2887.8253,13,1,0,Solve_Succeeded,6353.63671875
3,28,1,0.70192086684052,2876.1128,2876.1128,14,1,0,Solve_Succeeded,6353.63671875
3,29,1,0.701566285022389,2983.8554,2983.8554,18,1,0,Solve_Succeeded,6353.63671875
3,30,1,0.655671279770463,2860.5005,2860.5005,16,1,0,Solve_Succeeded,6353.63671875
3,31,1,0.888735836570541,2904.5481,2904.5481,17,1,0,Solve_Succeeded,6353.63671875
3,32,1,0.745729771629191,3011.2623,3011.2623,18,1,0,Solve_Succeeded,6353.63671875
3,33,1,0.758792585518254,2847.5871,2847.5871,18,1,0,Solve_Succeeded,6353.63671875
3,34,1,0.872455627934468,3079.998,3079.998,25,1,0,Solve_Succeeded,6353.63671875
3,35,1,0.865336169428923,3043.1484,3043.1484,17,1,0,Solve_Succeeded,6353.63671875
3,36,1,0.879281498284397,3070.4424,3070.4424,22,1,0,Solve_Succeeded,6353.63671875
3,37,1,0.846759568645928,2976.1423,2976.1423,17,1,0,Solve_Succeeded,6353.63671875
3,38,1,0.86724841141677,3176.5046,3176.5046,23,1,0,Solve_Succeeded,6353.63671875
3,39,1,0.854731145574225,2904.8335,2904.8335,18,1,0,Solve_Succeeded,6353.63671875
3,40,1,0.878187601370918,2940.1084,2940.1084,26,1,0,Solve_Succeeded,6353.671875
3,41,1,0.878128210791313,2994.9984,2994.9984,19,1,0,Solve_Succeeded,6353.671875
3,42,1,0.880382940554196,2834.7963,2834.7963,18,1,0,Solve_Succeeded,6353.671875
3,43,1,0.895270975610527,2862.7151,2862.7151,16,1,0,Solve_Succeeded,6353.671875
3,44,1,0.909458511933726,2922.0283,2922.0283,15,1,0,Solve_Succeeded,6353.671875
3,45,1,0.927387070893749,3041.215,3041.215,16,1,0,Solve_Succeeded,6353.671875
3,46,1,0.930473651424798,2984.7245,2984.7245,17,1,0,Solve_Succeeded,6353.671875
3,47,1,0.965558462943145,2992.2055,2992.2055,19,1,0,Solve_Succeeded,6353.671875
3,48,1,0.953879979651404,2946.1099,2946.1099,24,1,0,Solve_Succeeded,6353.671875
3,49,1,0.950487218320322,2903.1735,2903.1735,25,1,0,Solve_Succeeded,6353.671875
3,50,1,0.955828964032141,2877.9417,2877.9417,21,1,0,Solve_Succeeded,6353.671875
3,51,1,1.00476758345901,2865.4332,2865.4332,25,1,0,Solve_Succeeded,6353.671875
3,52,1,1.00610100353089,3007.1885,3007.1885,23,1,0,Solve_Succeeded,6353.671875
3,53,1,0.98298027401786,3123.3837,3123.3837,28,1,0,Solve_Succeeded,6353.640625
3,54,1,1.01882996783299,2861.0403,2861.0403,31,1,0,Solve_Succeeded,6353.640625
3,55,1,1.00790552354259,2896.9568,2896.9568,28,1,0,Solve_Succeeded,6353.640625
3,56,1,0.999164855573773,2896.4796,2896.4796,20,1,0,Solve_Succeeded,6353.640625
3,57,1,1.05315551651724,2918.0236,2918.0236,32,1,0,Solve_Succeeded,6353.640625
3,58,1,1.00844167750446,2794.5102,2794.5102,21,1,0,Solve_Succeeded,6334.8203125
3,59,1,1.01953450167726,2929.9171,2929.9171,22,1,0,Solve_Succeeded,6353.63671875
3,60,1,1.00278106919708,2854.9472,2854.9472,26,1,0,Solve_Succeeded,6334.90234375
3,61,1,1.02078109606252,2886.8935,2886.8935,33,1,0,Solve_Succeeded,6353.60546875
3,62,1,1.06588840607214,2996.3265,2996.3265,35,1,0,Solve_Succeeded,6353.63671875
3,63,1,1.05362886370556,3093.5174,3093.5174,30,1,0,Solve_Succeeded,6353.63671875
3,64,1,1.12763574763733,3104.4102,3104.4102,46,1,0,Solve_Succeeded,6353.63671875
3,65,1,1.00230707451058,2854.5016,2854.5016,40,1,0,Solve_Succeeded,6353.63671875
3,66,1,0.980198059993213,3043.5035,3043.5035,33,1,0,Solve_Succeeded,6354.61328125
3,67,1,1.0047125864979,3172.9761,3172.9761,43,1,0,Solve_Succeeded,6354.6171875
0,0,0,0,0,NaN,NaN,0,0,,NaN
4,1,0,0.313657134126434,0.0092,NaN,NaN,1,0,not_triggered,6354.6171875
4,2,0,0.311843935786927,0.0084,NaN,NaN,1,0,not_triggered,6354.6171875
4,3,0,0.313006705286875,0.0085,NaN,NaN,1,0,not_triggered,6354.6171875
4,4,0,0.318105476019477,0.0081,NaN,NaN,1,0,not_triggered,6354.6171875
4,5,0,0.315417863298968,0.0094,NaN,NaN,1,0,not_triggered,6354.6171875
4,6,0,0.313253024608913,0.0093,NaN,NaN,1,0,not_triggered,6354.6171875
4,7,0,0.319971634818415,0.0085,NaN,NaN,1,0,not_triggered,6354.6171875
4,8,0,0.31902052466567,0.0085,NaN,NaN,1,0,not_triggered,6354.6171875
4,9,0,0.324880162495227,0.0088,NaN,NaN,1,0,not_triggered,6354.6171875
4,10,0,0.329512222943095,0.0089,NaN,NaN,1,0,not_triggered,6354.6171875
4,11,0,0.355629670227021,0.0087,NaN,NaN,1,0,not_triggered,6354.6171875
4,12,0,0.346094569086922,0.009,NaN,NaN,1,0,not_triggered,6354.6171875
4,13,0,0.353465769045545,0.0131,NaN,NaN,1,0,not_triggered,6354.6171875
4,14,0,0.345631985989435,0.0105,NaN,NaN,1,0,not_triggered,6354.6171875
4,15,0,0.386423724128712,0.0075,NaN,NaN,1,0,not_triggered,6354.6171875
4,16,0,0.39245191990378,0.0077,NaN,NaN,1,0,not_triggered,6354.6171875
4,17,0,0.426524871952617,0.013,NaN,NaN,1,0,not_triggered,6354.6171875
4,18,0,0.406958125420582,0.0086,NaN,NaN,1,0,not_triggered,6354.6171875
4,19,0,0.403981180730617,0.0084,NaN,NaN,1,0,not_triggered,6354.6171875
4,20,0,0.459141595534206,0.0121,NaN,NaN,1,0,not_triggered,6354.6171875
4,21,0,0.459422672514028,0.0078,NaN,NaN,1,0,not_triggered,6354.6171875
4,22,0,0.489962202030715,0.0143,NaN,NaN,1,0,not_triggered,6354.6171875
4,23,0,0.475803765722587,0.0126,NaN,NaN,1,0,not_triggered,6354.6171875
4,24,0,0.481535795427698,0.0117,NaN,NaN,1,0,not_triggered,6354.6171875
4,25,0,0.569546204469577,0.0104,NaN,NaN,1,0,not_triggered,6354.6171875
4,26,0,0.499067680460673,0.0124,NaN,NaN,1,0,not_triggered,6354.6171875
4,27,0,0.546186116774218,0.0137,NaN,NaN,1,0,not_triggered,6354.6171875
4,28,0,0.557084396305031,0.008,NaN,NaN,1,0,not_triggered,6354.6171875
4,29,0,0.587835346230569,0.0081,NaN,NaN,1,0,not_triggered,6354.6171875
4,30,1,0.698284054447473,2954.9249,2954.9249,15,1,0,Solve_Succeeded,6354.6171875
4,31,1,0.831049615424433,2876.9552,2876.9552,17,1,0,Solve_Succeeded,6354.48046875
4,32,1,0.749958427861531,2891.6376,2891.6376,16,1,0,Solve_Succeeded,6354.48046875
4,33,1,0.714003759163545,3024.1404,3024.1404,19,1,0,Solve_Succeeded,6354.48046875
4,34,1,0.836633321191799,2892.2234,2892.2234,16,1,0,Solve_Succeeded,6354.48046875
4,35,1,0.830694427973899,2928.4378,2928.4378,19,1,0,Solve_Succeeded,6354.48046875
4,36,1,0.838422457821664,2884.2894,2884.2894,22,1,0,Solve_Succeeded,6354.48046875
4,37,1,0.847871593270418,2909.0423,2909.0423,21,1,0,Solve_Succeeded,6354.48046875
4,38,1,0.852789660009365,2966.2099,2966.2099,18,1,0,Solve_Succeeded,6354.515625
4,39,1,0.935792418914809,2958.4122,2958.4122,20,1,0,Solve_Succeeded,6354.515625
4,40,1,0.919673152537832,2989.3209,2989.3209,21,1,0,Solve_Succeeded,6354.515625
4,41,1,0.907980128310012,2868.3383,2868.3383,19,1,0,Solve_Succeeded,6354.515625
4,42,1,0.934503544492917,2944.3428,2944.3428,23,1,0,Solve_Succeeded,6354.515625
4,43,1,0.93167476259108,2895.1686,2895.1686,23,1,0,Solve_Succeeded,6354.515625
4,44,1,0.980922480172823,2953.3111,2953.3111,19,1,0,Solve_Succeeded,6354.515625
4,45,1,0.929221179071343,2918.8842,2918.8842,19,1,0,Solve_Succeeded,6354.515625
4,46,1,0.992982208392367,2888.9607,2888.9607,18,1,0,Solve_Succeeded,6354.515625
4,47,1,0.878692435557278,2946.5063,2946.5063,25,1,0,Solve_Succeeded,6354.515625
4,48,1,0.963907347016648,3075.6686,3075.6686,23,1,0,Solve_Succeeded,6354.515625
4,49,1,1.00163394997825,2968.5834,2968.5834,29,1,0,Solve_Succeeded,6354.515625
4,50,1,0.955313971001906,3084.6987,3084.6987,25,1,0,Solve_Succeeded,6354.515625
4,51,1,0.977894291649997,3048.1792,3048.1792,23,1,0,Solve_Succeeded,6354.515625
4,52,1,0.905248354150528,3035.7755,3035.7755,27,1,0,Solve_Succeeded,6354.515625
4,53,1,0.957738580073248,2971.3274,2971.3274,20,1,0,Solve_Succeeded,6354.515625
4,54,1,0.964378521152884,3224.9844,3224.9844,40,1,0,Solve_Succeeded,6354.515625
4,55,1,0.957012139026957,3308.9167,3308.9167,23,1,0,Solve_Succeeded,6354.515625
4,56,1,0.961163227352412,3215.7451,3215.7451,23,1,0,Solve_Succeeded,6354.515625
4,57,1,0.970621775535501,2971.0328,2971.0328,29,1,0,Solve_Succeeded,6354.515625
4,58,1,0.943083101052594,2985.538,2985.538,31,1,0,Solve_Succeeded,6354.515625
4,59,1,0.956292315828438,2930.9778,2930.9778,24,1,0,Solve_Succeeded,6354.515625
4,60,1,0.982651031517483,2849.7721,2849.7721,37,1,0,Solve_Succeeded,6354.515625
4,61,1,0.944497601000211,2961.9091,2961.9091,30,1,0,Solve_Succeeded,6354.515625
4,62,1,0.963520108841926,2916.9704,2916.9704,18,1,0,Solve_Succeeded,6354.515625
4,63,1,0.983642042372053,2994.3162,2994.3162,22,1,0,Solve_Succeeded,6354.515625
4,64,1,0.9680518866238,2939.2056,2939.2056,20,1,0,Solve_Succeeded,6354.515625
4,65,1,0.960397914296054,3029.6724,3029.6724,23,1,0,Solve_Succeeded,6354.515625
4,66,1,0.907179460326908,3167.5098,3167.5098,25,1,0,Solve_Succeeded,6354.515625
4,67,1,0.906836337323619,2920.9663,2920.9663,26,1,0,Solve_Succeeded,6354.515625
4,68,1,0.917120097253397,2926.6816,2926.6816,26,1,0,Solve_Succeeded,6354.515625
4,69,1,0.92133016126872,2982.6444,2982.6444,40,1,0,Solve_Succeeded,6354.515625
4,70,1,0.911766052272949,3019.6493,3019.6493,49,1,0,Solve_Succeeded,6354.515625
4,71,1,0.929790556781154,2824.734,2824.734,26,1,0,Solve_Succeeded,6354.515625
4,72,1,0.919623018983519,3098.1294,3098.1294,59,1,0,Solve_Succeeded,6354.515625
4,73,1,0.921488384927523,3067.9552,3067.9552,59,1,0,Solve_Succeeded,6354.515625
4,74,1,0.944058008401934,3207.1201,3207.1201,48,1,0,Solve_Succeeded,6354.515625
4,75,1,0.925737201153611,3026.4018,3026.4018,46,1,0,Solve_Succeeded,6354.4453125
4,76,1,0.940330628303385,2983.2598,2983.2598,46,1,0,Solve_Succeeded,6354.4765625
4,77,1,0.946105717720206,3004.2792,3004.2792,60,1,0,Solve_Succeeded,6354.546875
4,78,1,0.942482259601632,2935.5896,2935.5896,38,1,0,Solve_Succeeded,6354.546875
4,79,1,0.932694803175397,2826.6432,2826.6432,17,1,0,Solve_Succeeded,6354.58203125
4,80,1,0.97377399572768,2971.2104,2971.2104,20,1,0,Solve_Succeeded,6354.58203125
4,81,1,0.891101156251153,2904.1586,2904.1586,19,1,0,Solve_Succeeded,6354.58203125
4,82,1,0.887259641134719,2981.5373,2981.5373,28,1,0,Solve_Succeeded,6354.58203125
4,83,1,0.920767513172487,3021.8001,3021.8001,23,1,0,Solve_Succeeded,6354.58203125
4,84,1,0.937548358895021,3006.5132,3006.5132,35,1,0,Solve_Succeeded,6354.58203125
4,85,1,0.936933553336591,2970.3285,2970.3285,24,1,0,Solve_Succeeded,6354.58203125
4,86,1,0.919242333364181,2859.1858,2859.1858,19,1,0,Solve_Succeeded,6354.58203125
4,87,1,0.885715766349499,2868.6367,2868.6367,25,1,0,Solve_Succeeded,6354.58203125
4,88,1,0.842101346845878,3025.6366,3025.6366,42,1,0,Solve_Succeeded,6354.58203125
4,89,1,0.786150557778319,2866.3934,2866.3934,24,1,0,Solve_Succeeded,6354.58203125
4,90,1,0.724912904865632,2880.5244,2880.5244,16,1,0,Solve_Succeeded,6354.58203125
4,91,1,0.703705892995795,2940.4168,2940.4168,23,1,0,Solve_Succeeded,6335.6484375
4,92,1,0.664421415563149,2923.8568,2923.8568,23,1,0,Solve_Succeeded,6353.5390625
4,93,1,0.68547784399232,2823.2167,2823.2167,20,1,0,Solve_Succeeded,6353.5390625
4,94,1,0.693358774208492,2944.0446,2944.0446,19,1,0,Solve_Succeeded,6353.60546875
4,95,1,0.492738499935043,2840.3714,2840.3714,17,1,0,Solve_Succeeded,6353.60546875
4,96,1,0.452641312757787,2792.0917,2792.0917,22,1,0,Solve_Succeeded,6353.60546875
4,97,1,0.391127264472583,2942.2794,2942.2794,26,1,0,Solve_Succeeded,6353.60546875
4,98,1,0.461466700465775,2920.1579,2920.1579,31,1,0,Solve_Succeeded,6353.60546875
4,99,1,0.458622040149975,2879.7435,2879.7435,28,1,0,Solve_Succeeded,6353.60546875
4,100,1,0.393733841751979,2884.6496,2884.6496,24,1,0,Solve_Succeeded,6353.60546875
4,101,1,0.398661791173322,3058.54,3058.54,17,1,0,Solve_Succeeded,6334.5546875
4,102,1,0.481080999118992,2857.551,2857.551,17,1,0,Solve_Succeeded,6353.51171875
4,103,1,0.561698474741781,3020.2153,3020.2153,14,1,0,Solve_Succeeded,6353.54296875
4,104,1,0.629045674494473,3266.3993,3266.3993,21,1,0,Solve_Succeeded,6353.57421875
4,105,1,0.675495991375147,3177.88,3177.88,14,1,0,Solve_Succeeded,6353.60546875
4,106,1,0.693719857777309,3043.0352,3043.0352,15,1,0,Solve_Succeeded,6353.60546875
4,107,1,0.394888338260683,2839.2447,2839.2447,15,1,0,Solve_Succeeded,6353.60546875
4,108,1,0.395553527851513,2973.2748,2973.2748,15,1,0,Solve_Succeeded,6353.60546875
4,109,1,0.392414737547874,2934.0537,2934.0537,17,1,0,Solve_Succeeded,6353.60546875
4,110,1,0.386255098541819,2975.3119,2975.3119,15,1,0,Solve_Succeeded,6353.60546875
4,111,1,0.392939741174156,2836.3561,2836.3561,14,1,0,Solve_Succeeded,6353.60546875
4,112,1,0.39019301955597,2842.2564,2842.2564,15,1,0,Solve_Succeeded,6353.60546875
4,113,1,0.387650873288567,2890.4244,2890.4244,13,1,0,Solve_Succeeded,6353.60546875
4,114,1,0.391193741092521,3089.0393,3089.0393,13,1,0,Solve_Succeeded,6353.60546875
4,115,1,0.394361264737601,2867.6464,2867.6464,12,1,0,Solve_Succeeded,6353.60546875
4,116,1,0.39384637293101,2983.875,2983.875,11,1,0,Solve_Succeeded,6353.60546875
4,117,1,0.396839365478937,2981.2821,2981.2821,12,1,0,Solve_Succeeded,6353.60546875
4,118,1,0.395660460038545,2832.395,2832.395,12,1,0,Solve_Succeeded,6353.60546875
4,119,1,0.392278018122409,2959.0004,2959.0004,12,1,0,Solve_Succeeded,6353.5
4,120,1,0.389533979870162,2950.6812,2950.6812,11,1,0,Solve_Succeeded,6353.46484375
4,121,1,0.389055231980449,2786.451,2786.451,10,1,0,Solve_Succeeded,6353.46484375
4,122,1,0.389994742808297,2814.992,2814.992,10,1,0,Solve_Succeeded,6353.46484375
4,123,1,0.392261686844214,2967.4038,2967.4038,11,1,0,Solve_Succeeded,6353.46484375
4,124,1,0.384832443112009,2978.9448,2978.9448,9,1,0,Solve_Succeeded,6353.46484375
4,125,1,0.394080932380813,2808.8447,2808.8447,8,1,0,Solve_Succeeded,6353.46484375
4,126,1,0.392352052865081,2845.4465,2845.4465,8,1,0,Solve_Succeeded,6353.46484375
4,127,1,0.39199708265928,2883.3726,2883.3726,8,1,0,Solve_Succeeded,6353.46484375
4,128,1,0.395838529720433,2823.3514,2823.3514,8,1,0,Solve_Succeeded,6353.46484375
4,129,1,0.393770364371121,2856.028,2856.028,9,1,0,Solve_Succeeded,6353.49609375
4,130,1,0.387260582253541,3002.8224,3002.8224,10,1,0,Solve_Succeeded,6353.49609375
4,131,1,0.379070145480657,3049.6018,3049.6018,9,1,0,Solve_Succeeded,6353.49609375
4,132,1,0.337524967042487,2966.7269,2966.7269,9,1,0,Solve_Succeeded,6353.49609375
4,133,1,0.296284828235111,2909.5225,2909.5225,7,1,0,Solve_Succeeded,6353.49609375
4,134,1,0.259795841053161,3091.947,3091.947,8,1,0,Solve_Succeeded,6353.49609375
4,135,1,0.228038297308416,3237.9172,3237.9172,9,1,0,Solve_Succeeded,6353.49609375
4,136,1,0.200194874422094,3128.2064,3128.2064,8,1,0,Solve_Succeeded,6353.49609375
4,137,0,0.178294913158116,0.0263,NaN,NaN,1,0,not_triggered,6354.49609375
4,138,0,0.154990375324845,0.0123,NaN,NaN,1,0,not_triggered,6354.49609375
5,1,0,0.309554429067491,0.01,NaN,NaN,1,0,not_triggered,6354.49609375
5,2,0,0.305713388047956,0.0092,NaN,NaN,1,0,not_triggered,6354.49609375
5,3,0,0.312620326809025,0.0082,NaN,NaN,1,0,not_triggered,6354.49609375
5,4,0,0.308982869401607,0.0085,NaN,NaN,1,0,not_triggered,6354.49609375
5,5,0,0.311265746639952,0.0082,NaN,NaN,1,0,not_triggered,6354.49609375
5,6,0,0.312449308053843,0.0105,NaN,NaN,1,0,not_triggered,6354.49609375
5,7,0,0.312311492153719,0.0087,NaN,NaN,1,0,not_triggered,6354.49609375
5,8,0,0.31564652964368,0.0118,NaN,NaN,1,0,not_triggered,6354.49609375
5,9,0,0.317640141383595,0.0145,NaN,NaN,1,0,not_triggered,6354.49609375
5,10,0,0.309218514433385,0.0084,NaN,NaN,1,0,not_triggered,6354.49609375
5,11,0,0.342806156454235,0.0124,NaN,NaN,1,0,not_triggered,6354.49609375
5,12,0,0.355209351568643,0.0086,NaN,NaN,1,0,not_triggered,6354.49609375
5,13,0,0.357910994606515,0.0087,NaN,NaN,1,0,not_triggered,6354.49609375
5,14,0,0.398181634319845,0.0111,NaN,NaN,1,0,not_triggered,6354.49609375
5,15,0,0.363375771929903,0.0102,NaN,NaN,1,0,not_triggered,6354.49609375
5,16,0,0.418731924294266,0.0076,NaN,NaN,1,0,not_triggered,6354.49609375
5,17,0,0.407341205423486,0.0079,NaN,NaN,1,0,not_triggered,6354.49609375
5,18,0,0.404832593736481,0.0101,NaN,NaN,1,0,not_triggered,6354.49609375
5,19,0,0.403409534121587,0.0078,NaN,NaN,1,0,not_triggered,6354.49609375
5,20,0,0.461008972399045,0.0079,NaN,NaN,1,0,not_triggered,6354.49609375
5,21,0,0.500953421943616,0.0075,NaN,NaN,1,0,not_triggered,6354.49609375
5,22,0,0.439220441530111,0.0078,NaN,NaN,1,0,not_triggered,6354.49609375
5,23,0,0.478849400410492,0.0076,NaN,NaN,1,0,not_triggered,6354.49609375
5,24,0,0.549254417251539,0.0109,NaN,NaN,1,0,not_triggered,6354.49609375
5,25,0,0.53761448825837,0.0106,NaN,NaN,1,0,not_triggered,6354.49609375
5,26,0,0.565706296540755,0.0076,NaN,NaN,1,0,not_triggered,6354.49609375
5,27,0,0.599447670214186,0.0095,NaN,NaN,1,0,not_triggered,6354.49609375
5,28,0,0.593762137075408,0.0111,NaN,NaN,1,0,not_triggered,6354.49609375
5,29,1,0.650927044260133,3109.0261,3109.0261,14,1,0,Solve_Succeeded,6354.49609375
5,30,1,0.599715212768399,2957.2887,2957.2887,14,1,0,Solve_Succeeded,6354.49609375
5,31,1,0.793525382251686,2990.4267,2990.4267,16,1,0,Solve_Succeeded,6354.49609375
5,32,1,0.655370925104938,2873.1794,2873.1794,16,1,0,Solve_Succeeded,6354.49609375
5,33,1,0.761806953624288,2777.3256,2777.3256,17,1,0,Solve_Succeeded,6354.49609375
5,34,1,0.869417849530702,2846.9494,2846.9494,16,1,0,Solve_Succeeded,6354.49609375
5,35,1,0.866073325768804,2895.6372,2895.6372,18,1,0,Solve_Succeeded,6354.49609375
5,36,1,0.851859684201698,2821.5599,2821.5599,22,1,0,Solve_Succeeded,6354.49609375
5,37,1,0.870087855794822,2835.6248,2835.6248,19,1,0,Solve_Succeeded,6354.49609375
5,38,1,0.882430549191098,2866.2095,2866.2095,19,1,0,Solve_Succeeded,6354.49609375
5,39,1,0.879750130856245,2841.3711,2841.3711,22,1,0,Solve_Succeeded,6354.49609375
5,40,1,0.868115364131766,2761.6682,2761.6682,21,1,0,Solve_Succeeded,6354.49609375
5,41,1,0.880971617378061,2802.0295,2802.0295,19,1,0,Solve_Succeeded,6354.49609375
5,42,1,0.89903104724949,2912.9939,2912.9939,23,1,0,Solve_Succeeded,6354.49609375
5,43,1,0.88473435176422,2793.0454,2793.0454,20,1,0,Solve_Succeeded,6354.49609375
5,44,1,0.916794638848049,2825.9435,2825.9435,20,1,0,Solve_Succeeded,6354.49609375
5,45,1,0.926836862021988,2936.9223,2936.9223,21,1,0,Solve_Succeeded,6354.49609375
5,46,1,0.994700292941604,2800.2587,2800.2587,21,1,0,Solve_Succeeded,6354.49609375
5,47,1,0.956986193121794,2818.8818,2818.8818,24,1,0,Solve_Succeeded,6354.49609375
5,48,1,0.988218803581098,2919.456,2919.456,27,1,0,Solve_Succeeded,6354.49609375
5,49,1,1.00565083223031,2878.8189,2878.8189,26,1,0,Solve_Succeeded,6354.49609375
5,50,1,1.03105491327801,2855.5617,2855.5617,26,1,0,Solve_Succeeded,6354.49609375
5,51,1,0.970308596086325,2866.922,2866.922,24,1,0,Solve_Succeeded,6354.49609375
5,52,1,1.03485753779376,2909.7293,2909.7293,26,1,0,Solve_Succeeded,6335.3046875
5,53,1,0.959643213246674,2825.7138,2825.7138,30,1,0,Solve_Succeeded,6353.53125
5,54,1,0.988736904553446,2845.9421,2845.9421,28,1,0,Solve_Succeeded,6354.4921875
5,55,1,0.975835948704986,2914.6869,2914.6869,24,1,0,Solve_Succeeded,6354.4921875
5,56,1,1.00885634360929,2916.2034,2916.2034,49,1,0,Solve_Succeeded,6354.4609375
5,57,1,0.971852521465866,2898.5586,2898.5586,24,1,0,Solve_Succeeded,6354.4609375
5,58,1,0.973182778443356,2891.3732,2891.3732,25,1,0,Solve_Succeeded,6354.4609375
5,59,1,0.973883861145367,3044.1588,3044.1588,23,1,0,Solve_Succeeded,6354.49609375
5,60,1,0.979213586461943,3013.3869,3013.3869,21,1,0,Solve_Succeeded,6354.49609375
5,61,1,0.968306166367883,2851.5375,2851.5375,23,1,0,Solve_Succeeded,6354.49609375
5,62,1,0.955164083336169,2926.4036,2926.4036,29,1,0,Solve_Succeeded,6354.49609375
5,63,1,0.971994048960058,2892.2276,2892.2276,30,1,0,Solve_Succeeded,6354.49609375
5,64,1,0.954937716391663,2841.2352,2841.2352,27,1,0,Solve_Succeeded,6335.60546875
5,65,1,1.01099240523982,2878.5971,2878.5971,29,1,0,Solve_Succeeded,6354.49609375
5,66,1,0.908081381937371,2903.8564,2903.8564,35,1,0,Solve_Succeeded,6354.49609375
5,67,1,0.907264372363616,2913.0432,2913.0432,43,1,0,Solve_Succeeded,6354.5
5,68,1,0.907707429010377,2902.8168,2902.8168,44,1,0,Solve_Succeeded,6354.5
5,69,1,0.905275461254189,3100.9516,3100.9516,44,1,0,Solve_Succeeded,6354.5
5,70,1,0.863457834859074,2892.3987,2892.3987,56,1,0,Solve_Succeeded,6354.5
5,71,1,0.801889879402345,2974.747,2974.747,55,1,0,Solve_Succeeded,6354.5
5,72,1,0.830026785850594,3142.76,3142.76,50,1,0,Solve_Succeeded,6354.5
5,73,1,0.846799489336637,3057.3733,3057.3733,57,1,0,Solve_Succeeded,6354.5
5,74,1,0.910824412862822,2852.2502,2852.2502,50,1,0,Solve_Succeeded,6354.5
5,75,1,0.817106131926408,2990.1252,2990.1252,45,1,0,Solve_Succeeded,6354.5
5,76,1,0.866058008653095,3013.3466,3013.3466,43,1,0,Solve_Succeeded,6354.5
5,77,1,0.765492381109732,3056.4613,3056.4613,46,1,0,Solve_Succeeded,6354.5
5,78,1,0.807614889600279,2904.4649,2904.4649,50,1,0,Solve_Succeeded,6354.5
5,79,1,0.787483692301943,3084.5341,3084.5341,34,1,0,Solve_Succeeded,6354.5
5,80,1,0.810512019157544,3373.051,3373.051,23,1,0,Solve_Succeeded,6354.5
5,81,1,0.865849888466985,2938.0765,2938.0765,19,1,0,Solve_Succeeded,6354.5
5,82,1,0.907996764673164,2720.2569,2720.2569,25,1,0,Solve_Succeeded,6362.40625
5,83,1,0.935389718889571,2621.3081,2621.3081,21,1,0,Solve_Succeeded,6362.40625
5,84,1,0.946843185618447,2577.3685,2577.3685,17,1,0,Solve_Succeeded,6362.40625
5,85,1,0.941273099396622,2587.6066,2587.6066,21,1,0,Solve_Succeeded,6362.40625
5,86,1,0.918582774242364,2849.8771,2849.8771,29,1,0,Solve_Succeeded,6362.47265625
5,87,1,0.878008123081841,3341.1086,3341.1086,20,1,0,Solve_Succeeded,6354.55859375
5,88,1,0.819018125371324,2785.5638,2785.5638,18,1,0,Solve_Succeeded,6354.55859375
5,89,1,0.744736949431349,2929.6433,2929.6433,22,1,0,Solve_Succeeded,6354.5546875
5,90,1,0.658089579611931,3063.8866,3063.8866,20,1,0,Solve_Succeeded,6354.5546875
5,91,1,0.66807980235306,3039.3434,3039.3434,21,1,0,Solve_Succeeded,6354.5546875
5,92,1,0.660555391365469,2810.4891,2810.4891,17,1,0,Solve_Succeeded,6354.5546875
5,93,1,0.637970155677642,2920.2797,2920.2797,17,1,0,Solve_Succeeded,6354.5546875
5,94,1,0.448857693998281,3039.3264,3039.3264,19,1,0,Solve_Succeeded,6354.5546875
5,95,1,0.454741480381196,2795.6127,2795.6127,17,1,0,Solve_Succeeded,6354.5546875
5,96,1,0.474164518896065,2923.7951,2923.7951,16,1,0,Solve_Succeeded,6354.5546875
5,97,1,0.477881994826838,2864.3556,2864.3556,17,1,0,Solve_Succeeded,6354.5546875
5,98,1,0.493801255836476,2754.3009,2754.3009,17,1,0,Solve_Succeeded,6354.5546875
5,99,1,0.5870953209922,2816.4728,2816.4728,15,1,0,Solve_Succeeded,6354.5546875
5,100,1,0.665465924636458,2896.4231,2896.4231,16,1,0,Solve_Succeeded,6354.5546875
5,101,1,0.723441060024206,2843.9745,2843.9745,12,1,0,Solve_Succeeded,6354.5546875
5,102,1,0.75530605739795,2773.7058,2773.7058,14,1,0,Solve_Succeeded,6354.5234375
5,103,1,0.757098715453571,2901.5769,2901.5769,15,1,0,Solve_Succeeded,6354.5234375
5,104,1,0.73801464177564,2806.543,2806.543,15,1,0,Solve_Succeeded,6354.58984375
5,105,1,0.699949393878282,2759.9365,2759.9365,16,1,0,Solve_Succeeded,6354.65625
5,106,1,0.645554523490216,2877.5239,2877.5239,23,1,0,Solve_Succeeded,6354.65625
5,107,1,0.580835758469983,2862.489,2862.489,18,1,0,Solve_Succeeded,6354.65625
5,108,1,0.509099202040046,2770.0322,2770.0322,14,1,0,Solve_Succeeded,6354.65625
5,109,1,0.493317938366432,2842.2579,2842.2579,12,1,0,Solve_Succeeded,6354.65625
5,110,1,0.548378599442276,3011.2716,3011.2716,12,1,0,Solve_Succeeded,6354.65625
5,111,1,0.588032311296705,2772.8518,2772.8518,11,1,0,Solve_Succeeded,6354.65625
5,112,1,0.611010639487068,2819.6513,2819.6513,12,1,0,Solve_Succeeded,6354.65625
5,113,1,0.616618943273146,2883.7546,2883.7546,11,1,0,Solve_Succeeded,6354.65625
5,114,1,0.607603934020276,2872.2347,2872.2347,10,1,0,Solve_Succeeded,6354.65625
5,115,1,0.58630953616743,2786.5444,2786.5444,11,1,0,Solve_Succeeded,6354.65625
5,116,1,0.553501182998521,2882.6047,2882.6047,9,1,0,Solve_Succeeded,6354.65625
5,117,1,0.509938839811857,2856.8295,2856.8295,10,1,0,Solve_Succeeded,6354.65625
5,118,1,0.45646893947578,2769.2025,2769.2025,9,1,0,Solve_Succeeded,6354.65625
5,119,1,0.39399328360512,2814.4741,2814.4741,10,1,0,Solve_Succeeded,6354.65625
5,120,1,0.388297185717501,2899.6308,2899.6308,8,1,0,Solve_Succeeded,6354.65625
5,121,1,0.392864805978394,2780.7133,2780.7133,9,1,0,Solve_Succeeded,6354.65625
5,122,1,0.392811384216899,2747.7744,2747.7744,8,1,0,Solve_Succeeded,6354.65625
5,123,1,0.38973325081749,2804.2771,2804.2771,9,1,0,Solve_Succeeded,6354.65625
5,124,1,0.38739475009952,2783.7041,2783.7041,9,1,0,Solve_Succeeded,6354.65625
5,125,1,0.390027127688235,2830.5377,2830.5377,7,1,0,Solve_Succeeded,6354.65625
5,126,1,0.385367851991528,2830.3676,2830.3676,6,1,0,Solve_Succeeded,6354.65625
5,127,1,0.346132119531097,2892.7113,2892.7113,8,1,0,Solve_Succeeded,6354.65625
5,128,1,0.302798072828798,2770.0033,2770.0033,8,1,0,Solve_Succeeded,6354.65625
5,129,1,0.26640894117715,2815.3269,2815.3269,7,1,0,Solve_Succeeded,6354.65625
5,130,1,0.229439209640169,2852.1014,2852.1014,8,1,0,Solve_Succeeded,6354.65625
5,131,1,0.202735091221958,2827.6211,2827.6211,8,1,0,Solve_Succeeded,6354.69140625
5,132,0,0.176915382478497,0.0132,NaN,NaN,1,0,not_triggered,6354.69140625
5,133,0,0.152071774250212,0.0085,NaN,NaN,1,0,not_triggered,6354.69140625
6,1,0,0.312333049680611,0.0093,NaN,NaN,1,0,not_triggered,6354.69140625
6,2,0,0.315080337512627,0.0084,NaN,NaN,1,0,not_triggered,6354.69140625
6,3,0,0.31252921275897,0.0084,NaN,NaN,1,0,not_triggered,6354.69140625
6,4,0,0.312123134715559,0.0092,NaN,NaN,1,0,not_triggered,6354.69140625
6,5,0,0.313876747014747,0.0082,NaN,NaN,1,0,not_triggered,6354.69140625
6,6,0,0.313443778366635,0.008,NaN,NaN,1,0,not_triggered,6354.69140625
6,7,0,0.313758618731714,0.0105,NaN,NaN,1,0,not_triggered,6354.69140625
6,8,0,0.328421548124107,0.0084,NaN,NaN,1,0,not_triggered,6354.69140625
6,9,0,0.324462420378082,0.0081,NaN,NaN,1,0,not_triggered,6354.69140625
6,10,0,0.326796333856118,0.0085,NaN,NaN,1,0,not_triggered,6354.69140625
6,11,0,0.345753547875884,0.008,NaN,NaN,1,0,not_triggered,6354.69140625
6,12,0,0.349187731718332,0.008,NaN,NaN,1,0,not_triggered,6354.69140625
6,13,0,0.348684948918593,0.0126,NaN,NaN,1,0,not_triggered,6354.69140625
6,14,0,0.368209005498468,0.0087,NaN,NaN,1,0,not_triggered,6354.69140625
6,15,0,0.375930011570734,0.01,NaN,NaN,1,0,not_triggered,6354.69140625
6,16,0,0.407776827885775,0.0086,NaN,NaN,1,0,not_triggered,6354.69140625
6,17,0,0.411616416822913,0.0082,NaN,NaN,1,0,not_triggered,6354.69140625
6,18,0,0.422477116231651,0.0081,NaN,NaN,1,0,not_triggered,6354.69140625
6,19,0,0.437870034716391,0.0076,NaN,NaN,1,0,not_triggered,6354.69140625
6,20,0,0.435844008914719,0.0075,NaN,NaN,1,0,not_triggered,6354.69140625
6,21,0,0.495045668109751,0.0076,NaN,NaN,1,0,not_triggered,6354.69140625
6,22,0,0.450203333433097,0.0091,NaN,NaN,1,0,not_triggered,6354.69140625
6,23,0,0.509376888008205,0.0075,NaN,NaN,1,0,not_triggered,6354.69140625
6,24,0,0.474523846846744,0.0075,NaN,NaN,1,0,not_triggered,6354.69140625
6,25,0,0.516971154402074,0.0079,NaN,NaN,1,0,not_triggered,6354.69140625
6,26,0,0.567231665631297,0.0076,NaN,NaN,1,0,not_triggered,6354.69140625
6,27,0,0.527079911558627,0.008,NaN,NaN,1,0,not_triggered,6354.69140625
6,28,0,0.594002087527538,0.0082,NaN,NaN,1,0,not_triggered,6354.69140625
6,29,1,0.679906761653497,2822.2952,2822.2952,15,1,0,Solve_Succeeded,6354.69140625
6,30,1,0.595786987540562,3037.3304,3037.3304,14,1,0,Solve_Succeeded,6354.69140625
6,31,1,0.725513456080415,2873.0107,2873.0107,16,1,0,Solve_Succeeded,6354.69140625
6,32,1,0.849127922587008,2779.5931,2779.5931,19,1,0,Solve_Succeeded,6354.69140625
6,33,1,0.800873370357367,2853.3955,2853.3955,19,1,0,Solve_Succeeded,6354.69140625
6,34,1,0.835621344179647,2859.3389,2859.3389,18,1,0,Solve_Succeeded,6362.7109375
6,35,1,0.827345360413066,3082.7449,3082.7449,17,1,0,Solve_Succeeded,6362.671875
6,36,1,0.794088583369209,2711.2021,2711.2021,21,1,0,Solve_Succeeded,6354.7578125
6,37,1,0.84052632500503,2650.3572,2650.3572,23,1,0,Solve_Succeeded,6354.76171875
6,38,1,0.858992158676356,2903.6825,2903.6825,17,1,0,Solve_Succeeded,6354.7578125
6,39,1,0.848894321133833,2820.6468,2820.6468,22,1,0,Solve_Succeeded,6354.72265625
6,40,1,0.873222692413624,2832.8611,2832.8611,17,1,0,Solve_Succeeded,6336.1015625
6,41,1,0.864209844981702,2950.7272,2950.7272,18,1,0,Solve_Succeeded,6354.625
6,42,1,0.880798006842338,2994.8467,2994.8467,19,1,0,Solve_Succeeded,6354.625
6,43,1,0.890649671673437,2870.8802,2870.8802,22,1,0,Solve_Succeeded,6354.625
6,44,1,0.89504877949076,2872.8837,2872.8837,19,1,0,Solve_Succeeded,6335.625
6,45,1,0.925930183415533,2874.7677,2874.7677,18,1,0,Solve_Succeeded,6354.55859375
6,46,1,0.906166564963236,2772.3509,2772.3509,18,1,0,Solve_Succeeded,6354.62109375
6,47,1,0.929344845061067,2858.7461,2858.7461,21,1,0,Solve_Succeeded,6354.62109375
6,48,1,0.939056152575464,2933.556,2933.556,17,1,0,Solve_Succeeded,6354.62109375
6,49,1,0.940234091021975,2829.8901,2829.8901,17,1,0,Solve_Succeeded,6354.62109375
6,50,1,0.93518842769215,2918.6386,2918.6386,22,1,0,Solve_Succeeded,6354.62109375
6,51,1,0.940492060510859,2950.5071,2950.5071,26,1,0,Solve_Succeeded,6354.65625
6,52,1,0.955015052696564,2816.452,2816.452,23,1,0,Solve_Succeeded,6354.65625
6,53,1,0.948678363916324,3020.8805,3020.8805,35,1,0,Solve_Succeeded,6354.65625
6,54,1,0.944581043027034,2907.3871,2907.3871,24,1,0,Solve_Succeeded,6354.65625
6,55,1,0.957117691371504,3047.86,3047.86,19,1,0,Solve_Succeeded,6354.73828125
6,56,1,0.975196803486691,2901.1729,2901.1729,22,1,0,Solve_Succeeded,6354.72265625
6,57,1,0.952838106590836,2881.7751,2881.7751,22,1,0,Solve_Succeeded,6354.7578125
6,58,1,0.95605567354463,2971.1868,2971.1868,21,1,0,Solve_Succeeded,6354.7578125
6,59,1,0.956336213706288,2969.5507,2969.5507,31,1,0,Solve_Succeeded,6354.7578125
6,60,1,0.963354052966448,2887.4263,2887.4263,22,1,0,Solve_Succeeded,6354.7578125
6,61,1,0.991063953362584,3059.9683,3059.9683,31,1,0,Solve_Succeeded,6354.7578125
6,62,1,0.948392824549663,2845.1502,2845.1502,22,1,0,Solve_Succeeded,6354.7578125
6,63,1,0.959747050559317,2770.1509,2770.1509,22,1,0,Solve_Succeeded,6354.7578125
6,64,1,0.958649080527416,2992.1304,2992.1304,26,1,0,Solve_Succeeded,6354.7578125
6,65,1,0.957345249652198,2982.9482,2982.9482,26,1,0,Solve_Succeeded,6354.7578125
6,66,1,0.97854741662547,2874.5377,2874.5377,30,1,0,Solve_Succeeded,6354.72265625
6,67,1,0.959029161700609,2841.0859,2841.0859,32,1,0,Solve_Succeeded,6354.72265625
6,68,1,0.906885300248277,2902.0345,2902.0345,28,1,0,Solve_Succeeded,6354.72265625
6,69,1,0.912719269625897,2922.9939,2922.9939,47,1,0,Solve_Succeeded,6354.72265625
6,70,1,0.886742450195749,2879.6478,2879.6478,50,1,0,Solve_Succeeded,6354.72265625
6,71,1,0.868981261412344,3015.7946,3015.7946,54,1,0,Solve_Succeeded,6354.72265625
6,72,1,0.915855654329675,2949.4598,2949.4598,68,1,0,Solve_Succeeded,6354.72265625
6,73,1,0.897448007732188,2976.4654,2976.4654,63,1,0,Solve_Succeeded,6354.72265625
6,74,1,0.943150914873211,2910.966,2910.966,52,1,0,Solve_Succeeded,6354.72265625
6,75,1,0.925258034705837,3982.7921,3982.7921,65,1,0,Solve_Succeeded,6354.72265625
6,76,1,0.846209138710384,3054.05,3054.05,65,1,0,Solve_Succeeded,6354.72265625
6,77,1,0.828511012877554,2956.3461,2956.3461,49,1,0,Solve_Succeeded,6354.72265625
6,78,1,0.838125682772063,2918.8061,2918.8061,48,1,0,Solve_Succeeded,6354.72265625
6,79,1,0.805943156284286,2879.1909,2879.1909,26,1,0,Solve_Succeeded,6354.72265625
6,80,1,0.917547386457466,3042.2862,3042.2862,18,1,0,Solve_Succeeded,6354.72265625
6,81,1,0.845493529529038,2864.0345,2864.0345,20,1,0,Solve_Succeeded,6335.4765625
6,82,1,0.887044336292039,2900.4698,2900.4698,27,1,0,Solve_Succeeded,6354.71875
6,83,1,0.91562897474411,2811.7174,2811.7174,23,1,0,Solve_Succeeded,6354.72265625
6,84,1,0.930257642045006,2837.344,2837.344,22,1,0,Solve_Succeeded,6354.72265625
6,85,1,0.930481636835859,2849.1542,2849.1542,15,1,0,Solve_Succeeded,6354.72265625
6,86,1,0.916504667415225,2835.1953,2835.1953,21,1,0,Solve_Succeeded,6354.72265625
6,87,1,0.889153527783623,2869.6846,2869.6846,17,1,0,Solve_Succeeded,6354.72265625
6,88,1,0.849384330899363,2913.9804,2913.9804,16,1,0,Solve_Succeeded,6354.72265625
6,89,1,0.798978292314989,2892.3995,2892.3995,15,1,0,Solve_Succeeded,6354.58984375
6,90,1,0.739554914666455,2858.236,2858.236,21,1,0,Solve_Succeeded,6354.58984375
6,91,1,0.672630788444872,2916.0293,2916.0293,18,1,0,Solve_Succeeded,6354.62109375
6,92,1,0.596726567975721,2874.7222,2874.7222,20,1,0,Solve_Succeeded,6354.62109375
6,93,1,0.41884326716744,2894.8043,2894.8043,16,1,0,Solve_Succeeded,6354.62109375
6,94,1,0.417134331344116,2867.354,2867.354,17,1,0,Solve_Succeeded,6354.62109375
6,95,1,0.424026132029555,2908.5988,2908.5988,22,1,0,Solve_Succeeded,6354.62109375
6,96,1,0.422992825800469,2889.3857,2889.3857,15,1,0,Solve_Succeeded,6354.62109375
6,97,1,0.423780048902218,2898.8959,2898.8959,18,1,0,Solve_Succeeded,6354.62109375
6,98,1,0.385253435049985,2848.1346,2848.1346,19,1,0,Solve_Succeeded,6354.62109375
6,99,1,0.384252338613162,2814.5747,2814.5747,17,1,0,Solve_Succeeded,6354.62109375
6,100,1,0.388092095819594,2910.3859,2910.3859,13,1,0,Solve_Succeeded,6354.62109375
6,101,1,0.388345722124296,2779.6343,2779.6343,12,1,0,Solve_Succeeded,6354.62109375
6,102,1,0.385694873464412,2783.3043,2783.3043,14,1,0,Solve_Succeeded,6354.62109375
6,103,1,0.381014898047343,2772.5298,2772.5298,11,1,0,Solve_Succeeded,6354.62109375
6,104,1,0.383948797219018,2749.2056,2749.2056,11,1,0,Solve_Succeeded,6354.62109375
6,105,1,0.383337655390418,2803.7764,2803.7764,14,1,0,Solve_Succeeded,6354.62109375
6,106,1,0.384667038586022,2802.6134,2802.6134,15,1,0,Solve_Succeeded,6354.62109375
6,107,1,0.383866236320413,2730.1172,2730.1172,17,1,0,Solve_Succeeded,6354.62109375
6,108,1,0.384015004344212,2823.7581,2823.7581,17,1,0,Solve_Succeeded,6354.62109375
6,109,1,0.385720920183986,2798.0376,2798.0376,16,1,0,Solve_Succeeded,6354.62109375
6,110,1,0.385329095644649,2758.0821,2758.0821,14,1,0,Solve_Succeeded,6354.62109375
6,111,1,0.384440489518953,2837.7777,2837.7777,14,1,0,Solve_Succeeded,6354.62109375
6,112,1,0.385267750110777,2977.3183,2977.3183,13,1,0,Solve_Succeeded,6354.62109375
6,113,1,0.38071736201985,2806.2378,2806.2378,11,1,0,Solve_Succeeded,6354.62109375
6,114,1,0.38189940332759,2860.4051,2860.4051,10,1,0,Solve_Succeeded,6354.62109375
6,115,1,0.384873598043767,2924.8208,2924.8208,12,1,0,Solve_Succeeded,6336.359375
6,116,1,0.380360441730067,2876.6452,2876.6452,12,1,0,Solve_Succeeded,6354.6171875
6,117,1,0.383168387790859,2873.1396,2873.1396,11,1,0,Solve_Succeeded,6335.48046875
6,118,1,0.380330615509,3016.9058,3016.9058,9,1,0,Solve_Succeeded,6354.6171875
6,119,1,0.379871032216061,2912.8011,2912.8011,8,1,0,Solve_Succeeded,6354.6171875
6,120,1,0.379096837956796,2810.7869,2810.7869,10,1,0,Solve_Succeeded,6354.6171875
6,121,1,0.381622790124645,2967.6663,2967.6663,10,1,0,Solve_Succeeded,6354.6171875
6,122,1,0.383497706298834,3000.3933,3000.3933,10,1,0,Solve_Succeeded,6354.6171875
6,123,1,0.382340678797901,2899.6195,2899.6195,8,1,0,Solve_Succeeded,6354.6171875
6,124,1,0.383072314616267,2767.9946,2767.9946,8,1,0,Solve_Succeeded,6354.6171875
6,125,1,0.385294611310939,2856.193,2856.193,8,1,0,Solve_Succeeded,6354.6171875
6,126,1,0.382571580761118,2866.0754,2866.0754,10,1,0,Solve_Succeeded,6354.6171875
6,127,1,0.382455975087533,2833.4538,2833.4538,9,1,0,Solve_Succeeded,6354.6171875
6,128,1,0.379688639896172,2914.2417,2914.2417,9,1,0,Solve_Succeeded,6354.6171875
6,129,1,0.338684485297107,3010.5715,3010.5715,9,1,0,Solve_Succeeded,6354.6171875
6,130,1,0.300245942898365,2919.9175,2919.9175,8,1,0,Solve_Succeeded,6354.62109375
6,131,1,0.261519108166326,2924.2962,2924.2962,8,1,0,Solve_Succeeded,6354.62109375
6,132,1,0.231107329223369,2838.137,2838.137,7,1,0,Solve_Succeeded,6354.62109375
6,133,0,0.199897959129572,0.0085,NaN,NaN,1,0,not_triggered,6354.62109375
6,134,0,0.173238186474864,0.008,NaN,NaN,1,0,not_triggered,6354.62109375
6,135,0,0.151207342846872,0.0088,NaN,NaN,1,0,not_triggered,6354.62109375
7,1,0,0.31078188692834,0.0096,NaN,NaN,1,0,not_triggered,6354.62109375
7,2,0,0.313612786081775,0.0087,NaN,NaN,1,0,not_triggered,6354.62109375
7,3,0,0.311907373260991,0.0112,NaN,NaN,1,0,not_triggered,6354.62109375
7,4,0,0.316009714096244,0.0079,NaN,NaN,1,0,not_triggered,6354.62109375
7,5,0,0.315429032358625,0.0083,NaN,NaN,1,0,not_triggered,6354.62109375
7,6,0,0.31583560042794,0.008,NaN,NaN,1,0,not_triggered,6354.62109375
7,7,0,0.31477048641469,0.0095,NaN,NaN,1,0,not_triggered,6354.62109375
7,8,0,0.322645602058273,0.0085,NaN,NaN,1,0,not_triggered,6354.62109375
7,9,0,0.323183675997781,0.009,NaN,NaN,1,0,not_triggered,6354.62109375
7,10,0,0.322587717910265,0.0081,NaN,NaN,1,0,not_triggered,6354.62109375
7,11,0,0.341116683869287,0.0123,NaN,NaN,1,0,not_triggered,6354.62109375
7,12,0,0.339719407771012,0.0083,NaN,NaN,1,0,not_triggered,6354.62109375
7,13,0,0.337865478085555,0.0083,NaN,NaN,1,0,not_triggered,6354.62109375
7,14,0,0.406526530602006,0.0083,NaN,NaN,1,0,not_triggered,6354.62109375
7,15,0,0.364362040762243,0.0076,NaN,NaN,1,0,not_triggered,6354.62109375
7,16,0,0.395940774458233,0.0074,NaN,NaN,1,0,not_triggered,6354.62109375
7,17,0,0.390964481720153,0.0075,NaN,NaN,1,0,not_triggered,6354.62109375
7,18,0,0.399819037708132,0.0081,NaN,NaN,1,0,not_triggered,6354.62109375
7,19,0,0.404993933820746,0.0078,NaN,NaN,1,0,not_triggered,6354.62109375
7,20,0,0.407679669583718,0.0079,NaN,NaN,1,0,not_triggered,6354.62109375
7,21,0,0.444125416153305,0.0073,NaN,NaN,1,0,not_triggered,6354.62109375
7,22,0,0.442436512845173,0.0077,NaN,NaN,1,0,not_triggered,6354.62109375
7,23,0,0.472964377829375,0.0078,NaN,NaN,1,0,not_triggered,6354.62109375
7,24,0,0.480963974473019,0.0074,NaN,NaN,1,0,not_triggered,6354.62109375
7,25,0,0.529500352757807,0.011,NaN,NaN,1,0,not_triggered,6354.62109375
7,26,0,0.522822249732972,0.0074,NaN,NaN,1,0,not_triggered,6354.62109375
7,27,0,0.546697287713484,0.0106,NaN,NaN,1,0,not_triggered,6354.62109375
7,28,0,0.583295188369029,0.0078,NaN,NaN,1,0,not_triggered,6354.62109375
7,29,1,0.669206977914561,2858.5614,2858.5614,18,1,0,Solve_Succeeded,6354.62109375
7,30,1,0.584326780339874,2902.0687,2902.0687,14,1,0,Solve_Succeeded,6354.62109375
7,31,1,0.734989740254773,2814.396,2814.396,16,1,0,Solve_Succeeded,6354.5859375
7,32,1,0.681408798105043,2951.981,2951.981,16,1,0,Solve_Succeeded,6354.5859375
7,33,1,0.714498510017622,2916.5012,2916.5012,16,1,0,Solve_Succeeded,6354.62109375
7,34,1,0.688357290543,2785.8959,2785.8959,20,1,0,Solve_Succeeded,6354.62109375
7,35,1,0.830390431639026,2856.9511,2856.9511,18,1,0,Solve_Succeeded,6354.62109375
7,36,1,0.833793135860985,2852.8554,2852.8554,24,1,0,Solve_Succeeded,6354.62109375
7,37,1,0.843117450097954,2837.5017,2837.5017,19,1,0,Solve_Succeeded,6354.62109375
7,38,1,0.739909928803811,2868.6827,2868.6827,22,1,0,Solve_Succeeded,6354.62109375
7,39,1,0.76713420214314,3244.3628,3244.3628,19,1,0,Solve_Succeeded,6354.62109375
7,40,1,0.85635695985258,2919.8734,2919.8734,19,1,0,Solve_Succeeded,6354.62109375
7,41,1,0.73770527619242,2878.1683,2878.1683,19,1,0,Solve_Succeeded,6354.62109375
7,42,1,0.715416829210099,2822.3013,2822.3013,20,1,0,Solve_Succeeded,6354.62109375
7,43,1,0.852050578969624,2865.3351,2865.3351,24,1,0,Solve_Succeeded,6354.62109375
7,44,1,0.899043497131529,2811.1937,2811.1937,23,1,0,Solve_Succeeded,6354.62109375
7,45,1,0.765953439900572,2864.6224,2864.6224,20,1,0,Solve_Succeeded,6354.62109375
7,46,1,0.745646368950774,2797.0365,2797.0365,19,1,0,Solve_Succeeded,6354.62109375
7,47,1,0.951195554265341,2843.8626,2843.8626,18,1,0,Solve_Succeeded,6354.62109375
7,48,1,0.900423630517649,2847.976,2847.976,20,1,0,Solve_Succeeded,6354.62109375
7,49,1,0.956591271609173,2838.6291,2838.6291,20,1,0,Solve_Succeeded,6354.62109375
7,50,1,0.955209335829893,2758.9715,2758.9715,19,1,0,Solve_Succeeded,6354.62109375
7,51,1,0.968372195758461,2878.1668,2878.1668,25,1,0,Solve_Succeeded,6354.62109375
7,52,1,1.02623846828971,2873.3852,2873.3852,23,1,0,Solve_Succeeded,6354.62109375
7,53,1,0.993135365760601,2833.6256,2833.6256,22,1,0,Solve_Succeeded,6354.62109375
7,54,1,1.00504248147932,2840.5178,2840.5178,25,1,0,Solve_Succeeded,6354.62109375
7,55,1,1.02239139350121,2864.28,2864.28,26,1,0,Solve_Succeeded,6354.62109375
7,56,1,1.01090936962977,2872.9222,2872.9222,24,1,0,Solve_Succeeded,6354.62109375
7,57,1,0.98490284665637,2814.1641,2814.1641,21,1,0,Solve_Succeeded,6354.62109375
7,58,1,1.00009862625465,2851.241,2851.241,20,1,0,Solve_Succeeded,6354.62109375
7,59,1,0.982172517027284,2816.0517,2816.0517,19,1,0,Solve_Succeeded,6354.62109375
7,60,1,0.979831133599634,2816.957,2816.957,24,1,0,Solve_Succeeded,6354.62109375
7,61,1,0.95955516846285,2929.8533,2929.8533,20,1,0,Solve_Succeeded,6354.62109375
7,62,1,0.993456076968819,2944.7178,2944.7178,22,1,0,Solve_Succeeded,6354.62109375
7,63,1,0.986129150969815,2802.3472,2802.3472,20,1,0,Solve_Succeeded,6354.62109375
7,64,1,0.973500030883682,2926.3401,2926.3401,25,1,0,Solve_Succeeded,6354.62109375
7,65,1,0.989529647904418,2912.2695,2912.2695,24,1,0,Solve_Succeeded,6354.62109375
7,66,1,0.980658949051687,2893.9465,2893.9465,27,1,0,Solve_Succeeded,6354.62109375
7,67,1,0.912310498594034,2914.8915,2914.8915,35,1,0,Solve_Succeeded,6354.62109375
7,68,1,0.916016557671716,3060.3379,3060.3379,72,1,0,Solve_Succeeded,6354.62109375
7,69,1,0.917988214220554,2975.6708,2975.6708,58,1,0,Solve_Succeeded,6354.62109375
7,70,1,0.927194381621126,2912.4885,2912.4885,61,1,0,Solve_Succeeded,6354.62109375
7,71,1,0.929163646417556,2933.5165,2933.5165,57,1,0,Solve_Succeeded,6354.62109375
7,72,1,0.922743271854728,2941.3282,2941.3282,50,1,0,Solve_Succeeded,6354.62109375
7,73,1,0.914815433817989,2909.0471,2909.0471,53,1,0,Solve_Succeeded,6354.62109375
7,74,1,0.916516824963862,2893.3927,2893.3927,46,1,0,Solve_Succeeded,6354.62109375
7,75,1,0.919157978918423,2971.9207,2971.9207,61,1,0,Solve_Succeeded,6354.62109375
7,76,1,0.931965081754407,2865.8628,2865.8628,34,1,0,Solve_Succeeded,6354.62109375
7,77,1,0.823683396636675,2867.9625,2867.9625,43,1,0,Solve_Succeeded,6354.58984375
7,78,1,0.761964769899392,2841.9641,2841.9641,17,1,0,Solve_Succeeded,6354.58984375
7,79,1,0.821875343308347,2866.2774,2866.2774,20,1,0,Solve_Succeeded,6354.58984375
7,80,1,0.870345243511903,2819.5276,2819.5276,29,1,0,Solve_Succeeded,6354.58984375
7,81,1,0.905859263064113,2868.8545,2868.8545,20,1,0,Solve_Succeeded,6354.58984375
7,82,1,0.928009387423826,2852.6608,2852.6608,28,1,0,Solve_Succeeded,6354.58984375
7,83,1,0.933541359316257,2841.622,2841.622,26,1,0,Solve_Succeeded,6354.58984375
7,84,1,0.924912696701914,2848.6679,2848.6679,24,1,0,Solve_Succeeded,6354.62109375
7,85,1,0.901941487226806,2837.8641,2837.8641,21,1,0,Solve_Succeeded,6354.62109375
7,86,1,0.865868475944591,2846.9977,2846.9977,23,1,0,Solve_Succeeded,6354.62109375
7,87,1,0.81828821185563,2878.5866,2878.5866,61,1,0,Solve_Succeeded,6336.515625
7,88,1,0.760909095351479,2894.9595,2894.9595,24,1,0,Solve_Succeeded,6354.49609375
7,89,1,0.6953705197906,2948.895,2948.895,26,1,0,Solve_Succeeded,6354.62109375
7,90,1,0.623137251787569,2819.8713,2819.8713,27,1,0,Solve_Succeeded,6354.61328125
7,91,1,0.545458464252253,2908.2052,2908.2052,22,1,0,Solve_Succeeded,6354.6796875
7,92,1,0.462191679627537,2831.7691,2831.7691,17,1,0,Solve_Succeeded,6354.6796875
7,93,1,0.43511825273537,2774.2256,2774.2256,16,1,0,Solve_Succeeded,6354.6796875
7,94,1,0.432400801685035,2908.2622,2908.2622,17,1,0,Solve_Succeeded,6354.71484375
7,95,1,0.437901937001411,2841.4796,2841.4796,15,1,0,Solve_Succeeded,6354.71484375
7,96,1,0.446614175316214,2786.2874,2786.2874,17,1,0,Solve_Succeeded,6354.71484375
7,97,1,0.451984820816581,2788.3918,2788.3918,14,1,0,Solve_Succeeded,6354.71484375
7,98,1,0.465602950719631,2821.0216,2821.0216,12,1,0,Solve_Succeeded,6354.71484375
7,99,1,0.444439130889406,2883.9034,2883.9034,13,1,0,Solve_Succeeded,6354.71484375
7,100,1,0.462031128422771,2758.9745,2758.9745,12,1,0,Solve_Succeeded,6354.71484375
7,101,1,0.483495993060148,2887.7493,2887.7493,12,1,0,Solve_Succeeded,6354.71484375
7,102,1,0.54923322140477,2864.9178,2864.9178,11,1,0,Solve_Succeeded,6354.71484375
7,103,1,0.601983342039417,2789.5432,2789.5432,11,1,0,Solve_Succeeded,6354.71484375
7,104,1,0.635166200765057,2785.2272,2785.2272,11,1,0,Solve_Succeeded,6354.71484375
7,105,1,0.650120417212368,2799.3281,2799.3281,10,1,0,Solve_Succeeded,6354.71484375
7,106,1,0.642395985550167,3236.6747,3236.6747,15,1,0,Solve_Succeeded,6354.71484375
7,107,1,0.611563182196874,2851.0283,2851.0283,15,1,0,Solve_Succeeded,6354.71484375
7,108,1,0.562842510075252,2890.4569,2890.4569,14,1,0,Solve_Succeeded,6354.7109375
7,109,1,0.496037146868664,2876.8601,2876.8601,15,1,0,Solve_Succeeded,6354.71484375
7,110,1,0.415671755498452,2773.6053,2773.6053,14,1,0,Solve_Succeeded,6354.71484375
7,111,1,0.39469008306481,2841.8889,2841.8889,13,1,0,Solve_Succeeded,6354.71484375
7,112,1,0.393735984867511,2838.9131,2838.9131,12,1,0,Solve_Succeeded,6354.71484375
7,113,1,0.39461448007142,2769.3136,2769.3136,12,1,0,Solve_Succeeded,6354.71484375
7,114,1,0.399069863594495,2809.2062,2809.2062,10,1,0,Solve_Succeeded,6354.71484375
7,115,1,0.396502143465804,2824.1745,2824.1745,11,1,0,Solve_Succeeded,6354.71484375
7,116,1,0.395122145038162,2758.5137,2758.5137,10,1,0,Solve_Succeeded,6354.71484375
7,117,1,0.395076251272196,2802.6496,2802.6496,10,1,0,Solve_Succeeded,6354.71484375
7,118,1,0.395403377211109,2751.9656,2751.9656,10,1,0,Solve_Succeeded,6362.66796875
7,119,1,0.403114044456419,2531.3857,2531.3857,10,1,0,Solve_Succeeded,6362.66796875
7,120,1,0.392416309485194,2535.4654,2535.4654,9,1,0,Solve_Succeeded,6362.62890625
7,121,1,0.398393398075804,2533.4576,2533.4576,9,1,0,Solve_Succeeded,6362.62890625
7,122,1,0.400694488256096,2533.8658,2533.8658,8,1,0,Solve_Succeeded,6362.62890625
7,123,1,0.40482449624198,2531.2541,2531.2541,9,1,0,Solve_Succeeded,6362.59375
7,124,1,0.397404888746636,2543.2032,2543.2032,9,1,0,Solve_Succeeded,6362.59375
7,125,1,0.405786126138364,2531.0074,2531.0074,7,1,0,Solve_Succeeded,6362.59375
7,126,1,0.399439887491573,2529.1473,2529.1473,6,1,0,Solve_Succeeded,6362.59375
7,127,1,0.392504141350222,2534.0791,2534.0791,8,1,0,Solve_Succeeded,6362.59375
7,128,1,0.356108965043571,2539.6711,2539.6711,8,1,0,Solve_Succeeded,6362.625
7,129,1,0.310683134208962,2535.1306,2535.1306,8,1,0,Solve_Succeeded,6362.625
7,130,1,0.276067880161043,2527.9773,2527.9773,7,1,0,Solve_Succeeded,6362.625
7,131,1,0.249749001050429,2544.1309,2544.1309,7,1,0,Solve_Succeeded,6362.625
7,132,1,0.21115289771874,2542.5274,2542.5274,8,1,0,Solve_Succeeded,6362.625
7,133,0,0.192659758227166,0.0091,NaN,NaN,1,0,not_triggered,6362.625
7,134,0,0.166544506565012,0.0084,NaN,NaN,1,0,not_triggered,6362.625
8,1,0,0.317849486103421,0.0093,NaN,NaN,1,0,not_triggered,6363.625
8,2,0,0.312008638883247,0.0088,NaN,NaN,1,0,not_triggered,6363.625
8,3,0,0.30945966354973,0.0078,NaN,NaN,1,0,not_triggered,6363.625
8,4,0,0.311622056006758,0.0078,NaN,NaN,1,0,not_triggered,6363.625
8,5,0,0.308618180003194,0.0082,NaN,NaN,1,0,not_triggered,6363.625
8,6,0,0.310863233346514,0.0077,NaN,NaN,1,0,not_triggered,6363.625
8,7,0,0.314947884537759,0.0072,NaN,NaN,1,0,not_triggered,6363.625
8,8,0,0.312419527049094,0.0075,NaN,NaN,1,0,not_triggered,6363.625
8,9,0,0.323158145551553,0.0073,NaN,NaN,1,0,not_triggered,6363.625
8,10,0,0.333533234942859,0.007,NaN,NaN,1,0,not_triggered,6363.625
8,11,0,0.327740399567109,0.0075,NaN,NaN,1,0,not_triggered,6363.625
8,12,0,0.361869074417551,0.008,NaN,NaN,1,0,not_triggered,6363.625
8,13,0,0.348160232615694,0.0076,NaN,NaN,1,0,not_triggered,6363.625
8,14,0,0.380133137455345,0.0071,NaN,NaN,1,0,not_triggered,6363.625
8,15,0,0.398793922458963,0.007,NaN,NaN,1,0,not_triggered,6363.625
8,16,0,0.389023324846559,0.0066,NaN,NaN,1,0,not_triggered,6363.625
8,17,0,0.400131252785515,0.0074,NaN,NaN,1,0,not_triggered,6363.625
8,18,0,0.426824720828875,0.0068,NaN,NaN,1,0,not_triggered,6363.625
8,19,0,0.483715255639205,0.0065,NaN,NaN,1,0,not_triggered,6363.625
8,20,0,0.478110088695128,0.0084,NaN,NaN,1,0,not_triggered,6363.625
8,21,0,0.517627111311814,0.0075,NaN,NaN,1,0,not_triggered,6363.625
8,22,0,0.496593590368771,0.008,NaN,NaN,1,0,not_triggered,6363.625
8,23,0,0.542587723997746,0.0074,NaN,NaN,1,0,not_triggered,6363.625
8,24,0,0.471524408332001,0.0077,NaN,NaN,1,0,not_triggered,6363.625
8,25,0,0.496581597594043,0.0075,NaN,NaN,1,0,not_triggered,6363.625
8,26,0,0.500214949921699,0.0109,NaN,NaN,1,0,not_triggered,6363.625
8,27,0,0.565783003208443,0.0083,NaN,NaN,1,0,not_triggered,6363.625
8,28,0,0.572398799267504,0.0082,NaN,NaN,1,0,not_triggered,6363.625
8,29,1,0.700330961164303,2553.8867,2553.8867,14,1,0,Solve_Succeeded,6363.625
8,30,1,0.662514550547538,2571.367,2571.367,17,1,0,Solve_Succeeded,6363.625
8,31,1,0.710670083364294,2556.6612,2556.6612,15,1,0,Solve_Succeeded,6363.625
8,32,1,0.780418608983685,2571.2915,2571.2915,16,1,0,Solve_Succeeded,6363.625
8,33,1,0.838663200247879,2573.7214,2573.7214,17,1,0,Solve_Succeeded,6363.625
8,34,1,0.830654352680379,2578.8621,2578.8621,19,1,0,Solve_Succeeded,6355.7109375
8,35,1,0.841290309280493,2582.3032,2582.3032,18,1,0,Solve_Succeeded,6355.7109375
8,36,1,0.850572301969554,2597.2817,2597.2817,25,1,0,Solve_Succeeded,6355.7109375
8,37,1,0.857917539965031,2588.7012,2588.7012,23,1,0,Solve_Succeeded,6355.7109375
8,38,1,0.848809297660979,2583.3965,2583.3965,21,1,0,Solve_Succeeded,6355.7109375
8,39,1,0.869393026282365,2564.8018,2564.8018,17,1,0,Solve_Succeeded,6355.7109375
8,40,1,0.881037976662288,2575.3522,2575.3522,18,1,0,Solve_Succeeded,6355.7109375
8,41,1,0.873571059492809,2623.3274,2623.3274,17,1,0,Solve_Succeeded,6355.7109375
8,42,1,0.873092886610998,2582.6456,2582.6456,21,1,0,Solve_Succeeded,6355.7109375
8,43,1,0.906496374047852,2570.4761,2570.4761,16,1,0,Solve_Succeeded,6355.7109375
8,44,1,0.911697705019592,2580.8985,2580.8985,19,1,0,Solve_Succeeded,6355.7109375
8,45,1,0.920866576198231,2573.683,2573.683,20,1,0,Solve_Succeeded,6355.6796875
8,46,1,0.93798129276531,2575.0503,2575.0503,22,1,0,Solve_Succeeded,6355.6796875
8,47,1,0.940028913236346,2566.2395,2566.2395,20,1,0,Solve_Succeeded,6355.6796875
8,48,1,0.946935478535166,2575.0592,2575.0592,19,1,0,Solve_Succeeded,6355.6796875
8,49,1,0.944728800363264,2585.8932,2585.8932,21,1,0,Solve_Succeeded,6355.6796875
8,50,1,0.919159769594439,2583.9874,2583.9874,22,1,0,Solve_Succeeded,6355.6796875
8,51,1,0.924230582317479,2572.0586,2572.0586,19,1,0,Solve_Succeeded,6355.6796875
8,52,1,0.911328519546779,2600.3777,2600.3777,29,1,0,Solve_Succeeded,6355.6796875
8,53,1,0.913081497038082,2560.1945,2560.1945,17,1,0,Solve_Succeeded,6355.6796875
8,54,1,0.913209401594391,2588.403,2588.403,25,1,0,Solve_Succeeded,6355.6796875
8,55,1,0.917845242162242,2601.6255,2601.6255,30,1,0,Solve_Succeeded,6355.6796875
8,56,1,0.926154631014615,2630.1063,2630.1063,37,1,0,Solve_Succeeded,6355.6796875
8,57,1,0.922222284369271,2596.933,2596.933,24,1,0,Solve_Succeeded,6355.6796875
8,58,1,0.914777861753998,2578.1857,2578.1857,22,1,0,Solve_Succeeded,6355.6796875
8,59,1,0.921286672427616,2580.0176,2580.0176,21,1,0,Solve_Succeeded,6355.6796875
8,60,1,0.924426244616608,2593.879,2593.879,26,1,0,Solve_Succeeded,6355.6796875
8,61,1,0.92706455957233,2587.5999,2587.5999,25,1,0,Solve_Succeeded,6355.6796875
8,62,1,0.920314149764125,2609.2944,2609.2944,28,1,0,Solve_Succeeded,6355.6796875
8,63,1,0.926818972264337,2597.0089,2597.0089,23,1,0,Solve_Succeeded,6355.6796875
8,64,1,0.924757890850791,2608.2453,2608.2453,29,1,0,Solve_Succeeded,6355.6796875
8,65,1,0.924654336175732,2592.3868,2592.3868,24,1,0,Solve_Succeeded,6355.6796875
8,66,1,0.88963970008649,2575.2863,2575.2863,21,1,0,Solve_Succeeded,6355.6796875
8,67,1,0.895276821411114,2585.1305,2585.1305,22,1,0,Solve_Succeeded,6355.6796875
8,68,1,0.886809984221857,2582.1107,2582.1107,21,1,0,Solve_Succeeded,6355.6796875
8,69,1,0.921442913822318,2605.5733,2605.5733,25,1,0,Solve_Succeeded,6336.74609375
8,70,1,0.814126791144767,2604.2358,2604.2358,26,1,0,Solve_Succeeded,6355.51953125
8,71,1,0.830530296233874,2624.3741,2624.3741,36,1,0,Solve_Succeeded,6355.51953125
8,72,1,0.825585129929236,2630.0782,2630.0782,40,1,0,Solve_Succeeded,6355.58203125
8,73,1,0.870744777304637,2696.2455,2696.2455,60,1,0,Solve_Succeeded,6355.58203125
8,74,1,0.847427206159618,2717.6965,2717.6965,65,1,0,Solve_Succeeded,6355.58203125
8,75,1,0.838322187246337,2648.8307,2648.8307,46,1,0,Solve_Succeeded,6355.6171875
8,76,1,0.86680712938575,2666.3555,2666.3555,50,1,0,Solve_Succeeded,6355.6171875
8,77,1,0.696970048186862,2696.4825,2696.4825,62,1,0,Solve_Succeeded,6355.6171875
8,78,1,0.801044614057672,2685.8558,2685.8558,55,1,0,Solve_Succeeded,6355.6171875
8,79,1,0.725961502368077,2678.9284,2678.9284,46,1,0,Solve_Succeeded,6355.6171875
8,80,1,0.698010928237817,2630.7988,2630.7988,40,1,0,Solve_Succeeded,6355.6171875
8,81,1,0.774499517640024,2571.7482,2571.7482,19,1,0,Solve_Succeeded,6355.6171875
8,82,1,0.724814659307353,2573.2233,2573.2233,18,1,0,Solve_Succeeded,6355.6171875
8,83,1,0.793073169709826,2564.5275,2564.5275,17,1,0,Solve_Succeeded,6355.6171875
8,84,1,0.853883880022345,2578.0157,2578.0157,19,1,0,Solve_Succeeded,6355.6171875
8,85,1,0.902025862417159,2559.1664,2559.1664,14,1,0,Solve_Succeeded,6355.6171875
8,86,1,0.935792010673984,2562.382,2562.382,17,1,0,Solve_Succeeded,6355.6171875
8,87,1,0.953859393052841,2594.6801,2594.6801,23,1,0,Solve_Succeeded,6355.6171875
8,88,1,0.955584444100358,2580.4307,2580.4307,20,1,0,Solve_Succeeded,6355.6171875
8,89,1,0.941183028311597,2582.4892,2582.4892,17,1,0,Solve_Succeeded,6355.6171875
8,90,1,0.911700095193105,2578.2264,2578.2264,21,1,0,Solve_Succeeded,6355.6171875
8,91,1,0.868782203573907,2575.8879,2575.8879,20,1,0,Solve_Succeeded,6355.6171875
8,92,1,0.814363170841522,2606.3947,2606.3947,18,1,0,Solve_Succeeded,6355.6171875
8,93,1,0.748741069938608,2575.2068,2575.2068,20,1,0,Solve_Succeeded,6355.6171875
8,94,1,0.672680156216964,2582.6906,2582.6906,20,1,0,Solve_Succeeded,6355.6171875
8,95,1,0.586964712824853,2566.5043,2566.5043,16,1,0,Solve_Succeeded,6355.6171875
8,96,1,0.492970268217056,2555.4608,2555.4608,15,1,0,Solve_Succeeded,6355.6171875
8,97,1,0.41381197098066,2567.8411,2567.8411,15,1,0,Solve_Succeeded,6355.6171875
8,98,1,0.42026565002934,2558.75,2558.75,13,1,0,Solve_Succeeded,6355.6171875
8,99,1,0.420829122738415,2555.4796,2555.4796,15,1,0,Solve_Succeeded,6355.6171875
8,100,1,0.387714151588146,2561.4019,2561.4019,15,1,0,Solve_Succeeded,6355.6171875
8,101,1,0.388917633667323,2562.149,2562.149,15,1,0,Solve_Succeeded,6356.59375
8,102,1,0.392416021103891,2546.995,2546.995,12,1,0,Solve_Succeeded,6356.59375
8,103,1,0.387499227415564,2554.0556,2554.0556,11,1,0,Solve_Succeeded,6356.59375
8,104,1,0.465435055985181,2544.1469,2544.1469,11,1,0,Solve_Succeeded,6356.59375
8,105,1,0.551695265935695,2556.1214,2556.1214,12,1,0,Solve_Succeeded,6356.59375
8,106,1,0.620461945150554,2665.3334,2665.3334,10,1,0,Solve_Succeeded,6356.59375
8,107,1,0.660661431408831,2592.7382,2592.7382,11,1,0,Solve_Succeeded,6356.59375
8,108,1,0.671306354447349,2550.9841,2550.9841,10,1,0,Solve_Succeeded,6356.59375
8,109,1,0.652590576355228,2565.5166,2565.5166,13,1,0,Solve_Succeeded,6356.59375
8,110,1,0.607362670685876,2580.3783,2580.3783,13,1,0,Solve_Succeeded,6356.59375
8,111,1,0.541544795283272,2555.1457,2555.1457,13,1,0,Solve_Succeeded,6356.59375
8,112,1,0.461096595024005,2558.3036,2558.3036,13,1,0,Solve_Succeeded,6356.59375
8,113,1,0.385232992512794,2555.1655,2555.1655,13,1,0,Solve_Succeeded,6356.59375
8,114,1,0.385135188922764,2558.271,2558.271,13,1,0,Solve_Succeeded,6356.59375
8,115,1,0.434438317692509,2544.5322,2544.5322,11,1,0,Solve_Succeeded,6356.59375
8,116,1,0.471802091728334,2554.377,2554.377,11,1,0,Solve_Succeeded,6356.59375
8,117,1,0.494462967789332,2550.9007,2550.9007,9,1,0,Solve_Succeeded,6356.59375
8,118,1,0.501678523940758,2539.287,2539.287,9,1,0,Solve_Succeeded,6356.59375
8,119,1,0.493282764333811,2557.6608,2557.6608,10,1,0,Solve_Succeeded,6356.59375
8,120,1,0.469716154136853,2541.7663,2541.7663,10,1,0,Solve_Succeeded,6356.59375
8,121,1,0.431947582729793,2547.6833,2547.6833,10,1,0,Solve_Succeeded,6356.5625
8,122,1,0.383496585403264,2548.0315,2548.0315,9,1,0,Solve_Succeeded,6356.5625
8,123,1,0.389730984931819,2538.2569,2538.2569,8,1,0,Solve_Succeeded,6356.5625
8,124,1,0.382423942512355,2535.8046,2535.8046,7,1,0,Solve_Succeeded,6356.59375
8,125,1,0.385843597632294,2543.0303,2543.0303,8,1,0,Solve_Succeeded,6356.65625
8,126,1,0.385372732701949,2542.7327,2542.7327,9,1,0,Solve_Succeeded,6356.65625
8,127,1,0.38300669914852,2584.2782,2584.2782,9,1,0,Solve_Succeeded,6356.6875
8,128,1,0.384807409484456,2542.9784,2542.9784,7,1,0,Solve_Succeeded,6356.6875
8,129,1,0.364867950240756,2541.9192,2541.9192,8,1,0,Solve_Succeeded,6356.6875
8,130,1,0.322495773747787,2534.5654,2534.5654,8,1,0,Solve_Succeeded,6356.6875
8,131,1,0.286273692783316,2544.8448,2544.8448,8,1,0,Solve_Succeeded,6356.6875
8,132,1,0.247198908287768,2542.9697,2542.9697,8,1,0,Solve_Succeeded,6356.6875
8,133,1,0.217907467008487,2547.6124,2547.6124,7,1,0,Solve_Succeeded,6356.6875
8,134,0,0.186679263354071,0.0085,NaN,NaN,1,0,not_triggered,6356.6875
8,135,0,0.161886058557407,0.0084,NaN,NaN,1,0,not_triggered,6356.6875
8,136,0,0.143654957396466,0.0084,NaN,NaN,1,0,not_triggered,6356.6875
9,1,0,0.299455801071388,0.0095,NaN,NaN,1,0,not_triggered,6364.6015625
9,2,0,0.306657968344772,0.0083,NaN,NaN,1,0,not_triggered,6364.6015625
9,3,0,0.307672902581625,0.0082,NaN,NaN,1,0,not_triggered,6364.6015625
9,4,0,0.303077169804833,0.0082,NaN,NaN,1,0,not_triggered,6364.6015625
9,5,0,0.310031782574494,0.0081,NaN,NaN,1,0,not_triggered,6364.6015625
9,6,0,0.315121699654625,0.0077,NaN,NaN,1,0,not_triggered,6364.6015625
9,7,0,0.318891619117093,0.0081,NaN,NaN,1,0,not_triggered,6364.6015625
9,8,0,0.310426163556179,0.0086,NaN,NaN,1,0,not_triggered,6364.6015625
9,9,0,0.316100277802809,0.0081,NaN,NaN,1,0,not_triggered,6364.6015625
9,10,0,0.332089866405641,0.0092,NaN,NaN,1,0,not_triggered,6364.6015625
9,11,0,0.348029250796767,0.0081,NaN,NaN,1,0,not_triggered,6364.6015625
9,12,0,0.352655483738204,0.0089,NaN,NaN,1,0,not_triggered,6364.6015625
9,13,0,0.340916634996549,0.0082,NaN,NaN,1,0,not_triggered,6364.6015625
9,14,0,0.363757339166796,0.0082,NaN,NaN,1,0,not_triggered,6364.6015625
9,15,0,0.394620090105434,0.0074,NaN,NaN,1,0,not_triggered,6364.6015625
9,16,0,0.402879134850688,0.0075,NaN,NaN,1,0,not_triggered,6364.6015625
9,17,0,0.365551162475239,0.0076,NaN,NaN,1,0,not_triggered,6364.6015625
9,18,0,0.437969758467062,0.0074,NaN,NaN,1,0,not_triggered,6364.6015625
9,19,0,0.430986066343081,0.0072,NaN,NaN,1,0,not_triggered,6364.6015625
9,20,0,0.44506596256461,0.0068,NaN,NaN,1,0,not_triggered,6364.6015625
9,21,0,0.446331587867402,0.0081,NaN,NaN,1,0,not_triggered,6364.6015625
9,22,0,0.459213468641111,0.0081,NaN,NaN,1,0,not_triggered,6364.6015625
9,23,0,0.522898235801637,0.0073,NaN,NaN,1,0,not_triggered,6364.6015625
9,24,0,0.445949490657591,0.0069,NaN,NaN,1,0,not_triggered,6364.6015625
9,25,0,0.597374275179168,0.0156,NaN,NaN,1,0,not_triggered,6364.6015625
9,26,0,0.574912599341235,0.0076,NaN,NaN,1,0,not_triggered,6364.6015625
9,27,0,0.559010246940275,0.0072,NaN,NaN,1,0,not_triggered,6364.6015625
9,28,0,0.587149782173683,0.0071,NaN,NaN,1,0,not_triggered,6364.6015625
9,29,1,0.743331615111085,2574.1666,2574.1666,13,1,0,Solve_Succeeded,6364.6015625
9,30,1,0.742233561636296,2596.3107,2596.3107,16,1,0,Solve_Succeeded,6344.4765625
9,31,1,0.711636644109213,2591.8507,2591.8507,16,1,0,Solve_Succeeded,6363.5625
9,32,1,0.8254031668461,2574.2744,2574.2744,16,1,0,Solve_Succeeded,6363.625
9,33,1,0.84552928496443,2593.576,2593.576,19,1,0,Solve_Succeeded,6363.625
9,34,1,0.855256225747079,2583.3069,2583.3069,18,1,0,Solve_Succeeded,6363.66015625
9,35,1,0.842232578998639,2637.546,2637.546,20,1,0,Solve_Succeeded,6363.66015625
9,36,1,0.84663753350484,2587.3447,2587.3447,21,1,0,Solve_Succeeded,6363.66015625
9,37,1,0.85024762909424,2659.4791,2659.4791,22,1,0,Solve_Succeeded,6363.66015625
9,38,1,0.879776846355617,2610.421,2610.421,25,1,0,Solve_Succeeded,6363.66015625
9,39,1,0.879649350365223,2579.7824,2579.7824,18,1,0,Solve_Succeeded,6363.66015625
9,40,1,0.879082089125607,2585.9073,2585.9073,23,1,0,Solve_Succeeded,6363.66015625
9,41,1,0.885575412423886,2590.3876,2590.3876,20,1,0,Solve_Succeeded,6363.66015625
9,42,1,0.901394591173244,2586.2863,2586.2863,17,1,0,Solve_Succeeded,6363.66015625
9,43,1,0.894116789639201,2599.1993,2599.1993,23,1,0,Solve_Succeeded,6363.66015625
9,44,1,0.905599036315991,2594.3987,2594.3987,22,1,0,Solve_Succeeded,6363.66015625
9,45,1,0.931117583670439,2577.8785,2577.8785,20,1,0,Solve_Succeeded,6363.66015625
9,46,1,0.963734727730522,2590.4378,2590.4378,21,1,0,Solve_Succeeded,6344.7890625
9,47,1,0.98086162763778,2590.9996,2590.9996,22,1,0,Solve_Succeeded,6362.66015625
9,48,1,0.982006414039799,2599.7961,2599.7961,26,1,0,Solve_Succeeded,6363.625
9,49,1,0.993246855249954,2590.3375,2590.3375,21,1,0,Solve_Succeeded,6363.625
9,50,1,0.993248907675097,2613.4939,2613.4939,27,1,0,Solve_Succeeded,6363.625
9,51,1,1.03667635178529,2590.3121,2590.3121,24,1,0,Solve_Succeeded,6363.625
9,52,1,1.01885394931281,2600.7068,2600.7068,25,1,0,Solve_Succeeded,6363.625
9,53,1,0.883069200496244,2580.0737,2580.0737,20,1,0,Solve_Succeeded,6363.625
9,54,1,0.881117345906412,2599.147,2599.147,25,1,0,Solve_Succeeded,6363.625
9,55,1,1.0312344161398,2614.8475,2614.8475,30,1,0,Solve_Succeeded,6363.625
9,56,1,0.941288055310768,2598.2384,2598.2384,27,1,0,Solve_Succeeded,6363.625
9,57,1,0.967437656880104,2620.2447,2620.2447,29,1,0,Solve_Succeeded,6363.625
9,58,1,0.968331734190706,2610.464,2610.464,25,1,0,Solve_Succeeded,6363.625
9,59,1,0.979279366589339,2603.0027,2603.0027,26,1,0,Solve_Succeeded,6363.625
9,60,1,0.976422823613472,2597.5345,2597.5345,21,1,0,Solve_Succeeded,6363.625
9,61,1,0.956112965073286,2592.1398,2592.1398,23,1,0,Solve_Succeeded,6363.625
9,62,1,0.966812211257393,2598.6043,2598.6043,27,1,0,Solve_Succeeded,6363.625
9,63,1,0.978796230649095,2611.3966,2611.3966,31,1,0,Solve_Succeeded,6363.625
9,64,1,0.957740116330655,2699.6089,2699.6089,28,1,0,Solve_Succeeded,6363.671875
9,65,1,0.908113774967895,2601.6578,2601.6578,24,1,0,Solve_Succeeded,6363.65625
9,66,1,0.967858669729726,2633.2374,2633.2374,36,1,0,Solve_Succeeded,6363.52734375
9,67,1,0.828867216894014,2616.6366,2616.6366,29,1,0,Solve_Succeeded,6363.52734375
9,68,1,0.907986219447048,2609.6476,2609.6476,27,1,0,Solve_Succeeded,6363.5625
9,69,1,0.725303567729939,2714.6669,2714.6669,57,1,0,Solve_Succeeded,6363.5625
9,70,1,0.909098061749403,2698.8835,2698.8835,58,1,0,Solve_Succeeded,6363.5625
9,71,1,0.906532017810448,2704.9355,2704.9355,58,1,0,Solve_Succeeded,6363.5625
9,72,1,0.869006750480704,2736.6879,2736.6879,65,1,0,Solve_Succeeded,6363.5625
9,73,1,0.913105500556916,2704.3394,2704.3394,54,1,0,Solve_Succeeded,6363.5625
9,74,1,0.905564560442363,2714.8297,2714.8297,60,1,0,Solve_Succeeded,6363.5625
9,75,1,0.915750584546314,2680.7902,2680.7902,51,1,0,Solve_Succeeded,6363.5625
9,76,1,0.910834203194248,2709.943,2709.943,60,1,0,Solve_Succeeded,6363.53125
9,77,1,0.944673630580321,2667.217,2667.217,50,1,0,Solve_Succeeded,6363.53125
9,78,1,0.934124254877221,2675.2583,2675.2583,52,1,0,Solve_Succeeded,6363.53125
9,79,1,0.950918418291479,2669.4309,2669.4309,51,1,0,Solve_Succeeded,6363.53125
9,80,1,0.956653962523431,2681.3092,2681.3092,46,1,0,Solve_Succeeded,6363.53125
9,81,1,0.999687012396995,2604.4595,2604.4595,28,1,0,Solve_Succeeded,6363.53125
9,82,1,0.957229098538205,2736.851,2736.851,24,1,0,Solve_Succeeded,6363.53125
9,83,1,1.00766521574194,2586.9132,2586.9132,23,1,0,Solve_Succeeded,6363.53125
9,84,1,0.965967559050802,2577.7968,2577.7968,22,1,0,Solve_Succeeded,6363.53125
9,85,1,1.01875890793817,2594.6724,2594.6724,27,1,0,Solve_Succeeded,6363.53125
9,86,1,0.934102485291725,2704.6537,2704.6537,31,1,0,Solve_Succeeded,6363.53125
9,87,1,1.00728479413332,2599.8064,2599.8064,22,1,0,Solve_Succeeded,6363.53125
9,88,1,0.976363599377568,2580.159,2580.159,23,1,0,Solve_Succeeded,6363.53125
9,89,1,0.881499076905064,2575.4769,2575.4769,17,1,0,Solve_Succeeded,6363.53125
9,90,1,0.967875031029684,2569.3883,2569.3883,20,1,0,Solve_Succeeded,6363.53125
9,91,1,0.856227081454113,2575.5613,2575.5613,20,1,0,Solve_Succeeded,6363.53125
9,92,1,0.80155724972863,2562.7346,2562.7346,15,1,0,Solve_Succeeded,6363.53125
9,93,1,0.735459482934608,2563.9463,2563.9463,16,1,0,Solve_Succeeded,6363.53125
9,94,1,0.761851693920478,2576.3287,2576.3287,16,1,0,Solve_Succeeded,6363.53125
9,95,1,0.697240591876324,2561.7407,2561.7407,15,1,0,Solve_Succeeded,6363.53125
9,96,1,0.447104490318266,2573.3748,2573.3748,17,1,0,Solve_Succeeded,6363.53125
9,97,1,0.447242741133007,2574.5097,2574.5097,17,1,0,Solve_Succeeded,6363.53125
9,98,1,0.473616607214888,2553.5867,2553.5867,14,1,0,Solve_Succeeded,6363.53125
9,99,1,0.479686265112836,2561.9156,2561.9156,15,1,0,Solve_Succeeded,6363.53125
9,100,1,0.554021236628697,2559.1817,2559.1817,15,1,0,Solve_Succeeded,6363.53125
9,101,1,0.625337719939044,2572.0831,2572.0831,14,1,0,Solve_Succeeded,6363.53125
9,102,1,0.675471693005612,2569.4845,2569.4845,12,1,0,Solve_Succeeded,6355.6171875
9,103,1,0.699686026679744,2561.97,2561.97,13,1,0,Solve_Succeeded,6355.6171875
9,104,1,0.702411758469717,2563.2414,2563.2414,14,1,0,Solve_Succeeded,6355.6171875
9,105,1,0.685999447696585,2566.6674,2566.6674,14,1,0,Solve_Succeeded,6355.6171875
9,106,1,0.651392025316847,2580.6789,2580.6789,20,1,0,Solve_Succeeded,6355.6171875
9,107,1,0.60286844451178,2582.0761,2582.0761,19,1,0,Solve_Succeeded,6355.6171875
9,108,1,0.543981791919901,2553.2353,2553.2353,13,1,0,Solve_Succeeded,6355.6171875
9,109,1,0.477655573702586,2562.1694,2562.1694,14,1,0,Solve_Succeeded,6355.6171875
9,110,1,0.50617871871525,2562.4421,2562.4421,12,1,0,Solve_Succeeded,6355.6171875
9,111,1,0.555162907391175,2551.9499,2551.9499,12,1,0,Solve_Succeeded,6355.6171875
9,112,1,0.588014820176778,2555.7521,2555.7521,12,1,0,Solve_Succeeded,6355.6171875
9,113,1,0.603605433985468,2548.5106,2548.5106,11,1,0,Solve_Succeeded,6355.6171875
9,114,1,0.603340324787487,2556.1398,2556.1398,11,1,0,Solve_Succeeded,6355.6171875
9,115,1,0.590627342654395,2552.6238,2552.6238,10,1,0,Solve_Succeeded,6355.6171875
9,116,1,0.565801923363499,2546.9206,2546.9206,9,1,0,Solve_Succeeded,6355.6171875
9,117,1,0.529407048790047,2552.1916,2552.1916,8,1,0,Solve_Succeeded,6355.5859375
9,118,1,0.482194645070903,2551.4109,2551.4109,9,1,0,Solve_Succeeded,6355.5859375
9,119,1,0.425056217348571,2550.1216,2550.1216,10,1,0,Solve_Succeeded,6355.5859375
9,120,1,0.385283529392937,2550.3392,2550.3392,9,1,0,Solve_Succeeded,6355.5859375
9,121,1,0.393053908870441,2545.2472,2545.2472,8,1,0,Solve_Succeeded,6336.70703125
9,122,1,0.389426581600075,2554.5934,2554.5934,8,1,0,Solve_Succeeded,6355.53125
9,123,1,0.395176030522432,2548.9093,2548.9093,9,1,0,Solve_Succeeded,6355.5546875
9,124,1,0.393565323679667,2549.0957,2549.0957,9,1,0,Solve_Succeeded,6355.5546875
9,125,1,0.391027385688736,2559.2225,2559.2225,9,1,0,Solve_Succeeded,6355.5859375
9,126,1,0.392758441073815,2547.5538,2547.5538,7,1,0,Solve_Succeeded,6355.5859375
9,127,1,0.380497011775472,2540.5161,2540.5161,6,1,0,Solve_Succeeded,6355.5859375
9,128,1,0.335813260202152,2544.7909,2544.7909,7,1,0,Solve_Succeeded,6355.5859375
9,129,1,0.295730516258988,2552.9937,2552.9937,8,1,0,Solve_Succeeded,6355.5859375
9,130,1,0.262658247441862,2536.9218,2536.9218,7,1,0,Solve_Succeeded,6336.5625
9,131,1,0.233541729446436,2541.8732,2541.8732,7,1,0,Solve_Succeeded,6355.52734375
9,132,0,0.197520397561961,0.0105,NaN,NaN,1,0,not_triggered,6355.52734375
9,133,0,0.175252841419816,0.0079,NaN,NaN,1,0,not_triggered,6355.52734375
9,134,0,0.151997965970423,0.0089,NaN,NaN,1,0,not_triggered,6355.52734375
10,1,0,0.309566618158949,0.0131,NaN,NaN,1,0,not_triggered,6363.44140625
10,2,0,0.309181535257997,0.0082,NaN,NaN,1,0,not_triggered,6363.44140625
10,3,0,0.312919964683417,0.0085,NaN,NaN,1,0,not_triggered,6363.44140625
10,4,0,0.306769171269775,0.008,NaN,NaN,1,0,not_triggered,6363.44140625
10,5,0,0.311428425946031,0.0081,NaN,NaN,1,0,not_triggered,6363.44140625
10,6,0,0.304419676368515,0.0076,NaN,NaN,1,0,not_triggered,6363.44140625
10,7,0,0.321994781790965,0.0086,NaN,NaN,1,0,not_triggered,6363.44140625
10,8,0,0.319459141082468,0.0238,NaN,NaN,1,0,not_triggered,6363.44140625
10,9,0,0.313124917170424,0.008,NaN,NaN,1,0,not_triggered,6363.44140625
10,10,0,0.321794884885081,0.0079,NaN,NaN,1,0,not_triggered,6363.44140625
10,11,0,0.318600053582385,0.0076,NaN,NaN,1,0,not_triggered,6363.44140625
10,12,0,0.338251160958987,0.0072,NaN,NaN,1,0,not_triggered,6363.44140625
10,13,0,0.347286770203748,0.0071,NaN,NaN,1,0,not_triggered,6363.44140625
10,14,0,0.364729006364574,0.0071,NaN,NaN,1,0,not_triggered,6363.44140625
10,15,0,0.357901510343977,0.0075,NaN,NaN,1,0,not_triggered,6363.44140625
10,16,0,0.366722511583188,0.007,NaN,NaN,1,0,not_triggered,6363.44140625
10,17,0,0.368727583151071,0.0068,NaN,NaN,1,0,not_triggered,6363.44140625
10,18,0,0.379124798902085,0.0069,NaN,NaN,1,0,not_triggered,6363.44140625
10,19,0,0.411184913030811,0.0095,NaN,NaN,1,0,not_triggered,6363.44140625
10,20,0,0.432391387393168,0.0069,NaN,NaN,1,0,not_triggered,6363.44140625
10,21,0,0.419722761218874,0.0066,NaN,NaN,1,0,not_triggered,6363.44140625
10,22,0,0.461338531162167,0.0066,NaN,NaN,1,0,not_triggered,6363.44140625
10,23,0,0.436490934044288,0.0068,NaN,NaN,1,0,not_triggered,6363.44140625
10,24,0,0.451177152648011,0.0066,NaN,NaN,1,0,not_triggered,6363.44140625
10,25,0,0.499807867704247,0.0067,NaN,NaN,1,0,not_triggered,6363.44140625
10,26,0,0.509778132991707,0.0073,NaN,NaN,1,0,not_triggered,6363.44140625
10,27,0,0.493167792999487,0.007,NaN,NaN,1,0,not_triggered,6363.44140625
10,28,0,0.508186972891768,0.0073,NaN,NaN,1,0,not_triggered,6363.44140625
10,29,0,0.541706798216582,0.008,NaN,NaN,1,0,not_triggered,6363.44140625
10,30,0,0.582714517950532,0.0071,NaN,NaN,1,0,not_triggered,6363.44140625
10,31,1,0.62112828018906,2567.531,2567.531,15,1,0,Solve_Succeeded,6363.44140625
10,32,1,0.67563179947498,2569.5366,2569.5366,17,1,0,Solve_Succeeded,6363.47265625
10,33,1,0.712995352493885,2569.7998,2569.7998,14,1,0,Solve_Succeeded,6363.47265625
10,34,1,0.731668690662208,2573.0172,2573.0172,17,1,0,Solve_Succeeded,6363.50390625
10,35,1,0.730247608462435,2569.2175,2569.2175,18,1,0,Solve_Succeeded,6363.50390625
10,36,1,0.70863875870939,2585.8872,2585.8872,22,1,0,Solve_Succeeded,6363.53515625
10,37,1,0.70041041485374,2586.5573,2586.5573,22,1,0,Solve_Succeeded,6363.53515625
10,38,1,0.727173282700142,2587.1135,2587.1135,21,1,0,Solve_Succeeded,6363.53515625
10,39,1,0.781913149019708,2579.6044,2579.6044,18,1,0,Solve_Succeeded,6363.53515625
10,40,1,0.761436748483125,2573.6736,2573.6736,20,1,0,Solve_Succeeded,6363.53515625
10,41,1,0.781491183085442,2589.3612,2589.3612,23,1,0,Solve_Succeeded,6363.53515625
10,42,1,0.825377322321071,2578.9089,2578.9089,20,1,0,Solve_Succeeded,6363.53515625
10,43,1,0.711309968508648,2579.2638,2579.2638,21,1,0,Solve_Succeeded,6363.53515625
10,44,1,0.85684363130178,2567.2776,2567.2776,18,1,0,Solve_Succeeded,6363.53515625
10,45,1,0.78453330531618,2576.68,2576.68,19,1,0,Solve_Succeeded,6363.53515625
10,46,1,0.742329977878045,2586.2445,2586.2445,21,1,0,Solve_Succeeded,6363.53515625
10,47,1,0.912713457092062,2600.4377,2600.4377,24,1,0,Solve_Succeeded,6363.53515625
10,48,1,0.865284029038491,2580.6896,2580.6896,20,1,0,Solve_Succeeded,6363.56640625
10,49,1,0.965285449776306,2591.4572,2591.4572,23,1,0,Solve_Succeeded,6363.56640625
10,50,1,0.938328658481564,2595.5133,2595.5133,25,1,0,Solve_Succeeded,6363.56640625
10,51,1,0.974546606902483,2628.8009,2628.8009,32,1,0,Solve_Succeeded,6363.56640625
10,52,1,0.989496400751432,2594.6497,2594.6497,25,1,0,Solve_Succeeded,6363.56640625
10,53,1,1.00714223849913,2622.671,2622.671,32,1,0,Solve_Succeeded,6363.56640625
10,54,1,0.961769793353039,2600.8899,2600.8899,24,1,0,Solve_Succeeded,6363.56640625
10,55,1,0.995077224913296,2642.7554,2642.7554,36,1,0,Solve_Succeeded,6363.56640625
10,56,1,0.996956548208621,2632.9308,2632.9308,35,1,0,Solve_Succeeded,6363.56640625
10,57,1,0.970801608003301,2622.4803,2622.4803,30,1,0,Solve_Succeeded,6363.56640625
10,58,1,0.951406315737821,2596.2027,2596.2027,24,1,0,Solve_Succeeded,6363.56640625
10,59,1,0.955647855321684,2588.8462,2588.8462,27,1,0,Solve_Succeeded,6363.56640625
10,60,1,0.971115572293585,2604.411,2604.411,27,1,0,Solve_Succeeded,6363.56640625
10,61,1,0.951647835172695,2583.6971,2583.6971,19,1,0,Solve_Succeeded,6363.56640625
10,62,1,0.956390483445826,2621.239,2621.239,34,1,0,Solve_Succeeded,6363.56640625
10,63,1,0.973811881179693,2622.2136,2622.2136,33,1,0,Solve_Succeeded,6363.56640625
10,64,1,0.907790578769163,2585.8623,2585.8623,22,1,0,Solve_Succeeded,6363.56640625
10,65,1,0.9054704428959,2584.7153,2584.7153,25,1,0,Solve_Succeeded,6363.56640625
10,66,1,0.90541303146487,2600.582,2600.582,26,1,0,Solve_Succeeded,6363.56640625
10,67,1,0.90613976163769,2591.8646,2591.8646,23,1,0,Solve_Succeeded,6363.53125
10,68,1,0.90760069984287,2609.7839,2609.7839,27,1,0,Solve_Succeeded,6363.53125
10,69,1,0.882060521752483,2649.3436,2649.3436,40,1,0,Solve_Succeeded,6363.53125
10,70,1,0.907602166778422,2686.862,2686.862,60,1,0,Solve_Succeeded,6363.53125
10,71,1,0.815679168283222,2707.2546,2707.2546,64,1,0,Solve_Succeeded,6363.53125
10,72,1,0.847753213519694,2684.9662,2684.9662,58,1,0,Solve_Succeeded,6363.53125
10,73,1,0.830404633421628,2689.7788,2689.7788,57,1,0,Solve_Succeeded,6363.53125
10,74,1,0.86907448521897,2681.3394,2681.3394,54,1,0,Solve_Succeeded,6363.53125
10,75,1,0.794917441020165,2704.958,2704.958,65,1,0,Solve_Succeeded,6363.53125
10,76,1,0.783120601769301,2675.8742,2675.8742,54,1,0,Solve_Succeeded,6363.53125
10,77,1,0.767095703552883,2655.9029,2655.9029,46,1,0,Solve_Succeeded,6363.5703125
10,78,1,0.842130615342803,2640.5502,2640.5502,39,1,0,Solve_Succeeded,6363.5703125
10,79,1,0.843223782977677,2617.2196,2617.2196,32,1,0,Solve_Succeeded,6363.5703125
10,80,1,0.755711836463523,2574.3755,2574.3755,15,1,0,Solve_Succeeded,6363.5703125
10,81,1,0.817791727812457,2567.1525,2567.1525,18,1,0,Solve_Succeeded,6363.5703125
10,82,1,0.867866766475089,2571.4262,2571.4262,16,1,0,Solve_Succeeded,6363.5703125
10,83,1,0.904279091468093,2569.8747,2569.8747,14,1,0,Solve_Succeeded,6363.5703125
10,84,1,0.92567730570439,2548.7506,2548.7506,11,1,0,Solve_Succeeded,6363.5703125
10,85,1,0.931287203187658,2572.7308,2572.7308,18,1,0,Solve_Succeeded,6363.5703125
10,86,1,0.921104823731866,2572.8142,2572.8142,18,1,0,Solve_Succeeded,6363.5703125
10,87,1,0.895651671462076,2661.2592,2661.2592,52,1,0,Solve_Succeeded,6363.5703125
10,88,1,0.855624943551419,2590.5798,2590.5798,22,1,0,Solve_Succeeded,6363.5703125
10,89,1,0.802464574059552,2615.9944,2615.9944,35,1,0,Solve_Succeeded,6363.5703125
10,90,1,0.738786426000666,2642.9089,2642.9089,36,1,0,Solve_Succeeded,6363.5703125
10,91,1,0.665625626126552,2588.5548,2588.5548,24,1,0,Solve_Succeeded,6363.5703125
10,92,1,0.582414505666599,2559.2979,2559.2979,16,1,0,Solve_Succeeded,6363.5390625
10,93,1,0.489217188991647,2582.38,2582.38,19,1,0,Solve_Succeeded,6363.5390625
10,94,1,0.407291273996823,2571.0765,2571.0765,15,1,0,Solve_Succeeded,6363.5390625
10,95,1,0.412800806992309,2574.5999,2574.5999,15,1,0,Solve_Succeeded,6345.49609375
10,96,1,0.424318802085294,2578.1761,2578.1761,14,1,0,Solve_Succeeded,6363.59765625
10,97,1,0.426650074978205,2557.0442,2557.0442,14,1,0,Solve_Succeeded,6363.59765625
10,98,1,0.406987370978092,2562.8681,2562.8681,14,1,0,Solve_Succeeded,6363.59765625
10,99,1,0.406645031507586,2553.5854,2553.5854,10,1,0,Solve_Succeeded,6363.59765625
10,100,1,0.417398694634463,2555.4356,2555.4356,11,1,0,Solve_Succeeded,6363.59765625
10,101,1,0.414640618019482,2558.4501,2558.4501,11,1,0,Solve_Succeeded,6363.59765625
10,102,1,0.482453820692745,2551.1914,2551.1914,12,1,0,Solve_Succeeded,6363.59765625
10,103,1,0.547326816488932,2557.8688,2557.8688,12,1,0,Solve_Succeeded,6363.59765625
10,104,1,0.594547455289111,2554.5986,2554.5986,12,1,0,Solve_Succeeded,6363.59765625
10,105,1,0.617914172369713,2553.5573,2553.5573,13,1,0,Solve_Succeeded,6363.59765625
10,106,1,0.613633791650268,2565.2201,2565.2201,12,1,0,Solve_Succeeded,6363.6328125
10,107,1,0.582186257832751,2565.1804,2565.1804,13,1,0,Solve_Succeeded,6363.6328125
10,108,1,0.527866427917121,2559.3446,2559.3446,14,1,0,Solve_Succeeded,6363.6328125
10,109,1,0.45632949313296,2554.9035,2554.9035,13,1,0,Solve_Succeeded,6363.6328125
10,110,1,0.389801072851626,2557.9075,2557.9075,12,1,0,Solve_Succeeded,6363.6328125
10,111,1,0.389154766218458,2556.9111,2556.9111,12,1,0,Solve_Succeeded,6364.609375
10,112,1,0.411336793485091,2554.1743,2554.1743,11,1,0,Solve_Succeeded,6364.609375
10,113,1,0.438952732017668,2553.5103,2553.5103,11,1,0,Solve_Succeeded,6364.609375
10,114,1,0.452150105153404,2548.9965,2548.9965,10,1,0,Solve_Succeeded,6364.609375
10,115,1,0.450576996101549,2547.7865,2547.7865,9,1,0,Solve_Succeeded,6364.61328125
10,116,1,0.434399949855028,2548.4331,2548.4331,10,1,0,Solve_Succeeded,6364.61328125
10,117,1,0.404276197030259,2559.0103,2559.0103,9,1,0,Solve_Succeeded,6364.61328125
10,118,1,0.389271127298923,2548.9403,2548.9403,10,1,0,Solve_Succeeded,6364.61328125
10,119,1,0.38973320258819,2549.6637,2549.6637,8,1,0,Solve_Succeeded,6364.61328125
10,120,1,0.389038767088662,2543.0202,2543.0202,8,1,0,Solve_Succeeded,6364.61328125
10,121,1,0.392153802251074,2551.5067,2551.5067,8,1,0,Solve_Succeeded,6344.52734375
10,122,1,0.391606432972927,2560.4336,2560.4336,8,1,0,Solve_Succeeded,6362.67578125
10,123,1,0.386175453532866,2540.6937,2540.6937,10,1,0,Solve_Succeeded,6363.63671875
10,124,1,0.393264927754438,2556.3189,2556.3189,10,1,0,Solve_Succeeded,6363.63671875
10,125,1,0.392161383323222,2541.1598,2541.1598,7,1,0,Solve_Succeeded,6363.63671875
10,126,1,0.3646229911437,2549.2033,2549.2033,9,1,0,Solve_Succeeded,6363.63671875
10,127,1,0.317078811789638,2548.3098,2548.3098,8,1,0,Solve_Succeeded,6363.63671875
10,128,1,0.28764251495238,2550.993,2550.993,8,1,0,Solve_Succeeded,6363.63671875
10,129,1,0.251189993784174,2547.7781,2547.7781,7,1,0,Solve_Succeeded,6363.63671875
10,130,1,0.219377027378928,2544.6136,2544.6136,8,1,0,Solve_Succeeded,6363.63671875
10,131,0,0.194046226555672,0.0079,NaN,NaN,1,0,not_triggered,6363.63671875
10,132,0,0.169948400900742,0.0076,NaN,NaN,1,0,not_triggered,6363.63671875
10,133,0,0.148693069308351,0.0077,NaN,NaN,1,0,not_triggered,6363.63671875
11,1,0,0.313558356559727,0.0081,NaN,NaN,1,0,not_triggered,6363.63671875
11,2,0,0.31292696990642,0.0079,NaN,NaN,1,0,not_triggered,6363.63671875
11,3,0,0.314212967806699,0.0077,NaN,NaN,1,0,not_triggered,6363.63671875
11,4,0,0.317532278788464,0.0077,NaN,NaN,1,0,not_triggered,6363.63671875
11,5,0,0.314925517126382,0.0078,NaN,NaN,1,0,not_triggered,6363.63671875
11,6,0,0.318798173739338,0.0074,NaN,NaN,1,0,not_triggered,6363.63671875
11,7,0,0.325363957259859,0.0076,NaN,NaN,1,0,not_triggered,6363.63671875
11,8,0,0.331235350151002,0.0074,NaN,NaN,1,0,not_triggered,6363.63671875
11,9,0,0.342118502634481,0.0081,NaN,NaN,1,0,not_triggered,6363.63671875
11,10,0,0.334042341260654,0.0077,NaN,NaN,1,0,not_triggered,6363.63671875
11,11,0,0.35632321939484,0.0072,NaN,NaN,1,0,not_triggered,6363.63671875
11,12,0,0.343010150126534,0.0071,NaN,NaN,1,0,not_triggered,6363.63671875
11,13,0,0.361365601042369,0.0074,NaN,NaN,1,0,not_triggered,6363.63671875
11,14,0,0.376792303159829,0.0154,NaN,NaN,1,0,not_triggered,6363.63671875
11,15,0,0.383988203462542,0.0067,NaN,NaN,1,0,not_triggered,6363.63671875
11,16,0,0.43730531674431,0.0073,NaN,NaN,1,0,not_triggered,6363.63671875
11,17,0,0.426481543933087,0.0067,NaN,NaN,1,0,not_triggered,6363.63671875
11,18,0,0.441536584195976,0.0067,NaN,NaN,1,0,not_triggered,6363.63671875
11,19,0,0.455744497015446,0.0072,NaN,NaN,1,0,not_triggered,6363.63671875
11,20,0,0.503285042409754,0.0072,NaN,NaN,1,0,not_triggered,6363.63671875
11,21,0,0.450701504146124,0.0068,NaN,NaN,1,0,not_triggered,6363.63671875
11,22,0,0.535511497778458,0.0061,NaN,NaN,1,0,not_triggered,6363.63671875
11,23,0,0.519849375958597,0.0072,NaN,NaN,1,0,not_triggered,6363.63671875
11,24,0,0.545031999522641,0.0072,NaN,NaN,1,0,not_triggered,6363.63671875
11,25,0,0.506294437835372,0.0076,NaN,NaN,1,0,not_triggered,6363.63671875
11,26,0,0.526446951000636,0.0075,NaN,NaN,1,0,not_triggered,6363.63671875
11,27,1,0.685287292172969,2562.105,2562.105,14,1,0,Solve_Succeeded,6363.63671875
11,28,1,0.603269796658697,2558.2026,2558.2026,13,1,0,Solve_Succeeded,6363.63671875
11,29,1,0.59536212101938,2553.5869,2553.5869,13,1,0,Solve_Succeeded,6363.63671875
11,30,1,0.715526452720911,2557.1687,2557.1687,15,1,0,Solve_Succeeded,6363.63671875
11,31,1,0.808613747167784,2563.0503,2563.0503,16,1,0,Solve_Succeeded,6363.63671875
11,32,1,0.852147450965148,2575.6558,2575.6558,19,1,0,Solve_Succeeded,6363.63671875
11,33,1,0.839119935658619,2574.8107,2574.8107,21,1,0,Solve_Succeeded,6363.63671875
11,34,1,0.859558896518892,2604.4784,2604.4784,24,1,0,Solve_Succeeded,6363.63671875
11,35,1,0.841091952349825,2573.7705,2573.7705,19,1,0,Solve_Succeeded,6363.63671875
11,36,1,0.844182559087626,2563.5121,2563.5121,20,1,0,Solve_Succeeded,6363.63671875
11,37,1,0.876993974317466,2594.1761,2594.1761,22,1,0,Solve_Succeeded,6364.61328125
11,38,1,0.880176009068375,2576.954,2576.954,19,1,0,Solve_Succeeded,6364.61328125
11,39,1,0.860825698458867,2583.5542,2583.5542,24,1,0,Solve_Succeeded,6364.48046875
11,40,1,0.867031403502537,2601.3692,2601.3692,22,1,0,Solve_Succeeded,6364.48046875
11,41,1,0.878936127181367,2586.8491,2586.8491,20,1,0,Solve_Succeeded,6364.48046875
11,42,1,0.882471639091186,2585.9093,2585.9093,22,1,0,Solve_Succeeded,6364.48046875
11,43,1,0.904772424863543,2586.2884,2586.2884,21,1,0,Solve_Succeeded,6364.48046875
11,44,1,0.91810648648574,2575.8302,2575.8302,21,1,0,Solve_Succeeded,6364.48046875
11,45,1,0.930987368479776,2580.3437,2580.3437,20,1,0,Solve_Succeeded,6364.51171875
11,46,1,0.940110532865878,2575.5193,2575.5193,17,1,0,Solve_Succeeded,6364.51171875
11,47,1,0.940848224879204,2585.7157,2585.7157,17,1,0,Solve_Succeeded,6364.546875
11,48,1,0.958426941899912,2590.7055,2590.7055,21,1,0,Solve_Succeeded,6364.546875
11,49,1,0.935817680192124,2602.0422,2602.0422,25,1,0,Solve_Succeeded,6364.51171875
11,50,1,0.964094693741826,2614.3538,2614.3538,26,1,0,Solve_Succeeded,6364.51171875
11,51,1,0.967495363896303,2597.5003,2597.5003,24,1,0,Solve_Succeeded,6364.51171875
11,52,1,0.979610557186793,2645.4949,2645.4949,42,1,0,Solve_Succeeded,6364.51171875
11,53,1,0.994673960493425,2598.5296,2598.5296,25,1,0,Solve_Succeeded,6364.51171875
11,54,1,0.987804401457716,2610.2236,2610.2236,29,1,0,Solve_Succeeded,6364.51171875
11,55,1,0.981427875521254,2590.7982,2590.7982,26,1,0,Solve_Succeeded,6364.51171875
11,56,1,0.962845929102194,2611.7349,2611.7349,30,1,0,Solve_Succeeded,6364.51171875
11,57,1,0.975286113901487,2664.631,2664.631,45,1,0,Solve_Succeeded,6364.51171875
11,58,1,0.95459329677226,2614.9708,2614.9708,30,1,0,Solve_Succeeded,6364.51171875
11,59,1,0.950573471311587,2612.8531,2612.8531,27,1,0,Solve_Succeeded,6364.58203125
11,60,1,0.953024713013148,2605.6795,2605.6795,29,1,0,Solve_Succeeded,6364.58203125
11,61,1,0.952617319392776,2593.9882,2593.9882,24,1,0,Solve_Succeeded,6364.58203125
11,62,1,0.967429111932001,2613.0449,2613.0449,25,1,0,Solve_Succeeded,6364.6171875
11,63,1,0.938411187946598,2606.5304,2606.5304,26,1,0,Solve_Succeeded,6364.6171875
11,64,1,0.958776713011133,2596.3713,2596.3713,24,1,0,Solve_Succeeded,6364.6171875
11,65,1,0.927577981557753,2627.1649,2627.1649,33,1,0,Solve_Succeeded,6364.6171875
11,66,1,0.945656858335325,2598.253,2598.253,24,1,0,Solve_Succeeded,6364.6171875
11,67,1,0.906856819825402,2628.651,2628.651,37,1,0,Solve_Succeeded,6364.6171875
11,68,1,0.906101116656301,2614.1632,2614.1632,28,1,0,Solve_Succeeded,6364.6171875
11,69,1,0.905042293218736,2577.7184,2577.7184,19,1,0,Solve_Succeeded,6364.6171875
11,70,1,0.892589892375799,2646.9068,2646.9068,36,1,0,Solve_Succeeded,6364.6171875
11,71,1,0.906781677113745,2660.026,2660.026,44,1,0,Solve_Succeeded,6364.6171875
11,72,1,0.908243886137927,2764.4837,2764.4837,75,1,0,Solve_Succeeded,6344.8671875
11,73,1,0.912647574587632,2739.0606,2739.0606,71,1,0,Solve_Succeeded,6363.63671875
11,74,1,0.920620002087111,2685.7193,2685.7193,56,1,0,Solve_Succeeded,6363.63671875
11,75,1,0.932673018631095,2664.2272,2664.2272,48,1,0,Solve_Succeeded,6363.63671875
11,76,1,0.898204178800634,2684.6994,2684.6994,60,1,0,Solve_Succeeded,6363.63671875
11,77,1,0.85790828900765,2697.0505,2697.0505,59,1,0,Solve_Succeeded,6363.63671875
11,78,1,0.921319549672679,2710.9751,2710.9751,62,1,0,Solve_Succeeded,6363.63671875
11,79,1,0.838648766772059,2660.0395,2660.0395,43,1,0,Solve_Succeeded,6363.63671875
11,80,1,0.799440647228265,2622.089,2622.089,38,1,0,Solve_Succeeded,6363.63671875
11,81,1,0.718407175545989,2593.2209,2593.2209,23,1,0,Solve_Succeeded,6363.640625
11,82,1,0.782588485488475,2579.1244,2579.1244,19,1,0,Solve_Succeeded,6363.640625
11,83,1,0.842722237853663,2573.5443,2573.5443,20,1,0,Solve_Succeeded,6363.640625
11,84,1,0.889671177996306,2587.5126,2587.5126,19,1,0,Solve_Succeeded,6363.640625
11,85,1,0.921685186202831,2583.6557,2583.6557,18,1,0,Solve_Succeeded,6363.640625
11,86,1,0.937467471874945,2588.523,2588.523,22,1,0,Solve_Succeeded,6363.640625
11,87,1,0.936472017885358,2575.2307,2575.2307,21,1,0,Solve_Succeeded,6363.640625
11,88,1,0.919060231917192,2594.9214,2594.9214,21,1,0,Solve_Succeeded,6363.640625
11,89,1,0.886430976578074,2659.8038,2659.8038,49,1,0,Solve_Succeeded,6363.5
11,90,1,0.840358390406954,2594.2985,2594.2985,27,1,0,Solve_Succeeded,6363.5
11,91,1,0.781708443195067,2575.5833,2575.5833,21,1,0,Solve_Succeeded,6363.5
11,92,1,0.71130602937975,2588.5188,2588.5188,24,1,0,Solve_Succeeded,6363.5
11,93,1,0.630518708077344,2589.163,2589.163,19,1,0,Solve_Succeeded,6363.5
11,94,1,0.538920888027569,2561.1204,2561.1204,17,1,0,Solve_Succeeded,6363.5
11,95,1,0.41023290994409,2575.9134,2575.9134,17,1,0,Solve_Succeeded,6363.53515625
11,96,1,0.420133270712816,2570.3399,2570.3399,19,1,0,Solve_Succeeded,6363.53515625
11,97,1,0.424884608254869,2572.3837,2572.3837,18,1,0,Solve_Succeeded,6363.53515625
11,98,1,0.421487277991933,2576.7762,2576.7762,17,1,0,Solve_Succeeded,6363.53515625
11,99,1,0.388613320726221,2570.2214,2570.2214,18,1,0,Solve_Succeeded,6363.53515625
11,100,1,0.388730583447773,2564.8029,2564.8029,14,1,0,Solve_Succeeded,6363.53515625
11,101,1,0.394655918599981,2565.2092,2565.2092,15,1,0,Solve_Succeeded,6363.53515625
11,102,1,0.391637963395781,2557.4924,2557.4924,14,1,0,Solve_Succeeded,6363.53515625
11,103,1,0.39019478911234,2562.5812,2562.5812,14,1,0,Solve_Succeeded,6363.53515625
11,104,1,0.395065859530501,2552.5871,2552.5871,11,1,0,Solve_Succeeded,6363.53515625
11,105,1,0.389218146128023,2554.4077,2554.4077,13,1,0,Solve_Succeeded,6363.53515625
11,106,1,0.38916303666604,2559.3984,2559.3984,12,1,0,Solve_Succeeded,6363.53515625
11,107,1,0.391098879603181,2555.3979,2555.3979,13,1,0,Solve_Succeeded,6363.53515625
11,108,1,0.388693418567814,2559.6592,2559.6592,13,1,0,Solve_Succeeded,6363.53515625
11,109,1,0.385432492228121,2579.9804,2579.9804,16,1,0,Solve_Succeeded,6363.53515625
11,110,1,0.387991124054021,2565.3516,2565.3516,16,1,0,Solve_Succeeded,6363.53515625
11,111,1,0.389002974298959,2564.1395,2564.1395,15,1,0,Solve_Succeeded,6363.53515625
11,112,1,0.390384037669401,2555.1968,2555.1968,13,1,0,Solve_Succeeded,6363.53515625
11,113,1,0.38850708687277,2563.9089,2563.9089,14,1,0,Solve_Succeeded,6363.53515625
11,114,1,0.388032253068392,2559.1776,2559.1776,11,1,0,Solve_Succeeded,6363.53515625
11,115,1,0.387692814187067,2556.1524,2556.1524,11,1,0,Solve_Succeeded,6363.53515625
11,116,1,0.387154524729429,2572.1148,2572.1148,10,1,0,Solve_Succeeded,6363.53515625
11,117,1,0.38694119714065,2553.0919,2553.0919,10,1,0,Solve_Succeeded,6363.53515625
11,118,1,0.388933539270985,2562.8808,2562.8808,11,1,0,Solve_Succeeded,6363.53515625
11,119,1,0.387872288473966,2562.7295,2562.7295,11,1,0,Solve_Succeeded,6363.53515625
11,120,1,0.384543562974267,2557.1759,2557.1759,8,1,0,Solve_Succeeded,6363.53515625
11,121,1,0.385669692193901,2555.8943,2555.8943,8,1,0,Solve_Succeeded,6363.53515625
11,122,1,0.38719909000785,2557.0288,2557.0288,9,1,0,Solve_Succeeded,6363.53515625
11,123,1,0.390824306305301,2566.5806,2566.5806,10,1,0,Solve_Succeeded,6363.53515625
11,124,1,0.386572231223037,2555.2509,2555.2509,9,1,0,Solve_Succeeded,6363.53515625
11,125,1,0.385599092493681,2574.6592,2574.6592,8,1,0,Solve_Succeeded,6355.62109375
11,126,1,0.385031704015778,2571.0126,2571.0126,9,1,0,Solve_Succeeded,6355.62109375
11,127,1,0.388634511386756,2570.2758,2570.2758,9,1,0,Solve_Succeeded,6355.62109375
11,128,1,0.386248122072082,2555.5309,2555.5309,10,1,0,Solve_Succeeded,6355.62109375
11,129,1,0.367718649663219,2560.1666,2560.1666,9,1,0,Solve_Succeeded,6355.62109375
11,130,1,0.326826424304364,2566.0409,2566.0409,8,1,0,Solve_Succeeded,6355.62109375
11,131,1,0.287739034170403,2555.1129,2555.1129,7,1,0,Solve_Succeeded,6355.62109375
11,132,1,0.252671109132281,2572.2921,2572.2921,9,1,0,Solve_Succeeded,6355.62109375
11,133,1,0.22141265622433,2553.6056,2553.6056,8,1,0,Solve_Succeeded,6355.62109375
11,134,0,0.190512806160824,0.0088,NaN,NaN,1,0,not_triggered,6355.62109375
11,135,0,0.166746120788948,0.008,NaN,NaN,1,0,not_triggered,6355.62109375
11,136,0,0.145138708567811,0.0081,NaN,NaN,1,0,not_triggered,6355.62109375
12,1,0,0.321286115808452,0.0086,NaN,NaN,1,0,not_triggered,6363.53515625
12,2,0,0.314337055603618,0.0084,NaN,NaN,1,0,not_triggered,6363.53515625
12,3,0,0.318910777250494,0.0078,NaN,NaN,1,0,not_triggered,6363.53515625
12,4,0,0.323469769179177,0.0082,NaN,NaN,1,0,not_triggered,6363.53515625
12,5,0,0.312776640676386,0.0083,NaN,NaN,1,0,not_triggered,6363.53515625
12,6,0,0.321576856842189,0.0078,NaN,NaN,1,0,not_triggered,6363.53515625
12,7,0,0.326943445686262,0.008,NaN,NaN,1,0,not_triggered,6363.53515625
12,8,0,0.327815728527624,0.0073,NaN,NaN,1,0,not_triggered,6363.53515625
12,9,0,0.322710214030479,0.0075,NaN,NaN,1,0,not_triggered,6363.53515625
12,10,0,0.336813677271571,0.0079,NaN,NaN,1,0,not_triggered,6363.53515625
12,11,0,0.343011174508719,0.0079,NaN,NaN,1,0,not_triggered,6363.53515625
12,12,0,0.345515566443746,0.0079,NaN,NaN,1,0,not_triggered,6363.53515625
12,13,0,0.36172033105049,0.0078,NaN,NaN,1,0,not_triggered,6363.53515625
12,14,0,0.361912311711609,0.0072,NaN,NaN,1,0,not_triggered,6363.53515625
12,15,0,0.400782217121166,0.0066,NaN,NaN,1,0,not_triggered,6363.53515625
12,16,0,0.387032578199033,0.0075,NaN,NaN,1,0,not_triggered,6363.53515625
12,17,0,0.392356844687874,0.0075,NaN,NaN,1,0,not_triggered,6363.53515625
12,18,0,0.392451797208511,0.0074,NaN,NaN,1,0,not_triggered,6363.53515625
12,19,0,0.429679958866175,0.0072,NaN,NaN,1,0,not_triggered,6363.53515625
12,20,0,0.442802714187632,0.0069,NaN,NaN,1,0,not_triggered,6363.53515625
12,21,0,0.388226886098131,0.007,NaN,NaN,1,0,not_triggered,6363.53515625
12,22,0,0.48958849324959,0.0073,NaN,NaN,1,0,not_triggered,6363.53515625
12,23,0,0.518681263974075,0.0072,NaN,NaN,1,0,not_triggered,6363.53515625
12,24,0,0.490726398572223,0.0066,NaN,NaN,1,0,not_triggered,6363.53515625
12,25,0,0.471492947712041,0.0071,NaN,NaN,1,0,not_triggered,6363.53515625
12,26,0,0.471673626763325,0.0076,NaN,NaN,1,0,not_triggered,6363.53515625
12,27,0,0.534386166820649,0.0067,NaN,NaN,1,0,not_triggered,6363.53515625
12,28,0,0.589724057160031,0.0072,NaN,NaN,1,0,not_triggered,6363.53515625
12,29,0,0.585141602447524,0.0069,NaN,NaN,1,0,not_triggered,6363.53515625
12,30,0,0.588432212633097,0.0068,NaN,NaN,1,0,not_triggered,6363.53515625
12,31,1,0.62112828018906,2563.0359,2563.0359,14,1,0,Solve_Succeeded,6363.53515625
12,32,1,0.67563179947498,2568.8882,2568.8882,15,1,0,Solve_Succeeded,6363.53515625
12,33,1,0.766563141482641,2572.6084,2572.6084,16,1,0,Solve_Succeeded,6363.53515625
12,34,1,0.780469301320192,2573.5707,2573.5707,17,1,0,Solve_Succeeded,6363.53515625
12,35,1,0.809207764823215,2613.8981,2613.8981,18,1,0,Solve_Succeeded,6363.53515625
12,36,1,0.738841804539784,2596.4324,2596.4324,23,1,0,Solve_Succeeded,6363.53515625
12,37,1,0.737178606959046,2572.8135,2572.8135,21,1,0,Solve_Succeeded,6363.5
12,38,1,0.656137699086788,2593.797,2593.797,24,1,0,Solve_Succeeded,6363.5
12,39,1,0.810861690375717,2575.8854,2575.8854,18,1,0,Solve_Succeeded,6363.5
12,40,1,0.741693090843935,2565.3587,2565.3587,15,1,0,Solve_Succeeded,6363.5
12,41,1,0.834828288428541,2587.3049,2587.3049,19,1,0,Solve_Succeeded,6363.53515625
12,42,1,0.813954331464855,2578.3963,2578.3963,20,1,0,Solve_Succeeded,6363.53515625
12,43,1,0.688943481269203,2591.8134,2591.8134,23,1,0,Solve_Succeeded,6363.53515625
12,44,1,0.80514126709798,2595.5446,2595.5446,23,1,0,Solve_Succeeded,6363.53515625
12,45,1,0.794769035874024,2588.0546,2588.0546,21,1,0,Solve_Succeeded,6363.53515625
12,46,1,0.733952627631488,2606.2174,2606.2174,20,1,0,Solve_Succeeded,6363.53515625
12,47,1,0.737397455089234,2574.4224,2574.4224,19,1,0,Solve_Succeeded,6363.53515625
12,48,1,0.751155054763,2582.1273,2582.1273,21,1,0,Solve_Succeeded,6363.53515625
12,49,1,0.720636662396374,2589.44,2589.44,20,1,0,Solve_Succeeded,6345.03125
12,50,1,0.725050518100367,2588.4447,2588.4447,22,1,0,Solve_Succeeded,6344.56640625
12,51,1,0.689608346225375,2609.0931,2609.0931,27,1,0,Solve_Succeeded,6363.53125
12,52,1,0.756657879961949,2590.0577,2590.0577,24,1,0,Solve_Succeeded,6363.53125
12,53,1,0.717839741701765,2597.8777,2597.8777,29,1,0,Solve_Succeeded,6363.53125
12,54,1,0.782255826059365,2614.2103,2614.2103,28,1,0,Solve_Succeeded,6344.48046875
12,55,1,0.854889110088327,2652.5093,2652.5093,37,1,0,Solve_Succeeded,6363.53125
12,56,1,0.738080996539128,2628.3761,2628.3761,36,1,0,Solve_Succeeded,6363.53125
12,57,1,0.868983054771045,2633.6743,2633.6743,37,1,0,Solve_Succeeded,6363.53125
12,58,1,0.886386173167701,2613.2962,2613.2962,33,1,0,Solve_Succeeded,6363.53125
12,59,1,0.872787763449153,2620.9601,2620.9601,32,1,0,Solve_Succeeded,6363.53125
12,60,1,0.9157680610837,2611.1985,2611.1985,29,1,0,Solve_Succeeded,6363.53515625
12,61,1,0.899519917900412,2615.9097,2615.9097,31,1,0,Solve_Succeeded,6363.53515625
12,62,1,0.931542292822493,2606.5822,2606.5822,30,1,0,Solve_Succeeded,6363.53515625
12,63,1,0.812197917780346,2603.9215,2603.9215,22,1,0,Solve_Succeeded,6363.53515625
12,64,1,0.878970805464912,2594.3771,2594.3771,24,1,0,Solve_Succeeded,6363.53515625
12,65,1,0.902478628107904,2580.2099,2580.2099,20,1,0,Solve_Succeeded,6363.53515625
12,66,1,0.939623550039306,2610.5337,2610.5337,29,1,0,Solve_Succeeded,6363.56640625
12,67,1,0.897323845491961,2605.9292,2605.9292,28,1,0,Solve_Succeeded,6363.59765625
12,68,1,0.899778813422219,2616.4869,2616.4869,29,1,0,Solve_Succeeded,6363.59765625
12,69,1,0.939447307271537,2612.6922,2612.6922,32,1,0,Solve_Succeeded,6363.59765625
12,70,1,0.877654800746717,2631.165,2631.165,39,1,0,Solve_Succeeded,6363.59765625
12,71,1,0.911789200043915,2610.7842,2610.7842,33,1,0,Solve_Succeeded,6363.59765625
12,72,1,0.853346229258243,2654.0103,2654.0103,47,1,0,Solve_Succeeded,6363.59765625
12,73,1,0.856227179618087,2687.8,2687.8,52,1,0,Solve_Succeeded,6363.6328125
12,74,1,0.840813452861902,2714.0043,2714.0043,54,1,0,Solve_Succeeded,6364.609375
12,75,1,0.805134541604522,2724.9437,2724.9437,57,1,0,Solve_Succeeded,6364.640625
12,76,1,0.813459276739615,2668.4488,2668.4488,45,1,0,Solve_Succeeded,6364.640625
12,77,1,0.83525874390542,2680.9744,2680.9744,54,1,0,Solve_Succeeded,6364.640625
12,78,1,0.722547349698897,2661.447,2661.447,54,1,0,Solve_Succeeded,6364.609375
12,79,1,0.731887889155007,2668.6954,2668.6954,48,1,0,Solve_Succeeded,6364.609375
12,80,1,0.719785796617635,2657.075,2657.075,46,1,0,Solve_Succeeded,6364.609375
12,81,1,0.6530366592255,2708.697,2708.697,65,1,0,Solve_Succeeded,6364.609375
12,82,1,0.714713426349284,2582.1786,2582.1786,24,1,0,Solve_Succeeded,6364.609375
12,83,1,0.771292432595637,2584.9321,2584.9321,23,1,0,Solve_Succeeded,6364.609375
12,84,1,0.824592152080903,2581.8678,2581.8678,20,1,0,Solve_Succeeded,6364.64453125
12,85,1,0.872166964201874,2569.8798,2569.8798,22,1,0,Solve_Succeeded,6364.64453125
12,86,1,0.910892959260008,2573.1816,2573.1816,18,1,0,Solve_Succeeded,6364.64453125
12,87,1,0.936487032647001,2570.9068,2570.9068,19,1,0,Solve_Succeeded,6364.64453125
12,88,1,0.948033253907217,2595.6615,2595.6615,24,1,0,Solve_Succeeded,6364.64453125
12,89,1,0.945194221645993,2577.3396,2577.3396,19,1,0,Solve_Succeeded,6364.64453125
12,90,1,0.928300162822976,2577.8918,2577.8918,20,1,0,Solve_Succeeded,6364.64453125
12,91,1,0.898290042422953,2577.9381,2577.9381,23,1,0,Solve_Succeeded,6364.64453125
12,92,1,0.856531517252995,2573.837,2573.837,18,1,0,Solve_Succeeded,6364.64453125
12,93,1,0.802815982596695,2563.4377,2563.4377,16,1,0,Solve_Succeeded,6364.64453125
12,94,1,0.422858557948668,2553.7599,2553.7599,13,1,0,Solve_Succeeded,6364.64453125
12,95,1,0.430870763707405,2612.3272,2612.3272,15,1,0,Solve_Succeeded,6364.69140625
12,96,1,0.427030824855051,2613.2959,2613.2959,17,1,0,Solve_Succeeded,6364.67578125
12,97,1,0.431030436474408,2561.3309,2561.3309,15,1,0,Solve_Succeeded,6364.67578125
12,98,1,0.422662155913776,2564.7047,2564.7047,15,1,0,Solve_Succeeded,6364.67578125
12,99,1,0.422850910679659,2559.5919,2559.5919,14,1,0,Solve_Succeeded,6364.67578125
12,100,1,0.43582834897688,2578.2326,2578.2326,18,1,0,Solve_Succeeded,6364.67578125
12,101,1,0.440063814714219,2567.8956,2567.8956,14,1,0,Solve_Succeeded,6364.67578125
12,102,1,0.436945489218422,2559.8753,2559.8753,14,1,0,Solve_Succeeded,6364.67578125
12,103,1,0.389259444776193,2559.0614,2559.0614,14,1,0,Solve_Succeeded,6364.67578125
12,104,1,0.392259141843955,2561.2018,2561.2018,12,1,0,Solve_Succeeded,6364.67578125
12,105,1,0.389778433532568,2562.0953,2562.0953,14,1,0,Solve_Succeeded,6364.67578125
12,106,1,0.390668697310418,2554.4251,2554.4251,12,1,0,Solve_Succeeded,6364.67578125
12,107,1,0.390087488362977,2552.0329,2552.0329,12,1,0,Solve_Succeeded,6364.67578125
12,108,1,0.391777223685099,2553.8967,2553.8967,14,1,0,Solve_Succeeded,6364.64453125
12,109,1,0.390104590866531,2564.9909,2564.9909,15,1,0,Solve_Succeeded,6364.64453125
12,110,1,0.386343420985316,2560.4858,2560.4858,15,1,0,Solve_Succeeded,6364.64453125
12,111,1,0.389394670392033,2568.0283,2568.0283,16,1,0,Solve_Succeeded,6364.64453125
12,112,1,0.387932447174883,2579.8139,2579.8139,16,1,0,Solve_Succeeded,6364.64453125
12,113,1,0.385988067335378,2564.3729,2564.3729,16,1,0,Solve_Succeeded,6364.609375
12,114,1,0.389909046291761,2559.4128,2559.4128,14,1,0,Solve_Succeeded,6364.609375
12,115,1,0.386084017179555,2553.551,2553.551,15,1,0,Solve_Succeeded,6364.609375
12,116,1,0.390541104955117,2575.894,2575.894,14,1,0,Solve_Succeeded,6364.609375
12,117,1,0.387034995932127,2559.0109,2559.0109,12,1,0,Solve_Succeeded,6364.609375
12,118,1,0.391455944133329,2547.4299,2547.4299,11,1,0,Solve_Succeeded,6364.609375
12,119,1,0.384794901151833,2557.59,2557.59,12,1,0,Solve_Succeeded,6364.609375
12,120,1,0.383715691895407,2550.8726,2550.8726,12,1,0,Solve_Succeeded,6364.609375
12,121,1,0.386763010930627,2540.2739,2540.2739,9,1,0,Solve_Succeeded,6364.609375
12,122,1,0.388642844039568,2549.031,2549.031,9,1,0,Solve_Succeeded,6364.609375
12,123,1,0.383149333011811,2555.4779,2555.4779,10,1,0,Solve_Succeeded,6364.609375
12,124,1,0.384968951938597,2550.3133,2550.3133,9,1,0,Solve_Succeeded,6345.484375
12,125,1,0.385888247200058,2556.922,2556.922,9,1,0,Solve_Succeeded,6363.5390625
12,126,1,0.382025010712588,2538.2316,2538.2316,8,1,0,Solve_Succeeded,6363.6328125
12,127,1,0.384104761528117,2539.3087,2539.3087,8,1,0,Solve_Succeeded,6363.6328125
12,128,1,0.383575735962196,2544.476,2544.476,7,1,0,Solve_Succeeded,6344.546875
12,129,1,0.382320337414373,2543.4256,2543.4256,8,1,0,Solve_Succeeded,6362.6328125
12,130,1,0.384786180495383,2541.0358,2541.0358,9,1,0,Solve_Succeeded,6363.59765625
12,131,1,0.38005076698587,2533.5845,2533.5845,10,1,0,Solve_Succeeded,6363.59765625
12,132,1,0.387663907380667,2546.7286,2546.7286,9,1,0,Solve_Succeeded,6363.59765625
12,133,1,0.353996040958624,2534.0553,2534.0553,8,1,0,Solve_Succeeded,6363.59765625
12,134,1,0.312109355863462,2552.5625,2552.5625,9,1,0,Solve_Succeeded,6363.6328125
12,135,1,0.276868729011309,2540.7282,2540.7282,7,1,0,Solve_Succeeded,6363.6328125
12,136,1,0.242715597614027,2542.3905,2542.3905,8,1,0,Solve_Succeeded,6363.6328125
12,137,1,0.213160963934188,2552.6165,2552.6165,8,1,0,Solve_Succeeded,6363.6328125
12,138,0,0.181042360529766,0.0077,NaN,NaN,1,0,not_triggered,6363.6328125
12,139,0,0.161886639389887,0.0079,NaN,NaN,1,0,not_triggered,6363.6328125
12,140,0,0.141222773098215,0.0084,NaN,NaN,1,0,not_triggered,6363.6328125
13,1,0,0.305706399883302,0.0093,NaN,NaN,1,0,not_triggered,6363.6328125
13,2,0,0.306469364513795,0.0085,NaN,NaN,1,0,not_triggered,6363.6328125
13,3,0,0.311223422608729,0.0081,NaN,NaN,1,0,not_triggered,6363.6328125
13,4,0,0.317745733527645,0.0082,NaN,NaN,1,0,not_triggered,6363.6328125
13,5,0,0.313610700069851,0.0084,NaN,NaN,1,0,not_triggered,6363.6328125
13,6,0,0.312795871420045,0.0084,NaN,NaN,1,0,not_triggered,6363.6328125
13,7,0,0.317417040295457,0.0083,NaN,NaN,1,0,not_triggered,6363.6328125
13,8,0,0.314935116857466,0.0079,NaN,NaN,1,0,not_triggered,6363.6328125
13,9,0,0.320820886460819,0.0076,NaN,NaN,1,0,not_triggered,6363.6328125
13,10,0,0.328990801108467,0.0076,NaN,NaN,1,0,not_triggered,6363.6328125
13,11,0,0.342642168036057,0.0076,NaN,NaN,1,0,not_triggered,6363.6328125
13,12,0,0.336623875109292,0.009,NaN,NaN,1,0,not_triggered,6363.6328125
13,13,0,0.332593554612825,0.0089,NaN,NaN,1,0,not_triggered,6363.6328125
13,14,0,0.359648670426667,0.0081,NaN,NaN,1,0,not_triggered,6363.6328125
13,15,0,0.369658557604322,0.0075,NaN,NaN,1,0,not_triggered,6363.6328125
13,16,0,0.410417092185628,0.0078,NaN,NaN,1,0,not_triggered,6363.6328125
13,17,0,0.408436063856246,0.0073,NaN,NaN,1,0,not_triggered,6363.6328125
13,18,0,0.430855613663772,0.0074,NaN,NaN,1,0,not_triggered,6363.6328125
13,19,0,0.437987427286441,0.0075,NaN,NaN,1,0,not_triggered,6363.6328125
13,20,0,0.508620492457278,0.0075,NaN,NaN,1,0,not_triggered,6363.6328125
13,21,0,0.485520383837103,0.0069,NaN,NaN,1,0,not_triggered,6363.6328125
13,22,0,0.450891459112354,0.0065,NaN,NaN,1,0,not_triggered,6363.6328125
13,23,0,0.439363850349008,0.0087,NaN,NaN,1,0,not_triggered,6363.6328125
13,24,0,0.517618128082939,0.0072,NaN,NaN,1,0,not_triggered,6363.6328125
13,25,0,0.510186263032066,0.0077,NaN,NaN,1,0,not_triggered,6363.6328125
13,26,0,0.488086275919176,0.0073,NaN,NaN,1,0,not_triggered,6363.6328125
13,27,0,0.579988383181886,0.007,NaN,NaN,1,0,not_triggered,6363.6328125
13,28,1,0.600504446425083,2559.543,2559.543,12,1,0,Solve_Succeeded,6363.6015625
13,29,1,0.571704121431744,2560.0951,2560.0951,13,1,0,Solve_Succeeded,6363.6328125
13,30,1,0.75868970679635,2565.395,2565.395,15,1,0,Solve_Succeeded,6363.6328125
13,31,1,0.717806383748865,2563.6575,2563.6575,16,1,0,Solve_Succeeded,6363.6328125
13,32,1,0.648034124160697,2576.9527,2576.9527,17,1,0,Solve_Succeeded,6363.6328125
13,33,1,0.753250862271638,2573.8785,2573.8785,19,1,0,Solve_Succeeded,6363.6328125
13,34,1,0.775835605581002,2580.9083,2580.9083,19,1,0,Solve_Succeeded,6363.6328125
13,35,1,0.866585745655922,2569.4053,2569.4053,18,1,0,Solve_Succeeded,6363.6328125
13,36,1,0.858290453809159,2583.975,2583.975,20,1,0,Solve_Succeeded,6363.6328125
13,37,1,0.937519696709243,2597.7938,2597.7938,22,1,0,Solve_Succeeded,6363.6328125
13,38,1,0.89619755989879,2587.5528,2587.5528,22,1,0,Solve_Succeeded,6363.6328125
13,39,1,0.886221256884809,2577.9243,2577.9243,21,1,0,Solve_Succeeded,6363.6328125
13,40,1,0.934188525711929,2578.941,2578.941,18,1,0,Solve_Succeeded,6363.6328125
13,41,1,0.875686908950094,2571.1189,2571.1189,19,1,0,Solve_Succeeded,6363.6328125
13,42,1,0.927429467292033,2568.4027,2568.4027,18,1,0,Solve_Succeeded,6363.6328125
13,43,1,0.97164948021142,2568.8889,2568.8889,19,1,0,Solve_Succeeded,6363.6328125
13,44,1,0.910964722077736,2579.1738,2579.1738,23,1,0,Solve_Succeeded,6363.6328125
13,45,1,0.855126677119232,2577.1011,2577.1011,19,1,0,Solve_Succeeded,6363.6328125
13,46,1,0.958253525239948,2576.1869,2576.1869,21,1,0,Solve_Succeeded,6363.6328125
13,47,1,0.880583571910623,2583.4497,2583.4497,23,1,0,Solve_Succeeded,6363.6328125
13,48,1,0.848612824361293,2571.5737,2571.5737,19,1,0,Solve_Succeeded,6363.6328125
13,49,1,0.833422113024148,2595.1324,2595.1324,24,1,0,Solve_Succeeded,6363.6328125
13,50,1,0.953158549771899,2592.0191,2592.0191,24,1,0,Solve_Succeeded,6363.6328125
13,51,1,0.885814291799631,2584.568,2584.568,22,1,0,Solve_Succeeded,6363.6328125
13,52,1,0.842820268039037,2596.917,2596.917,25,1,0,Solve_Succeeded,6363.6328125
13,53,1,0.764527961517231,2586.6601,2586.6601,24,1,0,Solve_Succeeded,6363.6328125
13,54,1,0.842623253973473,2611.441,2611.441,28,1,0,Solve_Succeeded,6363.6328125
13,55,1,0.825698376752984,2607.6657,2607.6657,25,1,0,Solve_Succeeded,6363.6328125
13,56,1,0.757349493661637,2644.0788,2644.0788,41,1,0,Solve_Succeeded,6363.6328125
13,57,1,0.906547166146251,2611.0156,2611.0156,29,1,0,Solve_Succeeded,6363.6328125
13,58,1,0.92927691899262,2648.745,2648.745,41,1,0,Solve_Succeeded,6363.6328125
13,59,1,0.951811745085841,2616.0914,2616.0914,32,1,0,Solve_Succeeded,6363.6328125
13,60,1,0.949602854779217,2607.0914,2607.0914,29,1,0,Solve_Succeeded,6363.6328125
13,61,1,0.953736023729299,2595.8607,2595.8607,23,1,0,Solve_Succeeded,6363.6328125
13,62,1,0.958589359096698,2613.7262,2613.7262,25,1,0,Solve_Succeeded,6363.6328125
13,63,1,0.941150114155807,2606.4834,2606.4834,24,1,0,Solve_Succeeded,6363.6328125
13,64,1,0.897530460232116,2586.4028,2586.4028,20,1,0,Solve_Succeeded,6363.6328125
13,65,1,0.961295799874625,2598.1814,2598.1814,25,1,0,Solve_Succeeded,6363.6328125
13,66,1,0.909556812201132,2672.1796,2672.1796,27,1,0,Solve_Succeeded,6363.6328125
13,67,1,0.878767915702062,2634.184,2634.184,35,1,0,Solve_Succeeded,6363.6328125
13,68,1,0.907653974428072,2626.0482,2626.0482,31,1,0,Solve_Succeeded,6364.609375
13,69,1,0.879465117932325,2653.2673,2653.2673,44,1,0,Solve_Succeeded,6364.609375
13,70,1,0.911864077605306,2646.8517,2646.8517,44,1,0,Solve_Succeeded,6364.609375
13,71,1,0.902400685109617,2634.1104,2634.1104,42,1,0,Solve_Succeeded,6364.609375
13,72,1,0.767734915546762,2662.3829,2662.3829,53,1,0,Solve_Succeeded,6364.609375
13,73,1,0.738677256120968,2674.72,2674.72,56,1,0,Solve_Succeeded,6364.609375
13,74,1,0.814926696374845,2697.5621,2697.5621,58,1,0,Solve_Succeeded,6364.609375
13,75,1,0.831773318141286,2690.2997,2690.2997,56,1,0,Solve_Succeeded,6364.609375
13,76,1,0.842533026836549,2707.5704,2707.5704,64,1,0,Solve_Succeeded,6364.609375
13,77,1,0.84976721320854,2660.3285,2660.3285,50,1,0,Solve_Succeeded,6364.609375
13,78,1,0.721769519333214,2666.5178,2666.5178,51,1,0,Solve_Succeeded,6364.609375
13,79,1,0.795919106568549,2656.2461,2656.2461,48,1,0,Solve_Succeeded,6364.4765625
13,80,1,0.771792690452522,2646.1546,2646.1546,43,1,0,Solve_Succeeded,6364.4765625
13,81,1,0.800943060437862,2584.3973,2584.3973,22,1,0,Solve_Succeeded,6364.4765625
13,82,1,0.762108541750252,2585.958,2585.958,23,1,0,Solve_Succeeded,6364.4765625
13,83,1,0.817775436961832,2570.9509,2570.9509,18,1,0,Solve_Succeeded,6364.4765625
13,84,1,0.867908796333929,2572.5713,2572.5713,19,1,0,Solve_Succeeded,6364.4765625
13,85,1,0.909495341086831,2573.4317,2573.4317,18,1,0,Solve_Succeeded,6364.4765625
13,86,1,0.938271987118732,2576.2009,2576.2009,18,1,0,Solve_Succeeded,6364.4765625
13,87,1,0.952070082895343,2584.7817,2584.7817,19,1,0,Solve_Succeeded,6364.4765625
13,88,1,0.950460056742169,2570.3548,2570.3548,17,1,0,Solve_Succeeded,6364.4765625
13,89,1,0.933780522114888,2590.5328,2590.5328,22,1,0,Solve_Succeeded,6364.51171875
13,90,1,0.903077173520785,2581.4009,2581.4009,19,1,0,Solve_Succeeded,6344.7734375
13,91,1,0.858566569957735,2596.7247,2596.7247,24,1,0,Solve_Succeeded,6362.56640625
13,92,1,0.802877534633286,2586.5961,2586.5961,27,1,0,Solve_Succeeded,6363.52734375
13,93,1,0.737918700719855,2589.9217,2589.9217,24,1,0,Solve_Succeeded,6363.52734375
13,94,1,0.662922570590417,2579.6615,2579.6615,21,1,0,Solve_Succeeded,6363.53125
13,95,1,0.578113942017196,2567.7497,2567.7497,18,1,0,Solve_Succeeded,6363.53125
13,96,1,0.483746383392607,2579.2532,2579.2532,22,1,0,Solve_Succeeded,6363.53125
13,97,1,0.421529501707427,2587.5631,2587.5631,22,1,0,Solve_Succeeded,6363.53125
13,98,1,0.428943047403396,2574.3079,2574.3079,19,1,0,Solve_Succeeded,6363.53125
13,99,1,0.424716229468576,2589.1026,2589.1026,23,1,0,Solve_Succeeded,6363.53125
13,100,1,0.42488844741277,2577.5548,2577.5548,17,1,0,Solve_Succeeded,6363.53125
13,101,1,0.428003643327196,2571.4961,2571.4961,15,1,0,Solve_Succeeded,6363.52734375
13,102,1,0.424241144612896,2576.7522,2576.7522,18,1,0,Solve_Succeeded,6363.53125
13,103,1,0.396278463059571,2499.1597,2499.1597,14,1,0,Solve_Succeeded,6363.5625
13,104,1,0.396795516911934,2459.6047,2459.6047,12,1,0,Solve_Succeeded,6363.5625
13,105,1,0.400300854287802,2471.7555,2471.7555,13,1,0,Solve_Succeeded,6363.5625
13,106,1,0.396684142452042,2458.7924,2458.7924,12,1,0,Solve_Succeeded,6363.5625
13,107,1,0.390863244716332,2464.4638,2464.4638,12,1,0,Solve_Succeeded,6363.5625
13,108,1,0.39378350219061,2454.6988,2454.6988,12,1,0,Solve_Succeeded,6363.5625
13,109,1,0.393400275443261,2462.6853,2462.6853,13,1,0,Solve_Succeeded,6363.5625
13,110,1,0.397508109235827,2471.4567,2471.4567,17,1,0,Solve_Succeeded,6363.5625
13,111,1,0.393357786987624,2471.0347,2471.0347,17,1,0,Solve_Succeeded,6363.5625
13,112,1,0.397007738732473,2473.8476,2473.8476,15,1,0,Solve_Succeeded,6363.5625
13,113,1,0.401744102660027,2460.3521,2460.3521,13,1,0,Solve_Succeeded,6363.5625
13,114,1,0.390901263263045,2463.0281,2463.0281,13,1,0,Solve_Succeeded,6363.5625
13,115,1,0.395217896940029,2458.9129,2458.9129,12,1,0,Solve_Succeeded,6363.5625
13,116,1,0.395649261488103,2464.9608,2464.9608,13,1,0,Solve_Succeeded,6363.5625
13,117,1,0.394516401121425,2457.2828,2457.2828,11,1,0,Solve_Succeeded,6363.5625
13,118,1,0.394465685852789,2599.6187,2599.6187,11,1,0,Solve_Succeeded,6363.5625
13,119,1,0.394351993726651,2479.8479,2479.8479,11,1,0,Solve_Succeeded,6363.5625
13,120,1,0.395056115173432,2462.8548,2462.8548,11,1,0,Solve_Succeeded,6363.5625
13,121,1,0.389936883008274,2457.4478,2457.4478,10,1,0,Solve_Succeeded,6363.5625
13,122,1,0.391395446903501,2453.8846,2453.8846,8,1,0,Solve_Succeeded,6363.5625
13,123,1,0.393328900172173,2454.5703,2454.5703,10,1,0,Solve_Succeeded,6363.5625
13,124,1,0.390905669355335,2459.554,2459.554,10,1,0,Solve_Succeeded,6363.5625
13,125,1,0.397073041375387,2452.2597,2452.2597,9,1,0,Solve_Succeeded,6363.5625
13,126,1,0.393925100402197,2448.492,2448.492,8,1,0,Solve_Succeeded,6363.5625
13,127,1,0.398662797339047,2451.1431,2451.1431,8,1,0,Solve_Succeeded,6363.5625
13,128,1,0.400619430129235,2458.2155,2458.2155,9,1,0,Solve_Succeeded,6363.5625
13,129,1,0.401485206101934,2448.7935,2448.7935,9,1,0,Solve_Succeeded,6363.5625
13,130,1,0.401693336965399,2455.3759,2455.3759,9,1,0,Solve_Succeeded,6363.5625
13,131,1,0.367143292133644,2452.2882,2452.2882,8,1,0,Solve_Succeeded,6363.49609375
13,132,1,0.32728224850631,2451.1932,2451.1932,8,1,0,Solve_Succeeded,6363.49609375
13,133,1,0.29136425056287,2448.0788,2448.0788,8,1,0,Solve_Succeeded,6363.49609375
13,134,1,0.252984687231389,2449.4013,2449.4013,8,1,0,Solve_Succeeded,6363.49609375
13,135,1,0.218679274391365,2456.067,2456.067,9,1,0,Solve_Succeeded,6363.49609375
13,136,1,0.201513616292687,2455.0388,2455.0388,9,1,0,Solve_Succeeded,6363.49609375
13,137,0,0.174999877282541,0.0082,NaN,NaN,1,0,not_triggered,6363.49609375
13,138,0,0.155503749477188,0.0093,NaN,NaN,1,0,not_triggered,6363.49609375
14,1,0,0.317283312574886,0.0083,NaN,NaN,1,0,not_triggered,6363.49609375
14,2,0,0.311629332846622,0.0078,NaN,NaN,1,0,not_triggered,6363.49609375
14,3,0,0.324518748040319,0.0077,NaN,NaN,1,0,not_triggered,6363.49609375
14,4,0,0.317804071759405,0.0068,NaN,NaN,1,0,not_triggered,6363.49609375
14,5,0,0.327939628622865,0.014,NaN,NaN,1,0,not_triggered,6363.49609375
14,6,0,0.326476886358106,0.0093,NaN,NaN,1,0,not_triggered,6363.49609375
14,7,0,0.323970473693985,0.0086,NaN,NaN,1,0,not_triggered,6363.49609375
14,8,0,0.322455631672664,0.0078,NaN,NaN,1,0,not_triggered,6363.49609375
14,9,0,0.327138913808216,0.0086,NaN,NaN,1,0,not_triggered,6363.49609375
14,10,0,0.328576565968648,0.0069,NaN,NaN,1,0,not_triggered,6363.49609375
14,11,0,0.338472704144952,0.007,NaN,NaN,1,0,not_triggered,6363.49609375
14,12,0,0.343743610335044,0.0066,NaN,NaN,1,0,not_triggered,6363.49609375
14,13,0,0.361674000864064,0.0064,NaN,NaN,1,0,not_triggered,6363.49609375
14,14,0,0.356572424602917,0.0064,NaN,NaN,1,0,not_triggered,6363.49609375
14,15,0,0.360602200856423,0.0055,NaN,NaN,1,0,not_triggered,6363.49609375
14,16,0,0.380487688577417,0.0051,NaN,NaN,1,0,not_triggered,6363.49609375
14,17,0,0.393165747619918,0.0056,NaN,NaN,1,0,not_triggered,6363.49609375
14,18,0,0.391197144000548,0.0056,NaN,NaN,1,0,not_triggered,6363.49609375
14,19,0,0.408307598645011,0.0054,NaN,NaN,1,0,not_triggered,6363.49609375
14,20,0,0.406087836778417,0.0053,NaN,NaN,1,0,not_triggered,6363.49609375
14,21,0,0.440623241872123,0.0054,NaN,NaN,1,0,not_triggered,6363.49609375
14,22,0,0.429073029225808,0.0049,NaN,NaN,1,0,not_triggered,6363.49609375
14,23,0,0.479510408223689,0.0052,NaN,NaN,1,0,not_triggered,6363.49609375
14,24,0,0.444954074349744,0.0053,NaN,NaN,1,0,not_triggered,6363.49609375
14,25,0,0.495403287792017,0.0056,NaN,NaN,1,0,not_triggered,6363.49609375
14,26,0,0.490880760295378,0.0054,NaN,NaN,1,0,not_triggered,6363.49609375
14,27,0,0.58171375037826,0.0059,NaN,NaN,1,0,not_triggered,6363.49609375
14,28,1,0.608914181451643,2464.5082,2464.5082,14,1,0,Solve_Succeeded,6363.49609375
14,29,1,0.570375256492286,2468.1976,2468.1976,13,1,0,Solve_Succeeded,6363.49609375
14,30,1,0.597668057424539,2467.8555,2467.8555,16,1,0,Solve_Succeeded,6363.49609375
14,31,1,0.664528412912496,2502.1234,2502.1234,18,1,0,Solve_Succeeded,6356.58984375
14,32,1,0.706065299168301,2471.5982,2471.5982,19,1,0,Solve_Succeeded,6356.58984375
14,33,1,0.649463562021268,2480.5883,2480.5883,15,1,0,Solve_Succeeded,6356.58984375
14,34,1,0.653002105874964,2488.0971,2488.0971,20,1,0,Solve_Succeeded,6356.59375
14,35,1,0.757356754487079,2479.3091,2479.3091,21,1,0,Solve_Succeeded,6356.59375
14,36,1,0.734421104090529,2488.4837,2488.4837,19,1,0,Solve_Succeeded,6356.59375
14,37,1,0.668249092503493,2475.045,2475.045,21,1,0,Solve_Succeeded,6356.59375
14,38,1,0.802602838253123,2483.7245,2483.7245,21,1,0,Solve_Succeeded,6356.59375
14,39,1,0.738298818707115,2476.0143,2476.0143,17,1,0,Solve_Succeeded,6356.59375
14,40,1,0.712193120105816,2468.1099,2468.1099,18,1,0,Solve_Succeeded,6356.59375
14,41,1,0.7220045642634,2485.038,2485.038,18,1,0,Solve_Succeeded,6356.59375
14,42,1,0.7387215085039,2477.1319,2477.1319,18,1,0,Solve_Succeeded,6356.59375
14,43,1,0.707234731198105,2490.1227,2490.1227,24,1,0,Solve_Succeeded,6356.59375
14,44,1,0.674091803713517,2482.3027,2482.3027,20,1,0,Solve_Succeeded,6356.59375
14,45,1,0.87405019348685,2476.3323,2476.3323,20,1,0,Solve_Succeeded,6356.59375
14,46,1,0.712046618286542,2474.3143,2474.3143,18,1,0,Solve_Succeeded,6356.59375
14,47,1,0.784678378679608,2473.7777,2473.7777,21,1,0,Solve_Succeeded,6356.59375
14,48,1,0.707415491570583,2475.5059,2475.5059,19,1,0,Solve_Succeeded,6356.59375
14,49,1,0.729143330621874,2485.5083,2485.5083,20,1,0,Solve_Succeeded,6356.59375
14,50,1,0.866587880378972,2474.7919,2474.7919,18,1,0,Solve_Succeeded,6356.59375
14,51,1,0.894416163928666,2498.7205,2498.7205,25,1,0,Solve_Succeeded,6356.59375
14,52,1,0.949615692999658,2483.5294,2483.5294,21,1,0,Solve_Succeeded,6356.59375
14,53,1,0.927878466310677,2482.1707,2482.1707,21,1,0,Solve_Succeeded,6356.59375
14,54,1,0.930295994172224,2499.3723,2499.3723,25,1,0,Solve_Succeeded,6356.59375
14,55,1,0.874187942134437,2523.7027,2523.7027,33,1,0,Solve_Succeeded,6356.59375
14,56,1,0.936532812026798,2513.4208,2513.4208,30,1,0,Solve_Succeeded,6356.59375
14,57,1,0.941879221375116,2505.8888,2505.8888,26,1,0,Solve_Succeeded,6356.6640625
14,58,1,0.92781436769828,2514.642,2514.642,30,1,0,Solve_Succeeded,6356.6640625
14,59,1,0.929376212949236,2503.3582,2503.3582,27,1,0,Solve_Succeeded,6356.6640625
14,60,1,0.944234763378935,2478.2614,2478.2614,18,1,0,Solve_Succeeded,6356.6640625
14,61,1,0.928043135606352,2491.1198,2491.1198,22,1,0,Solve_Succeeded,6356.6953125
14,62,1,0.937259496875179,2494.0557,2494.0557,24,1,0,Solve_Succeeded,6356.6953125
14,63,1,0.934405476197288,2487.461,2487.461,26,1,0,Solve_Succeeded,6356.6953125
14,64,1,0.929522351466725,2497.987,2497.987,26,1,0,Solve_Succeeded,6356.6953125
14,65,1,0.936119348584875,2529.1568,2529.1568,30,1,0,Solve_Succeeded,6337.03515625
14,66,1,0.943977764019877,2527.5273,2527.5273,32,1,0,Solve_Succeeded,6355.7109375
14,67,1,0.945032601305641,2560.3741,2560.3741,43,1,0,Solve_Succeeded,6355.71484375
14,68,1,0.952889415660848,2551.6906,2551.6906,45,1,0,Solve_Succeeded,6355.71484375
14,69,1,0.812689639955654,2605.7248,2605.7248,58,1,0,Solve_Succeeded,6356.69140625
14,70,1,0.839309785358649,2641.9614,2641.9614,73,1,0,Solve_Succeeded,6356.69140625
14,71,1,0.930861677986307,2583.8691,2583.8691,59,1,0,Solve_Succeeded,6356.69140625
14,72,1,0.863282156254117,2557.9078,2557.9078,47,1,0,Solve_Succeeded,6356.69140625
14,73,1,0.819366403034896,2604.0999,2604.0999,67,1,0,Solve_Succeeded,6356.69140625
14,74,1,0.825559516749188,2559.9615,2559.9615,51,1,0,Solve_Succeeded,6356.69140625
14,75,1,0.894274549839132,2545.5072,2545.5072,39,1,0,Solve_Succeeded,6356.69140625
14,76,1,0.762012592256707,2571.907,2571.907,54,1,0,Solve_Succeeded,6356.69140625
14,77,1,0.724232210559562,2573.3282,2573.3282,54,1,0,Solve_Succeeded,6356.69140625
14,78,1,0.801413819321489,2472.4909,2472.4909,14,1,0,Solve_Succeeded,6356.69140625
14,79,1,0.801054502699144,2484.6122,2484.6122,23,1,0,Solve_Succeeded,6356.69140625
14,80,1,0.856315655646039,2482.3986,2482.3986,20,1,0,Solve_Succeeded,6356.69140625
14,81,1,0.898392814276976,2489.3695,2489.3695,23,1,0,Solve_Succeeded,6356.69140625
14,82,1,0.925764084879947,2468.9557,2468.9557,15,1,0,Solve_Succeeded,6356.69140625
14,83,1,0.937394610866568,2467.9089,2467.9089,17,1,0,Solve_Succeeded,6336.6875
14,84,1,0.93298013727839,2467.4698,2467.4698,13,1,0,Solve_Succeeded,6355.7109375
14,85,1,0.913042479388666,2462.6502,2462.6502,16,1,0,Solve_Succeeded,6355.7109375
14,86,1,0.878824832985761,2539.3193,2539.3193,16,1,0,Solve_Succeeded,6355.7109375
14,87,1,0.832038205600016,2472.4794,2472.4794,17,1,0,Solve_Succeeded,6355.7109375
14,88,1,0.774474915400776,2478.1651,2478.1651,16,1,0,Solve_Succeeded,6355.71484375
14,89,1,0.706646965949125,2474.8306,2474.8306,18,1,0,Solve_Succeeded,6355.71484375
14,90,1,0.630501008290465,2468.1121,2468.1121,16,1,0,Solve_Succeeded,6355.71484375
14,91,1,0.547589139833781,2467.5303,2467.5303,17,1,0,Solve_Succeeded,6355.71484375
14,92,1,0.459004199031954,2466.2135,2466.2135,16,1,0,Solve_Succeeded,6355.71484375
14,93,1,0.445233662218811,2462.0665,2462.0665,13,1,0,Solve_Succeeded,6355.71484375
14,94,1,0.380447809959276,2463.2745,2463.2745,14,1,0,Solve_Succeeded,6355.71484375
14,95,1,0.42715511470346,2462.0108,2462.0108,16,1,0,Solve_Succeeded,6355.71484375
14,96,1,0.384443126045188,2477.1307,2477.1307,16,1,0,Solve_Succeeded,6355.71484375
14,97,1,0.380612725763151,2467.4573,2467.4573,15,1,0,Solve_Succeeded,6355.71484375
14,98,1,0.381005237363933,2467.5091,2467.5091,12,1,0,Solve_Succeeded,6355.71484375
14,99,1,0.379337644939144,2446.1919,2446.1919,11,1,0,Solve_Succeeded,6355.71484375
14,100,1,0.418951957473415,2457.901,2457.901,12,1,0,Solve_Succeeded,6355.71484375
14,101,1,0.489525017815078,2456.2569,2456.2569,11,1,0,Solve_Succeeded,6355.609375
14,102,1,0.548357815721602,2454.5556,2454.5556,11,1,0,Solve_Succeeded,6355.609375
14,103,1,0.592678734040615,2456.5206,2456.5206,11,1,0,Solve_Succeeded,6355.609375
14,104,1,0.616967313318182,2457.1106,2457.1106,12,1,0,Solve_Succeeded,6355.609375
14,105,1,0.616867791416256,2461.0331,2461.0331,13,1,0,Solve_Succeeded,6355.609375
14,106,1,0.591254841185788,2467.982,2467.982,12,1,0,Solve_Succeeded,6355.609375
14,107,1,0.542745105621353,2457.6013,2457.6013,13,1,0,Solve_Succeeded,6355.609375
14,108,1,0.476087153078711,2466.9034,2466.9034,14,1,0,Solve_Succeeded,6355.609375
14,109,1,0.396158455304856,2453.8348,2453.8348,12,1,0,Solve_Succeeded,6355.609375
14,110,1,0.378932485450389,2472.7538,2472.7538,13,1,0,Solve_Succeeded,6355.64453125
14,111,1,0.431337758352985,2458.1233,2458.1233,12,1,0,Solve_Succeeded,6355.64453125
14,112,1,0.470477385732534,2451.917,2451.917,11,1,0,Solve_Succeeded,6355.64453125
14,113,1,0.494865338454294,2460.7786,2460.7786,10,1,0,Solve_Succeeded,6355.64453125
14,114,1,0.503714830743413,2446.3164,2446.3164,10,1,0,Solve_Succeeded,6355.64453125
14,115,1,0.49686105946266,2453.0473,2453.0473,9,1,0,Solve_Succeeded,6355.64453125
14,116,1,0.47472631160489,2453.344,2453.344,10,1,0,Solve_Succeeded,6355.64453125
14,117,1,0.43829983110787,2451.0745,2451.0745,9,1,0,Solve_Succeeded,6356.62109375
14,118,1,0.388953965670503,2450.1454,2450.1454,9,1,0,Solve_Succeeded,6356.62109375
14,119,1,0.37673337384262,2438.2881,2438.2881,8,1,0,Solve_Succeeded,6356.62109375
14,120,1,0.373534576640182,2457.436,2457.436,7,1,0,Solve_Succeeded,6356.62109375
14,121,1,0.376737570390124,2443.3968,2443.3968,8,1,0,Solve_Succeeded,6356.62109375
14,122,1,0.378520603544386,2453.2534,2453.2534,9,1,0,Solve_Succeeded,6356.62109375
14,123,1,0.377053577863608,2445.1139,2445.1139,9,1,0,Solve_Succeeded,6356.62109375
14,124,1,0.381336354063666,2437.1063,2437.1063,7,1,0,Solve_Succeeded,6356.62109375
14,125,1,0.370639025495548,2450.5747,2450.5747,8,1,0,Solve_Succeeded,6356.62109375
14,126,1,0.329423013014694,2470.115,2470.115,8,1,0,Solve_Succeeded,6356.62109375
14,127,1,0.287017117531355,2467.5167,2467.5167,8,1,0,Solve_Succeeded,6356.62109375
14,128,1,0.251427733482422,2478.1843,2478.1843,8,1,0,Solve_Succeeded,6356.58984375
14,129,1,0.216644500218792,2465.4045,2465.4045,8,1,0,Solve_Succeeded,6356.58984375
14,130,0,0.188143766113734,0.0144,NaN,NaN,1,0,not_triggered,6356.58984375
14,131,0,0.163132695842778,0.0084,NaN,NaN,1,0,not_triggered,6356.58984375
14,132,0,0.13785394177381,0.0083,NaN,NaN,1,0,not_triggered,6356.58984375
15,1,0,0.308298577560434,0.0082,NaN,NaN,1,0,not_triggered,6364.50390625
15,2,0,0.305289371973535,0.0066,NaN,NaN,1,0,not_triggered,6364.50390625
15,3,0,0.307252856049307,0.0059,NaN,NaN,1,0,not_triggered,6364.50390625
15,4,0,0.316447209328815,0.0063,NaN,NaN,1,0,not_triggered,6364.50390625
15,5,0,0.307121036605598,0.0057,NaN,NaN,1,0,not_triggered,6364.50390625
15,6,0,0.313519691404539,0.0054,NaN,NaN,1,0,not_triggered,6364.50390625
15,7,0,0.312181077332299,0.0057,NaN,NaN,1,0,not_triggered,6364.50390625
15,8,0,0.314026172811341,0.0059,NaN,NaN,1,0,not_triggered,6364.50390625
15,9,0,0.312633493882461,0.0059,NaN,NaN,1,0,not_triggered,6364.50390625
15,10,0,0.323280450111472,0.0068,NaN,NaN,1,0,not_triggered,6364.50390625
15,11,0,0.332312049623709,0.0062,NaN,NaN,1,0,not_triggered,6364.50390625
15,12,0,0.339675248657904,0.0061,NaN,NaN,1,0,not_triggered,6364.50390625
15,13,0,0.337145037652056,0.0063,NaN,NaN,1,0,not_triggered,6364.50390625
15,14,0,0.357728744357719,0.0067,NaN,NaN,1,0,not_triggered,6364.50390625
15,15,0,0.351147042227852,0.0059,NaN,NaN,1,0,not_triggered,6364.50390625
15,16,0,0.381119474815541,0.0061,NaN,NaN,1,0,not_triggered,6364.50390625
15,17,0,0.423627867692949,0.0062,NaN,NaN,1,0,not_triggered,6364.50390625
15,18,0,0.370427152715958,0.0061,NaN,NaN,1,0,not_triggered,6364.50390625
15,19,0,0.401987729295898,0.0055,NaN,NaN,1,0,not_triggered,6364.50390625
15,20,0,0.412876130225756,0.0055,NaN,NaN,1,0,not_triggered,6364.50390625
15,21,0,0.476572120254272,0.0056,NaN,NaN,1,0,not_triggered,6364.50390625
15,22,0,0.449316236110177,0.0057,NaN,NaN,1,0,not_triggered,6364.50390625
15,23,0,0.471258866092573,0.0053,NaN,NaN,1,0,not_triggered,6364.50390625
15,24,0,0.457483237836623,0.0057,NaN,NaN,1,0,not_triggered,6364.50390625
15,25,0,0.492681829548584,0.0051,NaN,NaN,1,0,not_triggered,6364.50390625
15,26,0,0.542569954523338,0.0056,NaN,NaN,1,0,not_triggered,6364.50390625
15,27,0,0.571165432417019,0.0052,NaN,NaN,1,0,not_triggered,6364.50390625
15,28,0,0.559440749333963,0.006,NaN,NaN,1,0,not_triggered,6364.50390625
15,29,1,0.600662085995201,2486.3466,2486.3466,14,1,0,Solve_Succeeded,6364.50390625
15,30,1,0.610054506356642,2500.0762,2500.0762,15,1,0,Solve_Succeeded,6364.50390625
15,31,1,0.629568304436377,2504.5416,2504.5416,17,1,0,Solve_Succeeded,6364.50390625
15,32,1,0.655556944397323,2497.9977,2497.9977,15,1,0,Solve_Succeeded,6364.50390625
15,33,1,0.677569133673902,2498.017,2498.017,14,1,0,Solve_Succeeded,6364.50390625
15,34,1,0.82852104730574,2511.3372,2511.3372,19,1,0,Solve_Succeeded,6364.50390625
15,35,1,0.673771060968959,2507.0478,2507.0478,18,1,0,Solve_Succeeded,6364.50390625
15,36,1,0.745333203968659,2519.7426,2519.7426,22,1,0,Solve_Succeeded,6364.50390625
15,37,1,0.837713480971061,2513.3786,2513.3786,21,1,0,Solve_Succeeded,6364.50390625
15,38,1,0.732831994047588,2514.6821,2514.6821,21,1,0,Solve_Succeeded,6364.50390625
15,39,1,0.720444996157783,2508.0241,2508.0241,21,1,0,Solve_Succeeded,6364.50390625
15,40,1,0.858694406477694,2503.7908,2503.7908,17,1,0,Solve_Succeeded,6364.50390625
15,41,1,0.786382467672124,2494.3731,2494.3731,23,1,0,Solve_Succeeded,6364.50390625
15,42,1,0.868456415968316,2483.9978,2483.9978,20,1,0,Solve_Succeeded,6364.5078125
15,43,1,0.889065535200827,2488.6152,2488.6152,22,1,0,Solve_Succeeded,6364.5078125
15,44,1,0.784433199562366,2477.7804,2477.7804,23,1,0,Solve_Succeeded,6364.5078125
15,45,1,0.758639813565936,2482.4204,2482.4204,19,1,0,Solve_Succeeded,6345.15234375
15,46,1,0.909092957054829,2477.5799,2477.5799,20,1,0,Solve_Succeeded,6345.4765625
15,47,1,0.922883428782152,2481.0874,2481.0874,17,1,0,Solve_Succeeded,6363.49609375
15,48,1,0.816603539764989,2484.2047,2484.2047,21,1,0,Solve_Succeeded,6363.52734375
15,49,1,0.928767134959024,2461.3178,2461.3178,13,1,0,Solve_Succeeded,6363.52734375
15,50,1,0.827108471831648,2491.8942,2491.8942,21,1,0,Solve_Succeeded,6363.52734375
15,51,1,0.944298777657781,2485.8663,2485.8663,24,1,0,Solve_Succeeded,6363.52734375
15,52,1,0.921224700842333,2485.4629,2485.4629,22,1,0,Solve_Succeeded,6363.52734375
15,53,1,0.940674641996807,2500.5222,2500.5222,25,1,0,Solve_Succeeded,6363.49609375
15,54,1,0.943506018285821,2517.6148,2517.6148,29,1,0,Solve_Succeeded,6363.49609375
15,55,1,0.954842526990109,2543.4278,2543.4278,40,1,0,Solve_Succeeded,6363.49609375
15,56,1,0.933845936268127,2498.5008,2498.5008,24,1,0,Solve_Succeeded,6363.49609375
15,57,1,0.929565807398142,2481.8982,2481.8982,21,1,0,Solve_Succeeded,6363.49609375
15,58,1,0.937159383151158,2488.5384,2488.5384,21,1,0,Solve_Succeeded,6363.49609375
15,59,1,0.930118848537944,2506.8695,2506.8695,27,1,0,Solve_Succeeded,6363.49609375
15,60,1,0.938950131547138,2468.9272,2468.9272,16,1,0,Solve_Succeeded,6363.49609375
15,61,1,0.933781854625728,2519.3441,2519.3441,31,1,0,Solve_Succeeded,6363.49609375
15,62,1,0.921085137381357,2492.9679,2492.9679,26,1,0,Solve_Succeeded,6363.53125
15,63,1,0.942081890654677,2487.6543,2487.6543,22,1,0,Solve_Succeeded,6363.53125
15,64,1,0.922717885597815,2509.1457,2509.1457,26,1,0,Solve_Succeeded,6363.53125
15,65,1,0.926305792376679,2501.6663,2501.6663,26,1,0,Solve_Succeeded,6363.53125
15,66,1,0.944739710593096,2526.8694,2526.8694,35,1,0,Solve_Succeeded,6363.53125
15,67,1,0.960428173478751,2517.6184,2517.6184,31,1,0,Solve_Succeeded,6363.53125
15,68,1,0.927478412951122,2545.9629,2545.9629,38,1,0,Solve_Succeeded,6363.53125
15,69,1,0.951339980515894,2592.9518,2592.9518,55,1,0,Solve_Succeeded,6363.53125
15,70,1,0.945939105862106,2596.4105,2596.4105,57,1,0,Solve_Succeeded,6344.59765625
15,71,1,0.905331432202793,2617.6788,2617.6788,66,1,0,Solve_Succeeded,6363.52734375
15,72,1,0.911896208201538,2594.3662,2594.3662,55,1,0,Solve_Succeeded,6363.60546875
15,73,1,0.95101174673617,2619.9689,2619.9689,61,1,0,Solve_Succeeded,6363.60546875
15,74,1,0.946831276684837,2563.6339,2563.6339,48,1,0,Solve_Succeeded,6363.60546875
15,75,1,0.870657885542838,2569.8327,2569.8327,55,1,0,Solve_Succeeded,6363.60546875
15,76,1,0.837378861802091,2569.9999,2569.9999,54,1,0,Solve_Succeeded,6363.60546875
15,77,1,0.744539988848503,2543.6572,2543.6572,43,1,0,Solve_Succeeded,6363.60546875
15,78,1,0.777452713758055,2480.5218,2480.5218,17,1,0,Solve_Succeeded,6363.63671875
15,79,1,0.774929143380047,2489.8468,2489.8468,24,1,0,Solve_Succeeded,6363.63671875
15,80,1,0.823072292892062,2515.0766,2515.0766,30,1,0,Solve_Succeeded,6363.63671875
15,81,1,0.873907655207783,2491.2382,2491.2382,25,1,0,Solve_Succeeded,6363.63671875
15,82,1,0.911370798423019,2486.0518,2486.0518,21,1,0,Solve_Succeeded,6363.63671875
15,83,1,0.934098575392401,2484.7165,2484.7165,18,1,0,Solve_Succeeded,6363.63671875
15,84,1,0.9412670099539,2481.7217,2481.7217,20,1,0,Solve_Succeeded,6363.63671875
15,85,1,0.93279402766549,2472.3224,2472.3224,16,1,0,Solve_Succeeded,6363.63671875
15,86,1,0.909380725344801,2460.5795,2460.5795,15,1,0,Solve_Succeeded,6363.63671875
15,87,1,0.872367385326261,2491.5055,2491.5055,22,1,0,Solve_Succeeded,6363.63671875
15,88,1,0.82347370812936,2501.7814,2501.7814,22,1,0,Solve_Succeeded,6364.61328125
15,89,1,0.764504539984141,2474.8075,2474.8075,17,1,0,Solve_Succeeded,6364.61328125
15,90,1,0.695950495152181,2487.4576,2487.4576,20,1,0,Solve_Succeeded,6364.61328125
15,91,1,0.618380492981422,2482.9147,2482.9147,23,1,0,Solve_Succeeded,6364.61328125
15,92,1,0.536283528378679,2475.7183,2475.7183,17,1,0,Solve_Succeeded,6364.61328125
15,93,1,0.450555711977066,2532.0399,2532.0399,24,1,0,Solve_Succeeded,6364.61328125
15,94,1,0.444165356202499,2463.3325,2463.3325,15,1,0,Solve_Succeeded,6364.6484375
15,95,1,0.456253861150229,2472.0218,2472.0218,14,1,0,Solve_Succeeded,6364.6484375
15,96,1,0.430640593440403,2465.2633,2465.2633,16,1,0,Solve_Succeeded,6364.6484375
15,97,1,0.426828320726907,2478.1534,2478.1534,15,1,0,Solve_Succeeded,6364.6484375
15,98,1,0.381103642731637,2463.7748,2463.7748,15,1,0,Solve_Succeeded,6364.6484375
15,99,1,0.38360542263165,2459.8602,2459.8602,13,1,0,Solve_Succeeded,6364.6484375
15,100,1,0.381951441904007,2470.8209,2470.8209,13,1,0,Solve_Succeeded,6364.6484375
15,101,1,0.472479892420195,2463.0647,2463.0647,12,1,0,Solve_Succeeded,6364.6484375
15,102,1,0.560630302281726,2531.3055,2531.3055,11,1,0,Solve_Succeeded,6364.6484375
15,103,1,0.632680919202062,2456.1159,2456.1159,10,1,0,Solve_Succeeded,6364.6484375
15,104,1,0.678688502688249,2461.7772,2461.7772,11,1,0,Solve_Succeeded,6364.6484375
15,105,1,0.697314622299603,2469.6284,2469.6284,10,1,0,Solve_Succeeded,6364.51171875
15,106,1,0.685176424502839,2465.9641,2465.9641,11,1,0,Solve_Succeeded,6364.51171875
15,107,1,0.643791598769551,2467.3901,2467.3901,14,1,0,Solve_Succeeded,6364.4765625
15,108,1,0.579213526989446,2457.4544,2457.4544,13,1,0,Solve_Succeeded,6364.4765625
15,109,1,0.498202004888194,2463.2644,2463.2644,13,1,0,Solve_Succeeded,6364.4765625
15,110,1,0.406062754024129,2461.6012,2461.6012,13,1,0,Solve_Succeeded,6364.4765625
15,111,1,0.378350169899481,2466.5209,2466.5209,12,1,0,Solve_Succeeded,6364.4765625
15,112,1,0.38192646298625,2459.7559,2459.7559,11,1,0,Solve_Succeeded,6364.4765625
15,113,1,0.378340032111094,2458.7933,2458.7933,12,1,0,Solve_Succeeded,6364.4765625
15,114,1,0.377805393977791,2453.1218,2453.1218,10,1,0,Solve_Succeeded,6364.4765625
15,115,1,0.384188167228548,2457.5379,2457.5379,9,1,0,Solve_Succeeded,6364.51171875
15,116,1,0.383077318155603,2449.9374,2449.9374,10,1,0,Solve_Succeeded,6364.51171875
15,117,1,0.380761258340113,2455.4557,2455.4557,10,1,0,Solve_Succeeded,6364.51171875
15,118,1,0.378575928505204,2458.1168,2458.1168,10,1,0,Solve_Succeeded,6364.51171875
15,119,1,0.381596078031496,2463.3427,2463.3427,10,1,0,Solve_Succeeded,6364.51171875
15,120,1,0.378881723883118,2456.326,2456.326,8,1,0,Solve_Succeeded,6364.51171875
15,121,1,0.384126158779212,2456.3147,2456.3147,7,1,0,Solve_Succeeded,6364.51171875
15,122,1,0.381266797630232,2450.1486,2450.1486,9,1,0,Solve_Succeeded,6344.88671875
15,123,1,0.381090149925493,2457.3348,2457.3348,9,1,0,Solve_Succeeded,6363.5
15,124,1,0.384175237742891,2451.206,2451.206,9,1,0,Solve_Succeeded,6363.53125
15,125,1,0.381416619472204,2533.1526,2533.1526,7,1,0,Solve_Succeeded,6363.58203125
15,126,1,0.384425237911138,2451.98,2451.98,7,1,0,Solve_Succeeded,6363.58203125
15,127,1,0.346536112102355,2448.4135,2448.4135,7,1,0,Solve_Succeeded,6363.56640625
15,128,1,0.306652778781611,2452.1821,2452.1821,7,1,0,Solve_Succeeded,6363.56640625
15,129,1,0.272679129016299,2450.1582,2450.1582,8,1,0,Solve_Succeeded,6363.56640625
15,130,1,0.234218287623782,2452.4808,2452.4808,8,1,0,Solve_Succeeded,6363.56640625
15,131,1,0.203748323351522,2452.5125,2452.5125,7,1,0,Solve_Succeeded,6363.56640625
15,132,0,0.173731182485025,0.0086,NaN,NaN,1,0,not_triggered,6363.56640625
15,133,0,0.148434164772563,0.0082,NaN,NaN,1,0,not_triggered,6363.56640625
16,1,0,0.323515632038746,0.0085,NaN,NaN,1,0,not_triggered,6363.56640625
16,2,0,0.320088930364129,0.0068,NaN,NaN,1,0,not_triggered,6363.56640625
16,3,0,0.316040926136007,0.0072,NaN,NaN,1,0,not_triggered,6363.56640625
16,4,0,0.318086737255257,0.0057,NaN,NaN,1,0,not_triggered,6363.56640625
16,5,0,0.323106409121909,0.0058,NaN,NaN,1,0,not_triggered,6363.56640625
16,6,0,0.313003315248401,0.0064,NaN,NaN,1,0,not_triggered,6363.56640625
16,7,0,0.326271305248656,0.0062,NaN,NaN,1,0,not_triggered,6363.56640625
16,8,0,0.329498469415595,0.0055,NaN,NaN,1,0,not_triggered,6363.56640625
16,9,0,0.322537585853065,0.0057,NaN,NaN,1,0,not_triggered,6363.56640625
16,10,0,0.337325147705613,0.0065,NaN,NaN,1,0,not_triggered,6363.56640625
16,11,0,0.332902776643558,0.0064,NaN,NaN,1,0,not_triggered,6363.56640625
16,12,0,0.348575374314372,0.0057,NaN,NaN,1,0,not_triggered,6363.56640625
16,13,0,0.376098711397621,0.0071,NaN,NaN,1,0,not_triggered,6363.56640625
16,14,0,0.345891332886969,0.0064,NaN,NaN,1,0,not_triggered,6363.56640625
16,15,0,0.365857495059361,0.0052,NaN,NaN,1,0,not_triggered,6363.56640625
16,16,0,0.462121220241084,0.0058,NaN,NaN,1,0,not_triggered,6363.56640625
16,17,0,0.382173731974381,0.0054,NaN,NaN,1,0,not_triggered,6363.56640625
16,18,0,0.389665432281494,0.0056,NaN,NaN,1,0,not_triggered,6363.56640625
16,19,0,0.438686886083179,0.0054,NaN,NaN,1,0,not_triggered,6363.56640625
16,20,0,0.439535220524335,0.0056,NaN,NaN,1,0,not_triggered,6363.56640625
16,21,0,0.43010745156909,0.0054,NaN,NaN,1,0,not_triggered,6363.56640625
16,22,0,0.455244430337345,0.0058,NaN,NaN,1,0,not_triggered,6363.56640625
16,23,0,0.462627824316757,0.0055,NaN,NaN,1,0,not_triggered,6363.56640625
16,24,0,0.464993415663235,0.0052,NaN,NaN,1,0,not_triggered,6363.56640625
16,25,0,0.520193850284263,0.0074,NaN,NaN,1,0,not_triggered,6363.56640625
16,26,0,0.560593685354711,0.0063,NaN,NaN,1,0,not_triggered,6363.56640625
16,27,0,0.549744428997033,0.0064,NaN,NaN,1,0,not_triggered,6363.56640625
16,28,0,0.552456157602183,0.006,NaN,NaN,1,0,not_triggered,6363.56640625
16,29,1,0.639593886009904,2468.673,2468.673,15,1,0,Solve_Succeeded,6363.56640625
16,30,1,0.576651484178266,2477.1147,2477.1147,16,1,0,Solve_Succeeded,6363.56640625
16,31,1,0.614794999675072,2470.2738,2470.2738,16,1,0,Solve_Succeeded,6363.56640625
16,32,1,0.84174472590911,2485.6628,2485.6628,17,1,0,Solve_Succeeded,6363.56640625
16,33,1,0.686141178144219,2477.6486,2477.6486,16,1,0,Solve_Succeeded,6363.56640625
16,34,1,0.680270064153194,2631.7943,2631.7943,20,1,0,Solve_Succeeded,6355.65234375
16,35,1,0.74194505400079,2901.0807,2901.0807,20,1,0,Solve_Succeeded,6355.6171875
16,36,1,0.833463443409317,2684.6077,2684.6077,21,1,0,Solve_Succeeded,6355.6171875
16,37,1,0.820630079671072,2658.262,2658.262,23,1,0,Solve_Succeeded,6355.6171875
16,38,1,0.756255327091094,2715.1281,2715.1281,26,1,0,Solve_Succeeded,6355.6875
16,39,1,0.858474558715657,2705.2333,2705.2333,22,1,0,Solve_Succeeded,6355.6875
16,40,1,0.867547451569102,2650.0651,2650.0651,19,1,0,Solve_Succeeded,6355.6875
16,41,1,0.882620503277257,2741.7665,2741.7665,20,1,0,Solve_Succeeded,6355.6875
16,42,1,0.876465719145497,2651.6864,2651.6864,20,1,0,Solve_Succeeded,6355.6875
16,43,1,0.794807449920609,2721.8081,2721.8081,29,1,0,Solve_Succeeded,6355.6875
16,44,1,0.964189322999414,2713.0843,2713.0843,21,1,0,Solve_Succeeded,6355.6875
16,45,1,0.957064527925423,2742.4951,2742.4951,19,1,0,Solve_Succeeded,6355.6875
16,46,1,0.890809406305483,2715.5196,2715.5196,20,1,0,Solve_Succeeded,6355.6875
16,47,1,0.947375875867804,2645.1674,2645.1674,19,1,0,Solve_Succeeded,6355.6875
16,48,1,0.947078654197297,2682.3369,2682.3369,23,1,0,Solve_Succeeded,6355.6875
16,49,1,0.996943049491141,2719.7349,2719.7349,23,1,0,Solve_Succeeded,6355.6875
16,50,1,0.995807922612707,2766.6172,2766.6172,25,1,0,Solve_Succeeded,6355.6875
16,51,1,0.914610290785048,2650.5991,2650.5991,23,1,0,Solve_Succeeded,6355.6875
16,52,1,0.913679340704264,2734.1449,2734.1449,26,1,0,Solve_Succeeded,6355.6875
16,53,1,0.836020352799321,2764.9501,2764.9501,27,1,0,Solve_Succeeded,6336.66796875
16,54,1,1.01797527520552,2702.4721,2702.4721,33,1,0,Solve_Succeeded,6354.71875
16,55,1,0.860793277495694,2738.3825,2738.3825,32,1,0,Solve_Succeeded,6355.6875
16,56,1,0.991720981559679,2916.6798,2916.6798,34,1,0,Solve_Succeeded,6355.69140625
16,57,1,0.87437638775536,2718.632,2718.632,40,1,0,Solve_Succeeded,6355.69140625
16,58,1,0.967473830291405,2781.2815,2781.2815,44,1,0,Solve_Succeeded,6355.69140625
16,59,1,0.935781191794913,2767.6445,2767.6445,35,1,0,Solve_Succeeded,6355.6875
16,60,1,0.949878107809081,2692.264,2692.264,28,1,0,Solve_Succeeded,6355.6875
16,61,1,0.942639387467355,2728.6458,2728.6458,24,1,0,Solve_Succeeded,6355.6875
16,62,1,0.954507314875542,2734.2826,2734.2826,27,1,0,Solve_Succeeded,6355.6875
16,63,1,0.953746089326734,2666.9767,2666.9767,28,1,0,Solve_Succeeded,6355.6875
16,64,1,0.838738057686025,2694.9151,2694.9151,32,1,0,Solve_Succeeded,6355.6875
16,65,1,0.962424455995862,2707.4684,2707.4684,23,1,0,Solve_Succeeded,6355.6875
16,66,1,0.89312717660897,2694.8739,2694.8739,26,1,0,Solve_Succeeded,6355.6875
16,67,1,0.947813851156746,2745.8698,2745.8698,26,1,0,Solve_Succeeded,6355.6875
16,68,1,0.945392594239063,2925.7268,2925.7268,28,1,0,Solve_Succeeded,6355.69140625
16,69,1,0.969468062224643,2862.4926,2862.4926,35,1,0,Solve_Succeeded,6355.6953125
16,70,1,0.973423935214185,2759.275,2759.275,32,1,0,Solve_Succeeded,6355.7265625
16,71,1,0.962827133823155,2735.4463,2735.4463,23,1,0,Solve_Succeeded,6355.7265625
16,72,1,0.935313038780332,2615.4654,2615.4654,26,1,0,Solve_Succeeded,6355.7265625
16,73,1,0.89166150541452,2675.9895,2675.9895,19,1,0,Solve_Succeeded,6355.7265625
16,74,1,0.900390643782345,2753.1394,2753.1394,38,1,0,Solve_Succeeded,6355.7265625
16,75,1,0.861676642328008,2700.9865,2700.9865,48,1,0,Solve_Succeeded,6355.7265625
16,76,1,0.901420357747126,2889.1957,2889.1957,60,1,0,Solve_Succeeded,6355.7265625
16,77,1,0.900804823559782,2785.6619,2785.6619,43,1,0,Solve_Succeeded,6355.7265625
16,78,1,0.902173283547004,3132.1444,3132.1444,45,1,0,Solve_Succeeded,6355.7265625
16,79,1,0.900933696103201,2971.1433,2971.1433,45,1,0,Solve_Succeeded,6355.7265625
16,80,1,0.902297636269747,3097.4403,3097.4403,53,1,0,Solve_Succeeded,6355.7265625
16,81,1,0.775754712619458,2913.6446,2913.6446,40,1,0,Solve_Succeeded,6355.7265625
16,82,1,0.884158598448716,2785.5203,2785.5203,53,1,0,Solve_Succeeded,6355.7265625
16,83,1,0.828899687852173,2793.8974,2793.8974,52,1,0,Solve_Succeeded,6355.7265625
16,84,1,0.722006391627716,2871.216,2871.216,18,1,0,Solve_Succeeded,6355.7265625
16,85,1,0.784237216044767,2691.7133,2691.7133,23,1,0,Solve_Succeeded,6355.7265625
16,86,1,0.83717899518387,2761.1466,2761.1466,20,1,0,Solve_Succeeded,6355.7265625
16,87,1,0.879581689327605,2862.2067,2862.2067,31,1,0,Solve_Succeeded,6355.7265625
16,88,1,0.913028819360876,2838.1541,2838.1541,14,1,0,Solve_Succeeded,6355.7265625
16,89,1,0.9401972521742,2924.7912,2924.7912,17,1,0,Solve_Succeeded,6355.7265625
16,90,1,0.958524148334187,2821.3825,2821.3825,21,1,0,Solve_Succeeded,6355.7265625
16,91,1,0.965326097201831,2681.8845,2681.8845,19,1,0,Solve_Succeeded,6355.7265625
16,92,1,0.958100620084892,2683.2854,2683.2854,22,1,0,Solve_Succeeded,6355.7265625
16,93,1,0.936007952083496,3187.0799,3187.0799,18,1,0,Solve_Succeeded,6337.921875
16,94,1,0.90004100254162,2890.8824,2890.8824,19,1,0,Solve_Succeeded,6337.828125
16,95,1,0.850451355153981,2698.1826,2698.1826,20,1,0,Solve_Succeeded,6355.6328125
16,96,1,0.788962116667967,2943.8719,2943.8719,16,1,0,Solve_Succeeded,6355.7265625
16,97,1,0.71366131047999,2823.5135,2823.5135,20,1,0,Solve_Succeeded,6355.7578125
16,98,1,0.626788611272719,2929.0254,2929.0254,18,1,0,Solve_Succeeded,6355.7578125
16,99,1,0.530619393568924,2954.0968,2954.0968,15,1,0,Solve_Succeeded,6355.7578125
16,100,1,0.446268577443344,2865.4181,2865.4181,17,1,0,Solve_Succeeded,6355.7578125
16,101,1,0.430382437865,2709.1088,2709.1088,13,1,0,Solve_Succeeded,6355.7578125
16,102,1,0.435996764822808,2769.7204,2769.7204,14,1,0,Solve_Succeeded,6355.7578125
16,103,1,0.432457360564976,2730.9727,2730.9727,14,1,0,Solve_Succeeded,6355.7578125
16,104,1,0.449740559837455,2841.6158,2841.6158,15,1,0,Solve_Succeeded,6355.72265625
16,105,1,0.434014992232904,2928.1528,2928.1528,14,1,0,Solve_Succeeded,6355.72265625
16,106,1,0.441817688083176,2812.1112,2812.1112,15,1,0,Solve_Succeeded,6355.72265625
16,107,1,0.471369353541345,2766.7158,2766.7158,19,1,0,Solve_Succeeded,6355.72265625
16,108,1,0.525410063010092,2641.6375,2641.6375,21,1,0,Solve_Succeeded,6355.72265625
16,109,1,0.568819658967036,2664.1556,2664.1556,16,1,0,Solve_Succeeded,6355.72265625
16,110,1,0.600396200976343,2780.1883,2780.1883,13,1,0,Solve_Succeeded,6355.72265625
16,111,1,0.618370861352388,2886.5114,2886.5114,13,1,0,Solve_Succeeded,6355.72265625
16,112,1,0.62142586193065,2723.884,2723.884,14,1,0,Solve_Succeeded,6355.72265625
16,113,1,0.609041228966519,2829.3229,2829.3229,20,1,0,Solve_Succeeded,6355.72265625
16,114,1,0.581662396062091,2594.9343,2594.9343,18,1,0,Solve_Succeeded,6355.72265625
16,115,1,0.540663766686003,2703.6228,2703.6228,15,1,0,Solve_Succeeded,6355.72265625
16,116,1,0.489088753857062,2661.3099,2661.3099,14,1,0,Solve_Succeeded,6355.72265625
16,117,1,0.429432491861721,2631.4021,2631.4021,12,1,0,Solve_Succeeded,6355.72265625
16,118,1,0.480006157744821,2726.1971,2726.1971,11,1,0,Solve_Succeeded,6355.72265625
16,119,1,0.524290830747771,2663.1116,2663.1116,10,1,0,Solve_Succeeded,6355.72265625
16,120,1,0.556323644467443,2683.4181,2683.4181,10,1,0,Solve_Succeeded,6355.72265625
16,121,1,0.575302407619287,2702.1835,2702.1835,11,1,0,Solve_Succeeded,6355.72265625
16,122,1,0.58004896434445,2724.3286,2724.3286,9,1,0,Solve_Succeeded,6355.72265625
16,123,1,0.569951934576101,2757.8078,2757.8078,9,1,0,Solve_Succeeded,6355.72265625
16,124,1,0.545082921193289,2677.3656,2677.3656,9,1,0,Solve_Succeeded,6355.6171875
16,125,1,0.506166196479905,2629.6806,2629.6806,9,1,0,Solve_Succeeded,6355.6171875
16,126,1,0.454420873402811,2690.8587,2690.8587,10,1,0,Solve_Succeeded,6355.6171875
16,127,1,0.391498506153383,2712.8465,2712.8465,10,1,0,Solve_Succeeded,6355.65234375
16,128,1,0.389082266866115,2607.9411,2607.9411,8,1,0,Solve_Succeeded,6355.65234375
16,129,1,0.388022569419974,2687.1233,2687.1233,7,1,0,Solve_Succeeded,6355.65234375
16,130,1,0.391300655965229,2815.7728,2815.7728,8,1,0,Solve_Succeeded,6355.65234375
16,131,1,0.391311268946688,2700.5368,2700.5368,9,1,0,Solve_Succeeded,6355.65234375
16,132,1,0.391951517380969,2705.7546,2705.7546,9,1,0,Solve_Succeeded,6355.65234375
16,133,1,0.388640494325525,2729.2351,2729.2351,7,1,0,Solve_Succeeded,6355.65234375
16,134,1,0.368561552168052,2641.6995,2641.6995,8,1,0,Solve_Succeeded,6355.65234375
16,135,1,0.327245108943268,2765.0122,2765.0122,8,1,0,Solve_Succeeded,6355.65234375
16,136,1,0.28781743995,2690.2609,2690.2609,9,1,0,Solve_Succeeded,6355.65234375
16,137,1,0.255277383169051,2615.0663,2615.0663,8,1,0,Solve_Succeeded,6355.65234375
16,138,1,0.219740204822587,2659.8707,2659.8707,8,1,0,Solve_Succeeded,6355.65234375
16,139,0,0.190712075751172,0.0081,NaN,NaN,1,0,not_triggered,6355.65234375
16,140,0,0.169165777849838,0.0105,NaN,NaN,1,0,not_triggered,6355.65234375
16,141,0,0.144724104274982,0.0086,NaN,NaN,1,0,not_triggered,6355.65234375
17,1,0,0.311360505180214,0.0091,NaN,NaN,1,0,not_triggered,6363.56640625
17,2,0,0.314730348864835,0.0102,NaN,NaN,1,0,not_triggered,6363.56640625
17,3,0,0.305323550223889,0.0062,NaN,NaN,1,0,not_triggered,6363.56640625
17,4,0,0.312588301299696,0.0067,NaN,NaN,1,0,not_triggered,6363.56640625
17,5,0,0.309188313249114,0.0069,NaN,NaN,1,0,not_triggered,6363.56640625
17,6,0,0.321232582088241,0.0067,NaN,NaN,1,0,not_triggered,6363.56640625
17,7,0,0.313406314986488,0.0066,NaN,NaN,1,0,not_triggered,6363.56640625
17,8,0,0.320924706476229,0.0059,NaN,NaN,1,0,not_triggered,6363.56640625
17,9,0,0.330318159473366,0.0065,NaN,NaN,1,0,not_triggered,6363.56640625
17,10,0,0.325817540756368,0.0063,NaN,NaN,1,0,not_triggered,6363.56640625
17,11,0,0.337923943145358,0.0062,NaN,NaN,1,0,not_triggered,6363.56640625
17,12,0,0.369711300317952,0.0063,NaN,NaN,1,0,not_triggered,6363.56640625
17,13,0,0.391424775542064,0.006,NaN,NaN,1,0,not_triggered,6363.56640625
17,14,0,0.353201647461676,0.0062,NaN,NaN,1,0,not_triggered,6363.56640625
17,15,0,0.378268343026857,0.0057,NaN,NaN,1,0,not_triggered,6363.56640625
17,16,0,0.417588896947204,0.0049,NaN,NaN,1,0,not_triggered,6363.56640625
17,17,0,0.396626658339499,0.0052,NaN,NaN,1,0,not_triggered,6363.56640625
17,18,0,0.403660412034295,0.0052,NaN,NaN,1,0,not_triggered,6363.56640625
17,19,0,0.467499341249612,0.0059,NaN,NaN,1,0,not_triggered,6363.56640625
17,20,0,0.437465104313273,0.0053,NaN,NaN,1,0,not_triggered,6363.56640625
17,21,0,0.43282546093156,0.0053,NaN,NaN,1,0,not_triggered,6363.56640625
17,22,0,0.507732494360957,0.005,NaN,NaN,1,0,not_triggered,6363.56640625
17,23,0,0.477873954988273,0.0056,NaN,NaN,1,0,not_triggered,6363.56640625
17,24,0,0.478836017032448,0.0059,NaN,NaN,1,0,not_triggered,6363.56640625
17,25,0,0.562172244548994,0.0051,NaN,NaN,1,0,not_triggered,6363.56640625
17,26,0,0.594560295203574,0.0065,NaN,NaN,1,0,not_triggered,6363.56640625
17,27,0,0.55296518452102,0.0061,NaN,NaN,1,0,not_triggered,6363.56640625
17,28,1,0.628660945780262,2717.2626,2717.2626,13,1,0,Solve_Succeeded,6363.59765625
17,29,1,0.607730250174918,2759.4757,2759.4757,13,1,0,Solve_Succeeded,6363.59765625
17,30,1,0.734102958505756,2698.7232,2698.7232,16,1,0,Solve_Succeeded,6363.6328125
17,31,1,0.779971261174288,2664.3574,2664.3574,17,1,0,Solve_Succeeded,6363.6328125
17,32,1,0.637215746797089,2827.2367,2827.2367,15,1,0,Solve_Succeeded,6363.6328125
17,33,1,0.77294098827442,2684.6354,2684.6354,18,1,0,Solve_Succeeded,6363.6328125
17,34,1,0.831550526851363,2669.0129,2669.0129,18,1,0,Solve_Succeeded,6363.6328125
17,35,1,0.854854879248799,2662.1932,2662.1932,23,1,0,Solve_Succeeded,6363.6328125
17,36,1,0.835274512895201,2647.8095,2647.8095,23,1,0,Solve_Succeeded,6363.6328125
17,37,1,0.893751303851762,2755.5032,2755.5032,21,1,0,Solve_Succeeded,6363.6328125
17,38,1,0.906139577107665,2727.4214,2727.4214,23,1,0,Solve_Succeeded,6363.6328125
17,39,1,0.887277604062923,2740.3923,2740.3923,21,1,0,Solve_Succeeded,6363.6640625
17,40,1,0.898673197754608,2969.6408,2969.6408,17,1,0,Solve_Succeeded,6355.75
17,41,1,0.886999745692596,2792.1605,2792.1605,20,1,0,Solve_Succeeded,6355.75
17,42,1,0.894805840954299,2667.856,2667.856,18,1,0,Solve_Succeeded,6355.75
17,43,1,0.899759760123769,2688.5402,2688.5402,22,1,0,Solve_Succeeded,6355.75
17,44,1,0.90400875241211,2722.9631,2722.9631,19,1,0,Solve_Succeeded,6355.75
17,45,1,0.910835181049145,2604.8653,2604.8653,20,1,0,Solve_Succeeded,6355.75
17,46,1,0.918468865672769,2695.882,2695.882,20,1,0,Solve_Succeeded,6355.75
17,47,1,0.936678383272535,2685.8011,2685.8011,21,1,0,Solve_Succeeded,6355.75
17,48,1,0.936425845444268,2771.731,2771.731,20,1,0,Solve_Succeeded,6355.75
17,49,1,0.935252423949139,2702.4692,2702.4692,19,1,0,Solve_Succeeded,6355.75
17,50,1,0.943858220871237,2853.5371,2853.5371,21,1,0,Solve_Succeeded,6355.75
17,51,1,0.928531817061061,2724.9736,2724.9736,28,1,0,Solve_Succeeded,6355.75
17,52,1,0.929271203878124,2683.2663,2683.2663,25,1,0,Solve_Succeeded,6355.75
17,53,1,0.925988519516351,2691.6175,2691.6175,29,1,0,Solve_Succeeded,6355.75
17,54,1,0.930269703034137,2672.2113,2672.2113,23,1,0,Solve_Succeeded,6355.75
17,55,1,0.925056022578292,2777.7115,2777.7115,33,1,0,Solve_Succeeded,6355.75
17,56,1,0.933090025759557,2702.2311,2702.2311,31,1,0,Solve_Succeeded,6355.75
17,57,1,0.941634099161677,2748.1649,2748.1649,27,1,0,Solve_Succeeded,6355.75
17,58,1,0.927843671552704,2810.6719,2810.6719,34,1,0,Solve_Succeeded,6355.75
17,59,1,0.924679092324143,2925.9871,2925.9871,30,1,0,Solve_Succeeded,6355.75
17,60,1,0.933648558341477,2788.8624,2788.8624,21,1,0,Solve_Succeeded,6355.75
17,61,1,0.93425710961173,2693.2379,2693.2379,17,1,0,Solve_Succeeded,6355.75
17,62,1,0.928105903565441,2707.9593,2707.9593,25,1,0,Solve_Succeeded,6355.75
17,63,1,0.927917215001451,2678.2407,2678.2407,23,1,0,Solve_Succeeded,6355.75
17,64,1,0.938936841959812,2723.809,2723.809,25,1,0,Solve_Succeeded,6355.75
17,65,1,0.933188802272904,2726.7579,2726.7579,23,1,0,Solve_Succeeded,6355.75
17,66,1,0.909057937015757,2642.0618,2642.0618,25,1,0,Solve_Succeeded,6336.87890625
17,67,1,0.875208153252807,2672.1774,2672.1774,20,1,0,Solve_Succeeded,6355.75
17,68,1,0.924618559253137,2710.7085,2710.7085,24,1,0,Solve_Succeeded,6355.75
17,69,1,0.874489217501215,2694.2954,2694.2954,30,1,0,Solve_Succeeded,6355.75
17,70,1,0.806900331447943,2734.6503,2734.6503,28,1,0,Solve_Succeeded,6355.75
17,71,1,0.926613368168382,2743.8111,2743.8111,48,1,0,Solve_Succeeded,6355.75
17,72,1,0.935543507859303,2754.3751,2754.3751,58,1,0,Solve_Succeeded,6355.75
17,73,1,0.945848868499064,2850.8303,2850.8303,59,1,0,Solve_Succeeded,6355.75
17,74,1,0.779144567601654,2834.8857,2834.8857,79,1,0,Solve_Succeeded,6355.75
17,75,1,0.897336832907416,2704.0806,2704.0806,48,1,0,Solve_Succeeded,6355.75
17,76,1,0.786251092384245,2804.9826,2804.9826,57,1,0,Solve_Succeeded,6355.75
17,77,1,0.796665239751896,2772.9832,2772.9832,51,1,0,Solve_Succeeded,6355.75
17,78,1,0.771375421807558,2730.9842,2730.9842,54,1,0,Solve_Succeeded,6355.75
17,79,1,0.789911013634887,2823.4887,2823.4887,53,1,0,Solve_Succeeded,6355.75
17,80,1,0.67495043853155,2776.2787,2776.2787,54,1,0,Solve_Succeeded,6355.75
17,81,1,0.719045238944604,2629.4437,2629.4437,19,1,0,Solve_Succeeded,6355.75
17,82,1,0.748093716852102,2723.1762,2723.1762,24,1,0,Solve_Succeeded,6355.75
17,83,1,0.811756472326087,2750.0108,2750.0108,21,1,0,Solve_Succeeded,6355.75
17,84,1,0.868086462276241,2611.8362,2611.8362,17,1,0,Solve_Succeeded,6355.75
17,85,1,0.912444730833031,2663.4412,2663.4412,14,1,0,Solve_Succeeded,6355.75
17,86,1,0.941317861412251,2678.5229,2678.5229,15,1,0,Solve_Succeeded,6355.75
17,87,1,0.953515167039191,2649.2603,2649.2603,29,1,0,Solve_Succeeded,6355.75
17,88,1,0.948679848255644,2719.6173,2719.6173,30,1,0,Solve_Succeeded,6355.75
17,89,1,0.927406261597271,2751.3726,2751.3726,27,1,0,Solve_Succeeded,6355.75
17,90,1,0.891110096647743,2729.5657,2729.5657,26,1,0,Solve_Succeeded,6355.75
17,91,1,0.841719335011235,2701.0658,2701.0658,18,1,0,Solve_Succeeded,6355.75
17,92,1,0.780868993069615,2738.2376,2738.2376,26,1,0,Solve_Succeeded,6355.75
17,93,1,0.709921920903478,2667.9259,2667.9259,21,1,0,Solve_Succeeded,6355.75
17,94,1,0.630570152312245,2717.6117,2717.6117,17,1,0,Solve_Succeeded,6355.75
17,95,1,0.543964259711253,2687.8182,2687.8182,15,1,0,Solve_Succeeded,6355.75
17,96,1,0.451162197835192,2680.007,2680.007,18,1,0,Solve_Succeeded,6355.75
17,97,1,0.428714625968844,2735.8907,2735.8907,16,1,0,Solve_Succeeded,6355.75
17,98,1,0.428189770744288,2712.1109,2712.1109,15,1,0,Solve_Succeeded,6355.75
17,99,1,0.385267184440758,2623.4416,2623.4416,15,1,0,Solve_Succeeded,6355.75
17,100,1,0.427285941174357,2735.8145,2735.8145,14,1,0,Solve_Succeeded,6355.75
17,101,1,0.387716848239778,2710.2395,2710.2395,13,1,0,Solve_Succeeded,6355.75
17,102,1,0.381915829862422,2714.8711,2714.8711,13,1,0,Solve_Succeeded,6355.75
17,103,1,0.399881986019946,2649.2755,2649.2755,11,1,0,Solve_Succeeded,6355.75
17,104,1,0.490743729023226,2653.8101,2653.8101,12,1,0,Solve_Succeeded,6355.75
17,105,1,0.569569185875457,2924.8617,2924.8617,13,1,0,Solve_Succeeded,6355.75
17,106,1,0.629005370869765,2884.8605,2884.8605,11,1,0,Solve_Succeeded,6355.75
17,107,1,0.662008749270891,2908.492,2908.492,10,1,0,Solve_Succeeded,6355.75
17,108,1,0.667496701187,2931.4659,2931.4659,10,1,0,Solve_Succeeded,6355.75
17,109,1,0.644061688342583,2772.8435,2772.8435,14,1,0,Solve_Succeeded,6355.75
17,110,1,0.595079551079978,2803.6099,2803.6099,13,1,0,Solve_Succeeded,6355.58203125
17,111,1,0.526496928598114,2816.2579,2816.2579,14,1,0,Solve_Succeeded,6355.58203125
17,112,1,0.444024167678723,2731.1511,2731.1511,13,1,0,Solve_Succeeded,6355.58203125
17,113,1,0.379886684436327,2690.9836,2690.9836,13,1,0,Solve_Succeeded,6355.58203125
17,114,1,0.3774302310927,2651.328,2651.328,13,1,0,Solve_Succeeded,6355.58203125
17,115,1,0.379840505219548,2766.772,2766.772,12,1,0,Solve_Succeeded,6355.6171875
17,116,1,0.481941365729518,2650.2319,2650.2319,12,1,0,Solve_Succeeded,6355.6171875
17,117,1,0.502253274320614,2581.7824,2581.7824,9,1,0,Solve_Succeeded,6355.6171875
17,118,1,0.506949460145605,2746.4659,2746.4659,8,1,0,Solve_Succeeded,6355.6171875
17,119,1,0.496004668069427,2680.3716,2680.3716,11,1,0,Solve_Succeeded,6355.6171875
17,120,1,0.470004324965349,2624.5606,2624.5606,10,1,0,Solve_Succeeded,6355.6171875
17,121,1,0.430039150494558,2719.9079,2719.9079,10,1,0,Solve_Succeeded,6355.6171875
17,122,1,0.379525816214855,2865.9661,2865.9661,9,1,0,Solve_Succeeded,6355.6171875
17,123,1,0.381443959958246,2879.0732,2879.0732,8,1,0,Solve_Succeeded,6355.6171875
17,124,1,0.380782904290964,3125.9119,3125.9119,7,1,0,Solve_Succeeded,6355.6171875
17,125,1,0.383482493699275,2863.6201,2863.6201,9,1,0,Solve_Succeeded,6355.6171875
17,126,1,0.379777584137,2694.8453,2694.8453,9,1,0,Solve_Succeeded,6355.6171875
17,127,1,0.382663772838872,2622.4985,2622.4985,8,1,0,Solve_Succeeded,6355.6171875
17,128,1,0.381705485823191,2668.5479,2668.5479,6,1,0,Solve_Succeeded,6355.6171875
17,129,1,0.34935138751116,2595.0834,2595.0834,8,1,0,Solve_Succeeded,6355.6171875
17,130,1,0.311925900543451,2655.5541,2655.5541,8,1,0,Solve_Succeeded,6355.6171875
17,131,1,0.274592204932428,2684.4407,2684.4407,7,1,0,Solve_Succeeded,6355.6171875
17,132,1,0.238775713983204,2642.4757,2642.4757,7,1,0,Solve_Succeeded,6355.6171875
17,133,1,0.2087130286835,2658.3193,2658.3193,8,1,0,Solve_Succeeded,6355.6171875
17,134,0,0.180086897409744,0.0089,NaN,NaN,1,0,not_triggered,6355.6171875
17,135,0,0.151661458774676,0.0087,NaN,NaN,1,0,not_triggered,6355.6171875
17,136,0,0.135301563980537,0.0084,NaN,NaN,1,0,not_triggered,6355.6171875
18,1,0,0.309801410084858,0.0108,NaN,NaN,1,0,not_triggered,6363.53125
18,2,0,0.305967747157548,0.0074,NaN,NaN,1,0,not_triggered,6363.53125
18,3,0,0.313060240000586,0.0075,NaN,NaN,1,0,not_triggered,6363.53125
18,4,0,0.305461522932555,0.0067,NaN,NaN,1,0,not_triggered,6363.53125
18,5,0,0.306020048067031,0.0066,NaN,NaN,1,0,not_triggered,6363.53125
18,6,0,0.312381466752458,0.0069,NaN,NaN,1,0,not_triggered,6363.53125
18,7,0,0.31622854813995,0.0068,NaN,NaN,1,0,not_triggered,6363.53125
18,8,0,0.321309245691623,0.0067,NaN,NaN,1,0,not_triggered,6363.53125
18,9,0,0.329106945889177,0.0065,NaN,NaN,1,0,not_triggered,6363.53125
18,10,0,0.335326436582869,0.0077,NaN,NaN,1,0,not_triggered,6363.53125
18,11,0,0.329817291832033,0.0102,NaN,NaN,1,0,not_triggered,6363.53125
18,12,0,0.350284886563319,0.008,NaN,NaN,1,0,not_triggered,6363.53125
18,13,0,0.352558590529193,0.0075,NaN,NaN,1,0,not_triggered,6363.53125
18,14,0,0.36475461955912,0.0075,NaN,NaN,1,0,not_triggered,6363.53125
18,15,0,0.388902955843842,0.0056,NaN,NaN,1,0,not_triggered,6363.53125
18,16,0,0.393782769723077,0.0058,NaN,NaN,1,0,not_triggered,6363.53125
18,17,0,0.400266502936163,0.0055,NaN,NaN,1,0,not_triggered,6363.53125
18,18,0,0.416208827981005,0.0052,NaN,NaN,1,0,not_triggered,6363.53125
18,19,0,0.428618182143648,0.0055,NaN,NaN,1,0,not_triggered,6363.53125
18,20,0,0.439498631343326,0.0051,NaN,NaN,1,0,not_triggered,6363.53125
18,21,0,0.493623758320318,0.0057,NaN,NaN,1,0,not_triggered,6363.53125
18,22,0,0.521581126984062,0.0059,NaN,NaN,1,0,not_triggered,6363.53125
18,23,0,0.455085175398381,0.0053,NaN,NaN,1,0,not_triggered,6363.53125
18,24,0,0.520093923352599,0.0057,NaN,NaN,1,0,not_triggered,6363.53125
18,25,0,0.550651229688203,0.0108,NaN,NaN,1,0,not_triggered,6363.53125
18,26,0,0.594287950262115,0.0076,NaN,NaN,1,0,not_triggered,6363.53125
18,27,1,0.669992339149551,2677.3231,2677.3231,16,1,0,Solve_Succeeded,6363.53125
18,28,1,0.709061127228157,2650.0949,2650.0949,18,1,0,Solve_Succeeded,6363.53125
18,29,1,0.590324066094719,2635.9154,2635.9154,13,1,0,Solve_Succeeded,6363.53125
18,30,1,0.654647259405465,2644.2407,2644.2407,15,1,0,Solve_Succeeded,6363.53125
18,31,1,0.748170445577836,2647.8481,2647.8481,15,1,0,Solve_Succeeded,6363.53125
18,32,1,0.871295622969424,2731.5117,2731.5117,18,1,0,Solve_Succeeded,6355.6171875
18,33,1,0.865683093525835,2759.7627,2759.7627,21,1,0,Solve_Succeeded,6355.6171875
18,34,1,0.85174161751844,2701.9737,2701.9737,19,1,0,Solve_Succeeded,6355.62109375
18,35,1,0.851644408925247,2623.8965,2623.8965,17,1,0,Solve_Succeeded,6355.62109375
18,36,1,0.864664142791406,2679.2442,2679.2442,17,1,0,Solve_Succeeded,6355.62109375
18,37,1,0.842969079415881,2708.9399,2708.9399,25,1,0,Solve_Succeeded,6337.484375
18,38,1,0.874109765765746,2734.8002,2734.8002,18,1,0,Solve_Succeeded,6355.5234375
18,39,1,0.857557222379289,2694.2584,2694.2584,17,1,0,Solve_Succeeded,6355.6171875
18,40,1,0.872159803458097,2674.9271,2674.9271,21,1,0,Solve_Succeeded,6355.6171875
18,41,1,0.865219889507452,2759.7995,2759.7995,21,1,0,Solve_Succeeded,6355.6171875
18,42,1,0.87404054028834,2721.171,2721.171,21,1,0,Solve_Succeeded,6355.6171875
18,43,1,0.885442511404225,2624.3706,2624.3706,21,1,0,Solve_Succeeded,6355.6171875
18,44,1,0.89886516029431,2689.8365,2689.8365,23,1,0,Solve_Succeeded,6355.6171875
18,45,1,0.918292045047667,2651.0893,2651.0893,20,1,0,Solve_Succeeded,6355.6171875
18,46,1,0.926755370191112,2639.3824,2639.3824,22,1,0,Solve_Succeeded,6355.6171875
18,47,1,0.949048793854904,2728.2411,2728.2411,24,1,0,Solve_Succeeded,6355.6171875
18,48,1,1.05120264618772,2691.1885,2691.1885,20,1,0,Solve_Succeeded,6355.6171875
18,49,1,0.952778337912811,2585.0881,2585.0881,12,1,0,Solve_Succeeded,6355.6171875
18,50,1,1.00617962306304,2727.7503,2727.7503,21,1,0,Solve_Succeeded,6355.6171875
18,51,1,1.04833822427491,2822.5943,2822.5943,27,1,0,Solve_Succeeded,6355.58203125
18,52,1,1.01459724876041,2770.0847,2770.0847,28,1,0,Solve_Succeeded,6355.5859375
18,53,1,1.04972326294845,2784.9858,2784.9858,23,1,0,Solve_Succeeded,6355.62109375
18,54,1,1.01903249582263,2736.1888,2736.1888,25,1,0,Solve_Succeeded,6355.62109375
18,55,1,0.982909284056548,2769.3025,2769.3025,43,1,0,Solve_Succeeded,6355.62109375
18,56,1,0.988097663607306,2752.8215,2752.8215,29,1,0,Solve_Succeeded,6355.62109375
18,57,1,0.98243036719296,2785.2756,2785.2756,31,1,0,Solve_Succeeded,6355.62109375
18,58,1,0.921261116063115,2720.764,2720.764,32,1,0,Solve_Succeeded,6355.62109375
18,59,1,0.918238943531598,2759.6748,2759.6748,32,1,0,Solve_Succeeded,6355.62109375
18,60,1,0.931518902669545,2747.9017,2747.9017,26,1,0,Solve_Succeeded,6355.62109375
18,61,1,0.953525355743011,2740.3859,2740.3859,24,1,0,Solve_Succeeded,6355.62109375
18,62,1,0.923825549281281,2731.3979,2731.3979,22,1,0,Solve_Succeeded,6355.62109375
18,63,1,0.900713354611026,2784.3778,2784.3778,32,1,0,Solve_Succeeded,6355.62109375
18,64,1,0.949919260605397,2700.1129,2700.1129,37,1,0,Solve_Succeeded,6355.62109375
18,65,1,0.88456084311886,2688.5728,2688.5728,27,1,0,Solve_Succeeded,6355.62109375
18,66,1,0.814108783205678,2753.6297,2753.6297,32,1,0,Solve_Succeeded,6355.62109375
18,67,1,0.986984939858356,2649.5661,2649.5661,25,1,0,Solve_Succeeded,6355.62109375
18,68,1,0.916165321722318,2825.5131,2825.5131,48,1,0,Solve_Succeeded,6355.62109375
18,69,1,0.875506877822146,2787.397,2787.397,45,1,0,Solve_Succeeded,6355.62109375
18,70,1,0.844017525848311,2792.2278,2792.2278,59,1,0,Solve_Succeeded,6355.62109375
18,71,1,0.896186845247754,3000.6128,3000.6128,55,1,0,Solve_Succeeded,6355.62109375
18,72,1,0.914861663730165,2987.4588,2987.4588,77,1,0,Solve_Succeeded,6355.62109375
18,73,1,0.77916636434827,2747.6275,2747.6275,48,1,0,Solve_Succeeded,6355.62109375
18,74,1,0.928529700607724,2753.9486,2753.9486,50,1,0,Solve_Succeeded,6355.62109375
18,75,1,0.928199866517853,2828.4501,2828.4501,54,1,0,Solve_Succeeded,6355.62109375
18,76,1,0.891512811560885,2760.1846,2760.1846,42,1,0,Solve_Succeeded,6355.62109375
18,77,1,0.810319566514588,2809.2896,2809.2896,54,1,0,Solve_Succeeded,6355.62109375
18,78,1,0.858543574642038,2886.6272,2886.6272,44,1,0,Solve_Succeeded,6355.62109375
18,79,1,0.810877369434308,2805.0373,2805.0373,38,1,0,Solve_Succeeded,6355.62109375
18,80,1,0.876617042929716,2729.7576,2729.7576,55,1,0,Solve_Succeeded,6355.62109375
18,81,1,0.962976038183209,2765.8974,2765.8974,44,1,0,Solve_Succeeded,6355.62109375
18,82,1,0.958539604168871,2882.1399,2882.1399,15,1,0,Solve_Succeeded,6355.62109375
18,83,1,0.955873149751216,2641.9505,2641.9505,17,1,0,Solve_Succeeded,6355.62109375
18,84,1,0.935531939986059,2797.8138,2797.8138,18,1,0,Solve_Succeeded,6355.609375
18,85,1,0.936016218386026,2755.0384,2755.0384,22,1,0,Solve_Succeeded,6355.6171875
18,86,1,0.918531398165861,2642.7454,2642.7454,22,1,0,Solve_Succeeded,6355.6171875
18,87,1,0.883950996172032,2673.3497,2673.3497,21,1,0,Solve_Succeeded,6355.6171875
18,88,1,0.832468632977351,2816.9657,2816.9657,28,1,0,Solve_Succeeded,6355.6171875
18,89,1,0.76530995302129,2773.3408,2773.3408,22,1,0,Solve_Succeeded,6355.6171875
18,90,1,0.683938140616676,2680.1645,2680.1645,23,1,0,Solve_Succeeded,6355.6171875
18,91,1,0.591323081341652,2746.9697,2746.9697,24,1,0,Solve_Succeeded,6355.6171875
18,92,1,0.490158415786649,2835.1259,2835.1259,22,1,0,Solve_Succeeded,6355.6171875
18,93,1,0.917558255687308,2726.9721,2726.9721,22,1,0,Solve_Succeeded,6355.6171875
18,94,1,0.805897566557688,2894.8516,2894.8516,22,1,0,Solve_Succeeded,6355.6171875
18,95,1,0.918092089879874,2672.411,2672.411,21,1,0,Solve_Succeeded,6355.6171875
18,96,1,0.923773697830171,2664.1246,2664.1246,19,1,0,Solve_Succeeded,6355.6171875
18,97,1,0.427626409180152,2780.7176,2780.7176,17,1,0,Solve_Succeeded,6355.6171875
18,98,1,0.529170411859908,2813.2367,2813.2367,16,1,0,Solve_Succeeded,6355.6171875
18,99,1,0.622182124529211,2709.4762,2709.4762,18,1,0,Solve_Succeeded,6355.6171875
18,100,1,0.703706181092946,2778.7084,2778.7084,16,1,0,Solve_Succeeded,6355.68359375
18,101,1,0.769777177250239,2747.1091,2747.1091,16,1,0,Solve_Succeeded,6355.68359375
18,102,1,0.815565890208146,2662.0347,2662.0347,19,1,0,Solve_Succeeded,6355.68359375
18,103,1,0.836335145385051,2798.0104,2798.0104,16,1,0,Solve_Succeeded,6355.68359375
18,104,1,0.829314691521978,2740.4334,2740.4334,21,1,0,Solve_Succeeded,6355.68359375
18,105,1,0.796579140616893,2675.987,2675.987,16,1,0,Solve_Succeeded,6355.68359375
18,106,1,0.747887521808557,2900.1074,2900.1074,15,1,0,Solve_Succeeded,6355.68359375
18,107,1,0.686315149295556,2851.5508,2851.5508,25,1,0,Solve_Succeeded,6355.68359375
18,108,1,0.617053634551029,2687.8586,2687.8586,22,1,0,Solve_Succeeded,6336.90234375
18,109,1,0.543155237356624,2866.125,2866.125,19,1,0,Solve_Succeeded,6336.66796875
18,110,1,0.467992102586211,2739.0028,2739.0028,14,1,0,Solve_Succeeded,6355.6484375
18,111,1,0.525473041756585,2650.4674,2650.4674,14,1,0,Solve_Succeeded,6355.6171875
18,112,1,0.569930088111835,2699.0879,2699.0879,13,1,0,Solve_Succeeded,6355.6171875
18,113,1,0.600270659609541,2684.6914,2684.6914,13,1,0,Solve_Succeeded,6355.6171875
18,114,1,0.615995026967235,2702.7155,2702.7155,13,1,0,Solve_Succeeded,6355.6484375
18,115,1,0.616250239513556,2758.8714,2758.8714,12,1,0,Solve_Succeeded,6355.6484375
18,116,1,0.606705471780933,2770.2169,2770.2169,12,1,0,Solve_Succeeded,6355.6484375
18,117,1,0.586702492590059,2668.0393,2668.0393,9,1,0,Solve_Succeeded,6355.6484375
18,118,1,0.555899315499448,2758.9264,2758.9264,8,1,0,Solve_Succeeded,6355.6484375
18,119,1,0.514331771217408,2713.7325,2713.7325,8,1,0,Solve_Succeeded,6355.6484375
18,120,1,0.462392575199107,2672.0718,2672.0718,10,1,0,Solve_Succeeded,6355.6484375
18,121,1,0.40075896778931,2869.7688,2869.7688,10,1,0,Solve_Succeeded,6355.6484375
18,122,1,0.391199887860688,2938.3223,2938.3223,8,1,0,Solve_Succeeded,6355.6484375
18,123,1,0.387573516619579,2790.0206,2790.0206,8,1,0,Solve_Succeeded,6355.6484375
18,124,1,0.391325546642938,2853.7372,2853.7372,9,1,0,Solve_Succeeded,6355.6484375
18,125,1,0.38855162944253,3067.7512,3067.7512,8,1,0,Solve_Succeeded,6355.6484375
18,126,1,0.392220176852261,2993.1256,2993.1256,9,1,0,Solve_Succeeded,6355.6484375
18,127,1,0.391122366635528,3186.0668,3186.0668,8,1,0,Solve_Succeeded,6355.68359375
18,128,1,0.388316658219212,2989.6973,2989.6973,6,1,0,Solve_Succeeded,6355.68359375
18,129,1,0.345880028412072,3071.4965,3071.4965,8,1,0,Solve_Succeeded,6355.68359375
18,130,1,0.304730906205399,2729.7092,2729.7092,8,1,0,Solve_Succeeded,6355.68359375
18,131,1,0.270329563992452,2815.7188,2815.7188,8,1,0,Solve_Succeeded,6355.68359375
18,132,1,0.235770825953187,2704.9908,2704.9908,9,1,0,Solve_Succeeded,6355.68359375
18,133,1,0.211142717059298,2580.3429,2580.3429,8,1,0,Solve_Succeeded,6355.71875
18,134,0,0.185148239217231,0.0085,NaN,NaN,1,0,not_triggered,6355.71875
18,135,0,0.153354640189737,0.0083,NaN,NaN,1,0,not_triggered,6355.71875
19,1,0,0.318236904159946,0.0106,NaN,NaN,1,0,not_triggered,6363.6328125
19,2,0,0.314863307861227,0.0073,NaN,NaN,1,0,not_triggered,6363.6328125
19,3,0,0.317167453546982,0.01,NaN,NaN,1,0,not_triggered,6363.6328125
19,4,0,0.321931527635131,0.0072,NaN,NaN,1,0,not_triggered,6363.6328125
19,5,0,0.314652469764709,0.0106,NaN,NaN,1,0,not_triggered,6363.6328125
19,6,0,0.322653406631953,0.0074,NaN,NaN,1,0,not_triggered,6363.6328125
19,7,0,0.319596499043053,0.0107,NaN,NaN,1,0,not_triggered,6363.6328125
19,8,0,0.335820489536303,0.0063,NaN,NaN,1,0,not_triggered,6363.6328125
19,9,0,0.319263504591786,0.006,NaN,NaN,1,0,not_triggered,6363.6328125
19,10,0,0.340391767858131,0.0077,NaN,NaN,1,0,not_triggered,6363.6328125
19,11,0,0.340320453681068,0.0105,NaN,NaN,1,0,not_triggered,6363.6328125
19,12,0,0.360434411068158,0.0094,NaN,NaN,1,0,not_triggered,6363.6328125
19,13,0,0.35035513654592,0.0076,NaN,NaN,1,0,not_triggered,6363.6328125
19,14,0,0.364609980419891,0.0068,NaN,NaN,1,0,not_triggered,6363.6328125
19,15,0,0.399530897123826,0.0054,NaN,NaN,1,0,not_triggered,6363.6328125
19,16,0,0.391610233538156,0.0052,NaN,NaN,1,0,not_triggered,6363.6328125
19,17,0,0.415858878975399,0.0053,NaN,NaN,1,0,not_triggered,6363.6328125
19,18,0,0.415599875441602,0.0061,NaN,NaN,1,0,not_triggered,6363.6328125
19,19,0,0.418221740330085,0.0058,NaN,NaN,1,0,not_triggered,6363.6328125
19,20,0,0.446735400786339,0.0056,NaN,NaN,1,0,not_triggered,6363.6328125
19,21,0,0.41193844749477,0.0062,NaN,NaN,1,0,not_triggered,6363.6328125
19,22,0,0.484146451608437,0.0052,NaN,NaN,1,0,not_triggered,6363.6328125
19,23,0,0.561904160447685,0.0063,NaN,NaN,1,0,not_triggered,6363.6328125
19,24,0,0.522772349606564,0.0059,NaN,NaN,1,0,not_triggered,6363.6328125
19,25,0,0.53708147311666,0.006,NaN,NaN,1,0,not_triggered,6363.6328125
19,26,0,0.57167677022904,0.0059,NaN,NaN,1,0,not_triggered,6363.6328125
19,27,0,0.568442637087628,0.0053,NaN,NaN,1,0,not_triggered,6363.6328125
19,28,0,0.563462015766907,0.0069,NaN,NaN,1,0,not_triggered,6363.6328125
19,29,1,0.695812112888415,2662.716,2662.716,15,1,0,Solve_Succeeded,6363.63671875
19,30,1,0.769388167919293,2689.5872,2689.5872,15,1,0,Solve_Succeeded,6363.63671875
19,31,1,0.643315526279533,2643.8125,2643.8125,16,1,0,Solve_Succeeded,6363.63671875
19,32,1,0.794974203376885,2662.4425,2662.4425,16,1,0,Solve_Succeeded,6363.63671875
19,33,1,0.846225361586278,2743.8549,2743.8549,19,1,0,Solve_Succeeded,6363.6015625
19,34,1,0.839210545683536,2722.862,2722.862,19,1,0,Solve_Succeeded,6363.6015625
19,35,1,0.831134090305469,2631.4324,2631.4324,16,1,0,Solve_Succeeded,6363.6015625
19,36,1,0.839869519943518,2734.6907,2734.6907,23,1,0,Solve_Succeeded,6363.6015625
19,37,1,0.824818061413052,2774.6231,2774.6231,26,1,0,Solve_Succeeded,6363.6015625
19,38,1,0.839391149495196,2640.9366,2640.9366,20,1,0,Solve_Succeeded,6363.6015625
19,39,1,0.85059099497482,2739.6994,2739.6994,21,1,0,Solve_Succeeded,6363.6015625
19,40,1,0.859463326185723,2695.1879,2695.1879,24,1,0,Solve_Succeeded,6363.6015625
19,41,1,0.874610376286959,2640.6077,2640.6077,20,1,0,Solve_Succeeded,6363.6015625
19,42,1,0.880621794019819,2700.0299,2700.0299,22,1,0,Solve_Succeeded,6363.6015625
19,43,1,0.887047132698663,2718.7868,2718.7868,23,1,0,Solve_Succeeded,6363.6015625
19,44,1,0.865248177812052,2667.7769,2667.7769,19,1,0,Solve_Succeeded,6363.6015625
19,45,1,0.901742548419279,2686.7846,2686.7846,20,1,0,Solve_Succeeded,6363.6015625
19,46,1,0.915692195258279,2742.6067,2742.6067,23,1,0,Solve_Succeeded,6363.6015625
19,47,1,0.939005773952746,2700.1072,2700.1072,19,1,0,Solve_Succeeded,6363.6015625
19,48,1,0.949017532842103,2703.8284,2703.8284,23,1,0,Solve_Succeeded,6363.6015625
19,49,1,0.957330646305649,2683.9117,2683.9117,21,1,0,Solve_Succeeded,6363.6015625
19,50,1,0.969363431001513,2689.3166,2689.3166,26,1,0,Solve_Succeeded,6363.6015625
19,51,1,0.976785088682198,2704.264,2704.264,29,1,0,Solve_Succeeded,6363.6015625
19,52,1,0.967195625787355,2686.1717,2686.1717,23,1,0,Solve_Succeeded,6363.6015625
19,53,1,1.01304186439076,2644.144,2644.144,25,1,0,Solve_Succeeded,6363.6015625
19,54,1,1.02105218554156,2833.2083,2833.2083,35,1,0,Solve_Succeeded,6355.6875
19,55,1,0.984720359264396,2711.0956,2711.0956,30,1,0,Solve_Succeeded,6355.6875
19,56,1,0.973198928793896,2662.2018,2662.2018,20,1,0,Solve_Succeeded,6355.6875
19,57,1,0.987089459263756,2720.9642,2720.9642,30,1,0,Solve_Succeeded,6355.6875
19,58,1,0.972146292917119,2716.7062,2716.7062,26,1,0,Solve_Succeeded,6355.6875
19,59,1,0.992940154236548,2879.9221,2879.9221,28,1,0,Solve_Succeeded,6355.6875
19,60,1,0.973762541616503,2733.5492,2733.5492,31,1,0,Solve_Succeeded,6355.6875
19,61,1,0.951430247480921,2771.284,2771.284,36,1,0,Solve_Succeeded,6355.6875
19,62,1,0.96199784714013,2646.8602,2646.8602,21,1,0,Solve_Succeeded,6356.6640625
19,63,1,0.976499713004163,2738.7422,2738.7422,19,1,0,Solve_Succeeded,6356.6640625
19,64,1,0.971083201898394,2766.827,2766.827,29,1,0,Solve_Succeeded,6356.6640625
19,65,1,0.976021893390119,2707.5675,2707.5675,33,1,0,Solve_Succeeded,6356.5625
19,66,1,0.990267680459802,2740.8863,2740.8863,31,1,0,Solve_Succeeded,6356.5625
19,67,1,0.904519536226515,2742.7682,2742.7682,41,1,0,Solve_Succeeded,6356.5625
19,68,1,0.825428239728141,2745.0712,2745.0712,50,1,0,Solve_Succeeded,6356.5625
19,69,1,0.901085742730953,2861.7323,2861.7323,63,1,0,Solve_Succeeded,6356.5625
19,70,1,0.743278450985061,2806.8514,2806.8514,61,1,0,Solve_Succeeded,6356.5625
19,71,1,0.796018374289992,2800.7243,2800.7243,52,1,0,Solve_Succeeded,6356.5625
19,72,1,0.906420884989639,2833.8364,2833.8364,59,1,0,Solve_Succeeded,6356.5625
19,73,1,0.854448567003679,2813.5185,2813.5185,55,1,0,Solve_Succeeded,6356.5625
19,74,1,0.881722792818017,2788.6288,2788.6288,46,1,0,Solve_Succeeded,6356.59765625
19,75,1,0.837599954987709,2885.8867,2885.8867,44,1,0,Solve_Succeeded,6356.59765625
19,76,1,0.895685611448905,2953.7252,2953.7252,50,1,0,Solve_Succeeded,6356.59765625
19,77,1,0.860385915988391,2838.6158,2838.6158,49,1,0,Solve_Succeeded,6356.59765625
19,78,1,0.790504390564047,2886.3097,2886.3097,44,1,0,Solve_Succeeded,6356.59765625
19,79,1,0.732989687708549,2879.5437,2879.5437,52,1,0,Solve_Succeeded,6337.10546875
19,80,1,0.797221446654586,2859.5295,2859.5295,35,1,0,Solve_Succeeded,6336.69921875
19,81,1,0.854425344930782,2654.4362,2654.4362,19,1,0,Solve_Succeeded,6355.5546875
19,82,1,0.89978643029398,2735.5487,2735.5487,18,1,0,Solve_Succeeded,6355.5859375
19,83,1,0.930056094909452,2778.9733,2778.9733,18,1,0,Solve_Succeeded,6355.5859375
19,84,1,0.94399375099881,2669.9064,2669.9064,18,1,0,Solve_Succeeded,6355.6171875
19,85,1,0.941140003212036,2757.1267,2757.1267,22,1,0,Solve_Succeeded,6355.6171875
19,86,1,0.921953535307115,2745.7651,2745.7651,18,1,0,Solve_Succeeded,6355.6171875
19,87,1,0.887715653230222,2745.27,2745.27,15,1,0,Solve_Succeeded,6355.6328125
19,88,1,0.839805175835086,2734.1249,2734.1249,19,1,0,Solve_Succeeded,6355.6171875
19,89,1,0.777889562969367,2786.31,2786.31,23,1,0,Solve_Succeeded,6355.6171875
19,90,1,0.702438513379849,2662.2053,2662.2053,20,1,0,Solve_Succeeded,6355.6171875
19,91,1,0.615005813119307,2725.922,2725.922,21,1,0,Solve_Succeeded,6355.6171875
19,92,1,0.518253936463046,2782.5801,2782.5801,24,1,0,Solve_Succeeded,6355.6171875
19,93,1,0.426671564596142,2763.2672,2763.2672,21,1,0,Solve_Succeeded,6355.6171875
19,94,1,0.419099895786114,2712.097,2712.097,18,1,0,Solve_Succeeded,6355.6171875
19,95,1,0.432964055626232,2779.0954,2779.0954,20,1,0,Solve_Succeeded,6355.6171875
19,96,1,0.451523243890029,2718.2769,2718.2769,18,1,0,Solve_Succeeded,6355.6171875
19,97,1,0.445660297438413,2669.7049,2669.7049,14,1,0,Solve_Succeeded,6355.6171875
19,98,1,0.487281227927572,2821.7415,2821.7415,18,1,0,Solve_Succeeded,6355.6171875
19,99,1,0.50995596476163,2725.5215,2725.5215,17,1,0,Solve_Succeeded,6355.6171875
19,100,1,0.594855519077221,2827.8138,2827.8138,14,1,0,Solve_Succeeded,6355.6171875
19,101,1,0.6644255674017,2766.0904,2766.0904,15,1,0,Solve_Succeeded,6355.6171875
19,102,1,0.713848397252187,2754.7408,2754.7408,14,1,0,Solve_Succeeded,6355.6171875
19,103,1,0.738314656163125,2754.3611,2754.3611,15,1,0,Solve_Succeeded,6355.6171875
19,104,1,0.735359252461139,2752.8098,2752.8098,17,1,0,Solve_Succeeded,6355.6171875
19,105,1,0.71245301872144,2766.8371,2766.8371,13,1,0,Solve_Succeeded,6355.6171875
19,106,1,0.671732931762497,2739.342,2739.342,17,1,0,Solve_Succeeded,6355.6171875
19,107,1,0.61725873662003,2757.0604,2757.0604,20,1,0,Solve_Succeeded,6355.6171875
19,108,1,0.553172733957867,2726.1944,2726.1944,18,1,0,Solve_Succeeded,6355.6171875
19,109,1,0.482524245473421,2765.4676,2765.4676,18,1,0,Solve_Succeeded,6355.6171875
19,110,1,0.45783268502295,2752.6249,2752.6249,11,1,0,Solve_Succeeded,6355.6171875
19,111,1,0.510018085394151,2627.2229,2627.2229,12,1,0,Solve_Succeeded,6355.6171875
19,112,1,0.547097907754225,2706.9544,2706.9544,11,1,0,Solve_Succeeded,6355.6171875
19,113,1,0.570925105465618,2756.1823,2756.1823,10,1,0,Solve_Succeeded,6355.58203125
19,114,1,0.582372472993497,2709.1116,2709.1116,10,1,0,Solve_Succeeded,6355.58203125
19,115,1,0.580353072942866,2669.9546,2669.9546,9,1,0,Solve_Succeeded,6355.58203125
19,116,1,0.564326674622383,2723.4137,2723.4137,8,1,0,Solve_Succeeded,6355.58203125
19,117,1,0.534391766422731,2674.7133,2674.7133,9,1,0,Solve_Succeeded,6355.61328125
19,118,1,0.491242196563398,2769.5646,2769.5646,10,1,0,Solve_Succeeded,6355.61328125
19,119,1,0.436016061508261,2814.8955,2814.8955,9,1,0,Solve_Succeeded,6355.61328125
19,120,1,0.386682734007903,2663.2281,2663.2281,9,1,0,Solve_Succeeded,6355.61328125
19,121,1,0.383702536587492,2711.0472,2711.0472,7,1,0,Solve_Succeeded,6355.61328125
19,122,1,0.387269957850291,2705.0232,2705.0232,7,1,0,Solve_Succeeded,6355.61328125
19,123,1,0.389782163530459,2626.7337,2626.7337,9,1,0,Solve_Succeeded,6355.61328125
19,124,1,0.386749969326625,2713.0364,2713.0364,9,1,0,Solve_Succeeded,6355.61328125
19,125,1,0.387753127961989,2753.8134,2753.8134,8,1,0,Solve_Succeeded,6355.61328125
19,126,1,0.383718289441541,2609.0559,2609.0559,7,1,0,Solve_Succeeded,6355.61328125
19,127,1,0.351782093376661,2673.6401,2673.6401,8,1,0,Solve_Succeeded,6355.61328125
19,128,1,0.313818414159507,2677.8374,2677.8374,8,1,0,Solve_Succeeded,6355.61328125
19,129,1,0.272718669121762,2605.2931,2605.2931,8,1,0,Solve_Succeeded,6355.61328125
19,130,1,0.242747998358955,2659.6116,2659.6116,8,1,0,Solve_Succeeded,6355.61328125
19,131,1,0.2136180282154,2697.6744,2697.6744,9,1,0,Solve_Succeeded,6355.61328125
19,132,0,0.185294782432932,0.0089,NaN,NaN,1,0,not_triggered,6355.61328125
19,133,0,0.153844135395571,0.0083,NaN,NaN,1,0,not_triggered,6355.61328125
20,1,0,0.308972918753021,0.0089,NaN,NaN,1,0,not_triggered,6363.52734375
20,2,0,0.3078212271947,0.0069,NaN,NaN,1,0,not_triggered,6363.52734375
20,3,0,0.318243103993571,0.0057,NaN,NaN,1,0,not_triggered,6363.52734375
20,4,0,0.313971558824526,0.0058,NaN,NaN,1,0,not_triggered,6363.52734375
20,5,0,0.313581208064527,0.0057,NaN,NaN,1,0,not_triggered,6363.52734375
20,6,0,0.314940313198243,0.0063,NaN,NaN,1,0,not_triggered,6363.52734375
20,7,0,0.320697800199913,0.0061,NaN,NaN,1,0,not_triggered,6363.52734375
20,8,0,0.321389342111469,0.01,NaN,NaN,1,0,not_triggered,6363.52734375
20,9,0,0.333424163883023,0.0098,NaN,NaN,1,0,not_triggered,6363.52734375
20,10,0,0.36332738973066,0.0064,NaN,NaN,1,0,not_triggered,6363.52734375
20,11,0,0.333844461954053,0.0064,NaN,NaN,1,0,not_triggered,6363.52734375
20,12,0,0.35690721573355,0.0058,NaN,NaN,1,0,not_triggered,6363.52734375
20,13,0,0.339502751074369,0.006,NaN,NaN,1,0,not_triggered,6363.52734375
20,14,0,0.384840565002528,0.0059,NaN,NaN,1,0,not_triggered,6363.52734375
20,15,0,0.365706364907905,0.0056,NaN,NaN,1,0,not_triggered,6363.52734375
20,16,0,0.442354230897141,0.0054,NaN,NaN,1,0,not_triggered,6363.52734375
20,17,0,0.418545787298231,0.0065,NaN,NaN,1,0,not_triggered,6363.52734375
20,18,0,0.388701831580005,0.0055,NaN,NaN,1,0,not_triggered,6363.52734375
20,19,0,0.458006540485474,0.0049,NaN,NaN,1,0,not_triggered,6363.52734375
20,20,0,0.474004667611286,0.0053,NaN,NaN,1,0,not_triggered,6363.52734375
20,21,0,0.481648640236061,0.0051,NaN,NaN,1,0,not_triggered,6363.52734375
20,22,0,0.472918207728269,0.0051,NaN,NaN,1,0,not_triggered,6363.52734375
20,23,0,0.502993253842869,0.0092,NaN,NaN,1,0,not_triggered,6363.52734375
20,24,0,0.536828342588812,0.0059,NaN,NaN,1,0,not_triggered,6363.52734375
20,25,0,0.571860328227675,0.0048,NaN,NaN,1,0,not_triggered,6363.52734375
20,26,0,0.53174542550944,0.006,NaN,NaN,1,0,not_triggered,6363.52734375
20,27,0,0.569379031066944,0.0077,NaN,NaN,1,0,not_triggered,6363.52734375
20,28,1,0.61627988239881,2647.8344,2647.8344,13,1,0,Solve_Succeeded,6363.52734375
20,29,1,0.801831466732834,2676.0734,2676.0734,17,1,0,Solve_Succeeded,6363.53125
20,30,1,0.647442898440607,2685.523,2685.523,15,1,0,Solve_Succeeded,6363.53125
20,31,1,0.845844178374596,2726.7765,2726.7765,17,1,0,Solve_Succeeded,6363.53125
20,32,1,0.85242725427022,2702.6069,2702.6069,18,1,0,Solve_Succeeded,6363.53125
20,33,1,0.834659659647347,2726.3198,2726.3198,17,1,0,Solve_Succeeded,6363.53125
20,34,1,0.866301209559441,2779.5589,2779.5589,19,1,0,Solve_Succeeded,6336.421875
20,35,1,0.847444260826769,2726.2908,2726.2908,19,1,0,Solve_Succeeded,6355.61328125
20,36,1,0.838053246729161,2844.0421,2844.0421,17,1,0,Solve_Succeeded,6355.61328125
20,37,1,0.882050694522784,2766.2579,2766.2579,24,1,0,Solve_Succeeded,6355.61328125
20,38,1,0.889800154907485,2669.4393,2669.4393,18,1,0,Solve_Succeeded,6355.61328125
20,39,1,0.90035103972008,2739.6103,2739.6103,18,1,0,Solve_Succeeded,6355.61328125
20,40,1,0.898249167372061,2675.7175,2675.7175,18,1,0,Solve_Succeeded,6355.61328125
20,41,1,0.841315395593138,2652.9638,2652.9638,21,1,0,Solve_Succeeded,6355.61328125
20,42,1,0.923741757767046,2670.2678,2670.2678,21,1,0,Solve_Succeeded,6355.61328125
20,43,1,0.896181499870373,2630.301,2630.301,17,1,0,Solve_Succeeded,6355.61328125
20,44,1,0.877411737381325,2674.777,2674.777,19,1,0,Solve_Succeeded,6355.61328125
20,45,1,0.952862804968786,2755.3338,2755.3338,22,1,0,Solve_Succeeded,6355.61328125
20,46,1,0.925634310579267,2665.4844,2665.4844,20,1,0,Solve_Succeeded,6355.61328125
20,47,1,0.947246832201226,3102.2152,3102.2152,25,1,0,Solve_Succeeded,6355.61328125
20,48,1,0.955205449785476,2863.9686,2863.9686,23,1,0,Solve_Succeeded,6355.61328125
20,49,1,0.953632114397762,2860.998,2860.998,26,1,0,Solve_Succeeded,6355.61328125
20,50,1,0.947490320292535,2726.9242,2726.9242,26,1,0,Solve_Succeeded,6355.61328125
20,51,1,0.94535530433909,2840.3,2840.3,27,1,0,Solve_Succeeded,6355.61328125
20,52,1,0.935324185369547,2751.0764,2751.0764,20,1,0,Solve_Succeeded,6355.61328125
20,53,1,0.943139033921173,2724.1281,2724.1281,28,1,0,Solve_Succeeded,6355.61328125
20,54,1,0.968428772114777,2737.7181,2737.7181,23,1,0,Solve_Succeeded,6355.61328125
20,55,1,0.939226729875683,2776.3989,2776.3989,43,1,0,Solve_Succeeded,6355.61328125
20,56,1,0.942972478442148,2744.2841,2744.2841,34,1,0,Solve_Succeeded,6355.61328125
20,57,1,0.942771467258494,2775.1204,2775.1204,27,1,0,Solve_Succeeded,6355.578125
20,58,1,0.902899466161051,2816.8253,2816.8253,34,1,0,Solve_Succeeded,6337.28125
20,59,1,0.95134771165268,2766.2871,2766.2871,33,1,0,Solve_Succeeded,6355.546875
20,60,1,0.939072988646347,2844.8946,2844.8946,26,1,0,Solve_Succeeded,6355.546875
20,61,1,0.945877126926954,2783.7307,2783.7307,33,1,0,Solve_Succeeded,6355.578125
20,62,1,0.960708905313029,2678.4743,2678.4743,19,1,0,Solve_Succeeded,6355.578125
20,63,1,0.95093285355848,2713.1432,2713.1432,24,1,0,Solve_Succeeded,6355.578125
20,64,1,0.94909510593849,2701.9482,2701.9482,20,1,0,Solve_Succeeded,6355.578125
20,65,1,0.968812018257564,2697.6131,2697.6131,29,1,0,Solve_Succeeded,6355.578125
20,66,1,0.904979205709001,2757.4178,2757.4178,28,1,0,Solve_Succeeded,6355.578125
20,67,1,0.905696945901656,2904.4099,2904.4099,31,1,0,Solve_Succeeded,6355.61328125
20,68,1,0.907684147629605,2702.1566,2702.1566,33,1,0,Solve_Succeeded,6355.61328125
20,69,1,0.814682453414042,2837.1619,2837.1619,25,1,0,Solve_Succeeded,6355.61328125
20,70,1,0.874859774789995,2764.6084,2764.6084,28,1,0,Solve_Succeeded,6355.61328125
20,71,1,0.88811991198698,2794.9143,2794.9143,54,1,0,Solve_Succeeded,6355.61328125
20,72,1,0.822198487222202,2762.3405,2762.3405,51,1,0,Solve_Succeeded,6355.61328125
20,73,1,0.84884325151151,2986.4842,2986.4842,66,1,0,Solve_Succeeded,6355.61328125
20,74,1,0.93221001189526,2906.1558,2906.1558,59,1,0,Solve_Succeeded,6355.61328125
20,75,1,0.796908748325193,2744.9915,2744.9915,53,1,0,Solve_Succeeded,6355.61328125
20,76,1,0.747699658966009,2890.4646,2890.4646,58,1,0,Solve_Succeeded,6355.67578125
20,77,1,0.671125629488158,2824.6145,2824.6145,51,1,0,Solve_Succeeded,6355.67578125
20,78,1,0.744449764737446,2770.7897,2770.7897,64,1,0,Solve_Succeeded,6355.67578125
20,79,1,0.707111633487976,2745.1041,2745.1041,45,1,0,Solve_Succeeded,6355.7109375
20,80,1,0.852003722570994,2692.8122,2692.8122,18,1,0,Solve_Succeeded,6355.7109375
20,81,1,0.78387103057034,2670.6308,2670.6308,20,1,0,Solve_Succeeded,6355.7109375
20,82,1,0.790003259132361,2721.3069,2721.3069,20,1,0,Solve_Succeeded,6355.7109375
20,83,1,0.851395946390872,2701.9365,2701.9365,19,1,0,Solve_Succeeded,6355.7109375
20,84,1,0.899262314169393,2628.7908,2628.7908,15,1,0,Solve_Succeeded,6355.7109375
20,85,1,0.93175002159304,2725.7393,2725.7393,24,1,0,Solve_Succeeded,6355.6875
20,86,1,0.947489327816798,2768.9077,2768.9077,24,1,0,Solve_Succeeded,6355.7109375
20,87,1,0.945919472002127,2882.7168,2882.7168,27,1,0,Solve_Succeeded,6355.71484375
20,88,1,0.927456832412174,2829.1493,2829.1493,32,1,0,Solve_Succeeded,6355.71484375
20,89,1,0.893408848523937,2672.5415,2672.5415,20,1,0,Solve_Succeeded,6355.71484375
20,90,1,0.845327557336064,2729.9807,2729.9807,18,1,0,Solve_Succeeded,6355.71484375
20,91,1,0.784626748945241,2805.0003,2805.0003,22,1,0,Solve_Succeeded,6355.71484375
20,92,1,0.711996745516766,2859.7557,2859.7557,19,1,0,Solve_Succeeded,6355.71484375
20,93,1,0.629608583950044,2700.5086,2700.5086,19,1,0,Solve_Succeeded,6355.71484375
20,94,1,0.539844516968006,2930.4198,2930.4198,15,1,0,Solve_Succeeded,6355.71484375
20,95,1,0.443689778163539,2809.5262,2809.5262,19,1,0,Solve_Succeeded,6355.71484375
20,96,1,0.404007248782441,2736.2604,2736.2604,15,1,0,Solve_Succeeded,6355.71484375
20,97,1,0.415593226356681,2732.4596,2732.4596,16,1,0,Solve_Succeeded,6355.71484375
20,98,1,0.415938411702385,2761.0014,2761.0014,15,1,0,Solve_Succeeded,6355.71484375
20,99,1,0.402997024521351,2688.8417,2688.8417,16,1,0,Solve_Succeeded,6355.71484375
20,100,1,0.407487536794612,2721.8767,2721.8767,12,1,0,Solve_Succeeded,6355.71484375
20,101,1,0.413972108414499,2749.1626,2749.1626,14,1,0,Solve_Succeeded,6355.71484375
20,102,1,0.415819371891937,2643.7221,2643.7221,12,1,0,Solve_Succeeded,6355.71484375
20,103,1,0.504664665293036,2707.6959,2707.6959,10,1,0,Solve_Succeeded,6355.71484375
20,104,1,0.580199161464266,2724.3769,2724.3769,11,1,0,Solve_Succeeded,6355.71484375
20,105,1,0.634473382912117,2707.6964,2707.6964,10,1,0,Solve_Succeeded,6355.62109375
20,106,1,0.659226123866083,2826.5915,2826.5915,12,1,0,Solve_Succeeded,6355.62109375
20,107,1,0.658056259228036,2705.5875,2705.5875,11,1,0,Solve_Succeeded,6355.62109375
20,108,1,0.628946902380386,2704.7358,2704.7358,13,1,0,Solve_Succeeded,6356.59765625
20,109,1,0.575933329153536,2780.3882,2780.3882,14,1,0,Solve_Succeeded,6356.59765625
20,110,1,0.504861072146628,2678.8751,2678.8751,14,1,0,Solve_Succeeded,6356.59765625
20,111,1,0.421013695459163,2643.6764,2643.6764,13,1,0,Solve_Succeeded,6356.59765625
20,112,1,0.386054476835636,2836.6921,2836.6921,13,1,0,Solve_Succeeded,6356.62890625
20,113,1,0.384170438792997,2717.8914,2717.8914,12,1,0,Solve_Succeeded,6356.66015625
20,114,1,0.467702665094477,2728.6897,2728.6897,11,1,0,Solve_Succeeded,6356.66015625
20,115,1,0.502161179485709,2698.4278,2698.4278,11,1,0,Solve_Succeeded,6356.66015625
20,116,1,0.521288869582784,2707.2912,2707.2912,10,1,0,Solve_Succeeded,6356.66015625
20,117,1,0.524485953688025,2780.1326,2780.1326,11,1,0,Solve_Succeeded,6356.66015625
20,118,1,0.511765754376815,2706.4363,2706.4363,9,1,0,Solve_Succeeded,6356.66015625
20,119,1,0.483791289228819,2760.4958,2760.4958,10,1,0,Solve_Succeeded,6356.66015625
20,120,1,0.44174347295974,2745.2371,2745.2371,9,1,0,Solve_Succeeded,6356.66015625
20,121,1,0.387122866835239,2678.1039,2678.1039,8,1,0,Solve_Succeeded,6356.66015625
20,122,1,0.389789224656292,2713.5728,2713.5728,8,1,0,Solve_Succeeded,6356.66015625
20,123,1,0.385232622272727,2651.8651,2651.8651,8,1,0,Solve_Succeeded,6356.66015625
20,124,1,0.383239955982431,2651.7011,2651.7011,9,1,0,Solve_Succeeded,6356.66015625
20,125,1,0.3876747311556,2711.6465,2711.6465,10,1,0,Solve_Succeeded,6356.66015625
20,126,1,0.385853650705218,2642.9918,2642.9918,8,1,0,Solve_Succeeded,6356.66015625
20,127,1,0.385419332771522,2684.7148,2684.7148,6,1,0,Solve_Succeeded,6356.66015625
20,128,1,0.353847690971639,2669.7012,2669.7012,8,1,0,Solve_Succeeded,6356.66015625
20,129,1,0.310195647178129,2762.3249,2762.3249,8,1,0,Solve_Succeeded,6356.66015625
20,130,1,0.277410873304084,2930.4126,2930.4126,7,1,0,Solve_Succeeded,6356.66015625
20,131,1,0.236773387207586,2813.8036,2813.8036,7,1,0,Solve_Succeeded,6356.66015625
20,132,1,0.207293676310944,2692.9517,2692.9517,8,1,0,Solve_Succeeded,6356.66015625
20,133,0,0.182306068205547,0.0662,NaN,NaN,1,0,not_triggered,6356.66015625
20,134,0,0.162598280741392,0.0068,NaN,NaN,1,0,not_triggered,6356.66015625
21,1,0,0.314124094989301,0.0097,NaN,NaN,1,0,not_triggered,6364.57421875
21,2,0,0.314467789966666,0.0091,NaN,NaN,1,0,not_triggered,6364.57421875
21,3,0,0.318808321715854,0.0063,NaN,NaN,1,0,not_triggered,6364.57421875
21,4,0,0.323741860602772,0.007,NaN,NaN,1,0,not_triggered,6364.57421875
21,5,0,0.319265235301499,0.0066,NaN,NaN,1,0,not_triggered,6364.57421875
21,6,0,0.318704072831667,0.0065,NaN,NaN,1,0,not_triggered,6364.57421875
21,7,0,0.324931030417084,0.0105,NaN,NaN,1,0,not_triggered,6364.57421875
21,8,0,0.326353483177848,0.0104,NaN,NaN,1,0,not_triggered,6364.57421875
21,9,0,0.331254037709364,0.0068,NaN,NaN,1,0,not_triggered,6364.57421875
21,10,0,0.343771217764427,0.0065,NaN,NaN,1,0,not_triggered,6364.57421875
21,11,0,0.352956380408187,0.0072,NaN,NaN,1,0,not_triggered,6364.57421875
21,12,0,0.337884464447166,0.0067,NaN,NaN,1,0,not_triggered,6364.57421875
21,13,0,0.356751825123745,0.007,NaN,NaN,1,0,not_triggered,6364.57421875
21,14,0,0.359184243158498,0.0064,NaN,NaN,1,0,not_triggered,6364.57421875
21,15,0,0.388384703540709,0.007,NaN,NaN,1,0,not_triggered,6364.57421875
21,16,0,0.400002541310148,0.0062,NaN,NaN,1,0,not_triggered,6364.57421875
21,17,0,0.40133309150217,0.006,NaN,NaN,1,0,not_triggered,6364.57421875
21,18,0,0.391533183371639,0.0056,NaN,NaN,1,0,not_triggered,6364.57421875
21,19,0,0.414888226261524,0.0081,NaN,NaN,1,0,not_triggered,6364.57421875
21,20,0,0.407916922931303,0.0059,NaN,NaN,1,0,not_triggered,6364.57421875
21,21,0,0.429438717268256,0.0057,NaN,NaN,1,0,not_triggered,6364.57421875
21,22,0,0.45549638331597,0.0061,NaN,NaN,1,0,not_triggered,6364.57421875
21,23,0,0.47067708930857,0.0053,NaN,NaN,1,0,not_triggered,6364.57421875
21,24,0,0.456659458692401,0.0053,NaN,NaN,1,0,not_triggered,6364.57421875
21,25,0,0.468988488057088,0.0055,NaN,NaN,1,0,not_triggered,6364.57421875
21,26,0,0.503324614606451,0.0093,NaN,NaN,1,0,not_triggered,6364.57421875
21,27,1,0.610349329761992,2670.4412,2670.4412,15,1,0,Solve_Succeeded,6364.57421875
21,28,1,0.512866435777741,2631.8486,2631.8486,14,1,0,Solve_Succeeded,6364.57421875
21,29,1,0.544139520373709,2675.8575,2675.8575,14,1,0,Solve_Succeeded,6364.57421875
21,30,1,0.636950689134536,2690.9614,2690.9614,16,1,0,Solve_Succeeded,6345.1015625
21,31,1,0.588139524607173,2827.9435,2827.9435,13,1,0,Solve_Succeeded,6354.71875
21,32,1,0.617461593583003,2727.3448,2727.3448,20,1,0,Solve_Succeeded,6355.6796875
21,33,1,0.643056426623972,2674.0772,2674.0772,16,1,0,Solve_Succeeded,6355.6796875
21,34,1,0.665373152315585,2705.5122,2705.5122,21,1,0,Solve_Succeeded,6355.6796875
21,35,1,0.72019523120108,2751.1649,2751.1649,18,1,0,Solve_Succeeded,6355.6796875
21,36,1,0.611599368383558,2663.8004,2663.8004,20,1,0,Solve_Succeeded,6355.6796875
21,37,1,0.650319635796046,2744.1857,2744.1857,19,1,0,Solve_Succeeded,6355.6796875
21,38,1,0.714846214950342,2789.8168,2789.8168,19,1,0,Solve_Succeeded,6355.6796875
21,39,1,0.645339230905337,2615.1637,2615.1637,21,1,0,Solve_Succeeded,6355.6796875
21,40,1,0.621682880116025,2660.4031,2660.4031,18,1,0,Solve_Succeeded,6355.6796875
21,41,1,0.712820602595082,2694.6358,2694.6358,17,1,0,Solve_Succeeded,6355.6796875
21,42,1,0.638855724535278,2720.8382,2720.8382,20,1,0,Solve_Succeeded,6355.6796875
21,43,1,0.721821500864684,2748.1357,2748.1357,21,1,0,Solve_Succeeded,6355.6796875
21,44,1,0.711215379605422,2737.7804,2737.7804,22,1,0,Solve_Succeeded,6355.6796875
21,45,1,0.702317778746601,2679.9861,2679.9861,21,1,0,Solve_Succeeded,6355.6796875
21,46,1,0.793229531920033,2732.0939,2732.0939,21,1,0,Solve_Succeeded,6355.6796875
21,47,1,0.911027972151901,2712.7008,2712.7008,27,1,0,Solve_Succeeded,6355.609375
21,48,1,0.926937803252187,2682.8297,2682.8297,21,1,0,Solve_Succeeded,6355.609375
21,49,1,0.916606884681578,2763.3255,2763.3255,25,1,0,Solve_Succeeded,6355.64453125
21,50,1,0.947164424130491,2734.8423,2734.8423,22,1,0,Solve_Succeeded,6355.64453125
21,51,1,0.966221683048708,2779.1564,2779.1564,26,1,0,Solve_Succeeded,6355.64453125
21,52,1,0.976111672516852,2878.5048,2878.5048,26,1,0,Solve_Succeeded,6355.64453125
21,53,1,0.993751035809309,2794.1273,2794.1273,43,1,0,Solve_Succeeded,6367.62890625
21,54,1,0.987611773995166,2897.28,2897.28,37,1,0,Solve_Succeeded,6359.71484375
21,55,1,0.971799512468718,2794.8673,2794.8673,35,1,0,Solve_Succeeded,6359.71484375
21,56,1,0.996592690115734,2850.3092,2850.3092,29,1,0,Solve_Succeeded,6359.71484375
21,57,1,0.97281486734457,2978.4047,2978.4047,23,1,0,Solve_Succeeded,6359.71484375
21,58,1,0.962447851942372,3376.3464,3376.3464,28,1,0,Solve_Succeeded,6359.71484375
21,59,1,0.948610376813423,3762.9713,3762.9713,30,1,0,Solve_Succeeded,6359.71484375
21,60,1,0.951343592661101,3869.9691,3869.9691,23,1,0,Solve_Succeeded,6359.7109375
21,61,1,0.957932414706538,2965.8607,2965.8607,25,1,0,Solve_Succeeded,6359.7109375
21,62,1,0.949762027776682,3191.0512,3191.0512,31,1,0,Solve_Succeeded,6359.7109375
21,63,1,0.946160297851006,3412.4008,3412.4008,25,1,0,Solve_Succeeded,6359.7109375
21,64,1,0.966298211727224,3707.823,3707.823,27,1,0,Solve_Succeeded,6359.7109375
21,65,1,0.905545278922513,3524.026,3524.026,31,1,0,Solve_Succeeded,6359.7109375
21,66,1,0.882219875547038,2780.6274,2780.6274,26,1,0,Solve_Succeeded,6359.7109375
21,67,1,0.90632869248172,2721.8621,2721.8621,28,1,0,Solve_Succeeded,6359.7109375
21,68,1,0.904879970536581,2706.0133,2706.0133,48,1,0,Solve_Succeeded,6359.7109375
21,69,1,0.87847782489314,2908.0853,2908.0853,42,1,0,Solve_Succeeded,6359.71484375
21,70,1,0.814189512538061,2816.4139,2816.4139,62,1,0,Solve_Succeeded,6359.71484375
21,71,1,0.862910123400555,2866.658,2866.658,55,1,0,Solve_Succeeded,6359.71484375
21,72,1,0.90721313596303,2747.1288,2747.1288,52,1,0,Solve_Succeeded,6355.7109375
21,73,1,0.907182745829425,2794.4926,2794.4926,54,1,0,Solve_Succeeded,6355.7109375
21,74,1,0.815761581114975,2764.3348,2764.3348,53,1,0,Solve_Succeeded,6355.7109375
21,75,1,0.679998066542599,2716.2476,2716.2476,45,1,0,Solve_Succeeded,6355.7109375
21,76,1,0.822124310616817,2870.6402,2870.6402,47,1,0,Solve_Succeeded,6355.7109375
21,77,1,0.845691053192025,3003.588,3003.588,56,1,0,Solve_Succeeded,6355.7109375
21,78,1,0.738665004530921,2835.6596,2835.6596,53,1,0,Solve_Succeeded,6355.7109375
21,79,1,0.766712915269,2720.222,2720.222,36,1,0,Solve_Succeeded,6355.7109375
21,80,1,0.829923336386573,2734.5366,2734.5366,42,1,0,Solve_Succeeded,6355.7109375
21,81,1,0.880180406081617,2650.115,2650.115,22,1,0,Solve_Succeeded,6355.7109375
21,82,1,0.915551865087032,2702.5969,2702.5969,19,1,0,Solve_Succeeded,6355.7109375
21,83,1,0.934516347522503,2626.6846,2626.6846,26,1,0,Solve_Succeeded,6355.7109375
21,84,1,0.936297184508089,2629.4254,2629.4254,16,1,0,Solve_Succeeded,6355.7109375
21,85,1,0.921071955765938,2720.0643,2720.0643,16,1,0,Solve_Succeeded,6355.7109375
21,86,1,0.889587426987303,2731.3195,2731.3195,20,1,0,Solve_Succeeded,6355.7109375
21,87,1,0.84297696118949,2756.3437,2756.3437,20,1,0,Solve_Succeeded,6355.7109375
21,88,1,0.781367818120106,2781.2964,2781.2964,20,1,0,Solve_Succeeded,6355.7109375
21,89,1,0.705389463825606,2779.751,2779.751,21,1,0,Solve_Succeeded,6355.7109375
21,90,1,0.617149676482273,2768.2635,2768.2635,21,1,0,Solve_Succeeded,6356.6875
21,91,1,0.519357842250526,2777.654,2777.654,18,1,0,Solve_Succeeded,6356.6875
21,92,1,0.425971549336994,2754.658,2754.658,17,1,0,Solve_Succeeded,6356.6875
21,93,1,0.45761024125308,2606.8959,2606.8959,22,1,0,Solve_Succeeded,6356.65625
21,94,1,0.444601687555317,2759.3469,2759.3469,17,1,0,Solve_Succeeded,6356.65625
21,95,1,0.442966556998946,2714.4916,2714.4916,15,1,0,Solve_Succeeded,6356.65625
21,96,1,0.46954319114304,2705.376,2705.376,18,1,0,Solve_Succeeded,6356.65625
21,97,1,0.442801234835087,2709.7858,2709.7858,16,1,0,Solve_Succeeded,6356.65625
21,98,1,0.523907689507631,2644.4437,2644.4437,15,1,0,Solve_Succeeded,6356.65625
21,99,1,0.606198813697504,2714.2163,2714.2163,14,1,0,Solve_Succeeded,6356.76171875
21,100,1,0.672034429386825,2773.4905,2773.4905,17,1,0,Solve_Succeeded,6356.76171875
21,101,1,0.716699644720091,2675.0819,2675.0819,15,1,0,Solve_Succeeded,6356.76171875
21,102,1,0.735926842423396,2687.2486,2687.2486,16,1,0,Solve_Succeeded,6337.375
21,103,1,0.731602423173797,2774.738,2774.738,16,1,0,Solve_Succeeded,6355.78125
21,104,1,0.708515897587522,2684.3538,2684.3538,13,1,0,Solve_Succeeded,6355.78515625
21,105,1,0.668341297379612,2695.7039,2695.7039,20,1,0,Solve_Succeeded,6355.78515625
21,106,1,0.615805673143345,2799.081,2799.081,21,1,0,Solve_Succeeded,6336.97265625
21,107,1,0.554447303977066,2760.3089,2760.3089,14,1,0,Solve_Succeeded,6355.828125
21,108,1,0.486946560021062,2718.247,2718.247,14,1,0,Solve_Succeeded,6355.8515625
21,109,1,0.49721537087458,2752.3958,2752.3958,11,1,0,Solve_Succeeded,6355.8828125
21,110,1,0.548205788011868,2722.1342,2722.1342,12,1,0,Solve_Succeeded,6355.8828125
21,111,1,0.584475756990497,2678.2956,2678.2956,12,1,0,Solve_Succeeded,6355.8828125
21,112,1,0.604789115030197,2810.3725,2810.3725,13,1,0,Solve_Succeeded,6355.8828125
21,113,1,0.608422140341215,2896.0443,2896.0443,10,1,0,Solve_Succeeded,6355.8515625
21,114,1,0.600758271418043,3072.0975,3072.0975,10,1,0,Solve_Succeeded,6355.8515625
21,115,1,0.581441266839984,3309.0123,3309.0123,10,1,0,Solve_Succeeded,6355.81640625
21,116,1,0.550449707588006,3914.2509,3914.2509,11,1,0,Solve_Succeeded,6355.8203125
21,117,1,0.508129547274663,3452.8183,3452.8183,10,1,0,Solve_Succeeded,6356.828125
21,118,1,0.455147065733909,2980.1716,2980.1716,10,1,0,Solve_Succeeded,6356.828125
21,119,1,0.392433021356484,2856.898,2856.898,10,1,0,Solve_Succeeded,6356.828125
21,120,1,0.388066694986767,2690.8375,2690.8375,9,1,0,Solve_Succeeded,6356.828125
21,121,1,0.3857872583784,2637.841,2637.841,8,1,0,Solve_Succeeded,6356.828125
21,122,1,0.386616190857778,2636.2721,2636.2721,8,1,0,Solve_Succeeded,6356.828125
21,123,1,0.389008586119467,2668.3131,2668.3131,8,1,0,Solve_Succeeded,6356.828125
21,124,1,0.38763355052329,2617.2326,2617.2326,9,1,0,Solve_Succeeded,6356.828125
21,125,1,0.388536326966629,2651.308,2651.308,8,1,0,Solve_Succeeded,6356.828125
21,126,1,0.3859099878734,2697.8335,2697.8335,7,1,0,Solve_Succeeded,6356.828125
21,127,1,0.340206968753793,2657.495,2657.495,7,1,0,Solve_Succeeded,6356.828125
21,128,1,0.300345376937332,2628.6811,2628.6811,7,1,0,Solve_Succeeded,6356.828125
21,129,1,0.267916103787389,2856.8974,2856.8974,9,1,0,Solve_Succeeded,6356.828125
21,130,1,0.231456473848233,2628.8807,2628.8807,9,1,0,Solve_Succeeded,6356.828125
21,131,1,0.202789025818652,2743.3926,2743.3926,8,1,0,Solve_Succeeded,6356.87890625
21,132,0,0.175450774996394,0.0151,NaN,NaN,1,0,not_triggered,6356.87890625
21,133,0,0.150250298225248,0.0059,NaN,NaN,1,0,not_triggered,6356.87890625
22,1,0,0.310023419888089,0.0082,NaN,NaN,1,0,not_triggered,6356.87890625
22,2,0,0.31034992027031,0.0065,NaN,NaN,1,0,not_triggered,6356.87890625
22,3,0,0.313784935080729,0.0069,NaN,NaN,1,0,not_triggered,6356.87890625
22,4,0,0.310032225311668,0.006,NaN,NaN,1,0,not_triggered,6356.87890625
22,5,0,0.314695537879716,0.006,NaN,NaN,1,0,not_triggered,6356.87890625
22,6,0,0.312168314448729,0.006,NaN,NaN,1,0,not_triggered,6356.87890625
22,7,0,0.312641023157995,0.0063,NaN,NaN,1,0,not_triggered,6356.87890625
22,8,0,0.315321955252955,0.0053,NaN,NaN,1,0,not_triggered,6356.87890625
22,9,0,0.326591135514592,0.0054,NaN,NaN,1,0,not_triggered,6356.87890625
22,10,0,0.339208564435607,0.0053,NaN,NaN,1,0,not_triggered,6356.86328125
22,11,0,0.33344919605816,0.006,NaN,NaN,1,0,not_triggered,6356.86328125
22,12,0,0.346983287143788,0.0062,NaN,NaN,1,0,not_triggered,6356.86328125
22,13,0,0.356923584396353,0.0057,NaN,NaN,1,0,not_triggered,6356.86328125
22,14,0,0.416292498767621,0.0059,NaN,NaN,1,0,not_triggered,6356.86328125
22,15,0,0.394324773084185,0.0054,NaN,NaN,1,0,not_triggered,6356.86328125
22,16,0,0.381153988304411,0.0051,NaN,NaN,1,0,not_triggered,6356.86328125
22,17,0,0.433707372504974,0.005,NaN,NaN,1,0,not_triggered,6356.86328125
22,18,0,0.43250720804618,0.005,NaN,NaN,1,0,not_triggered,6356.86328125
22,19,0,0.486795023783314,0.0091,NaN,NaN,1,0,not_triggered,6356.86328125
22,20,0,0.40626215721424,0.0066,NaN,NaN,1,0,not_triggered,6356.86328125
22,21,0,0.508895900327188,0.0093,NaN,NaN,1,0,not_triggered,6356.86328125
22,22,0,0.495017405873192,0.0066,NaN,NaN,1,0,not_triggered,6356.86328125
22,23,0,0.47694808780128,0.0059,NaN,NaN,1,0,not_triggered,6356.86328125
22,24,0,0.561865303359178,0.0055,NaN,NaN,1,0,not_triggered,6356.86328125
22,25,0,0.533758416211735,0.0086,NaN,NaN,1,0,not_triggered,6356.86328125
22,26,0,0.545753628241297,0.005,NaN,NaN,1,0,not_triggered,6356.86328125
22,27,1,0.644288513428882,2681.9942,2681.9942,16,1,0,Solve_Succeeded,6356.86328125
22,28,1,0.600365611447916,3054.5675,3054.5675,15,1,0,Solve_Succeeded,6356.86328125
22,29,1,0.630810606291056,2633.6745,2633.6745,17,1,0,Solve_Succeeded,6356.86328125
22,30,1,0.726229793323395,2698.1647,2698.1647,17,1,0,Solve_Succeeded,6356.86328125
22,31,1,0.665337691229483,2726.2309,2726.2309,16,1,0,Solve_Succeeded,6356.86328125
22,32,1,0.77120587419112,2742.6035,2742.6035,19,1,0,Solve_Succeeded,6356.86328125
22,33,1,0.755872710577616,2757.2642,2757.2642,16,1,0,Solve_Succeeded,6356.86328125
22,34,1,0.83463103128513,2742.3666,2742.3666,18,1,0,Solve_Succeeded,6356.86328125
22,35,1,0.84419699670865,2745.4382,2745.4382,17,1,0,Solve_Succeeded,6356.86328125
22,36,1,0.854047389211351,2720.8084,2720.8084,17,1,0,Solve_Succeeded,6356.86328125
22,37,1,0.846295826022794,2769.2136,2769.2136,23,1,0,Solve_Succeeded,6356.828125
22,38,1,0.871573113196959,2725.1517,2725.1517,20,1,0,Solve_Succeeded,6356.828125
22,39,1,0.857589331758702,2742.2473,2742.2473,23,1,0,Solve_Succeeded,6356.828125
22,40,1,0.750394447221828,2764.1239,2764.1239,23,1,0,Solve_Succeeded,6356.828125
22,41,1,0.865372180853607,2796.3924,2796.3924,19,1,0,Solve_Succeeded,6356.828125
22,42,1,0.874740817277263,2786.1478,2786.1478,23,1,0,Solve_Succeeded,6356.828125
22,43,1,0.88162251269361,2895.2709,2895.2709,25,1,0,Solve_Succeeded,6356.828125
22,44,1,0.893811100884358,2825.3279,2825.3279,20,1,0,Solve_Succeeded,6356.828125
22,45,1,0.901783924237059,2771.582,2771.582,21,1,0,Solve_Succeeded,6356.828125
22,46,1,0.914256028947121,2878.9505,2878.9505,19,1,0,Solve_Succeeded,6356.828125
22,47,1,0.925255629201864,2711.2734,2711.2734,21,1,0,Solve_Succeeded,6356.828125
22,48,1,0.905623439507151,2742.2907,2742.2907,21,1,0,Solve_Succeeded,6356.828125
22,49,1,0.94083719145354,2891.9294,2891.9294,20,1,0,Solve_Succeeded,6356.828125
22,50,1,0.944301891605628,2855.9951,2855.9951,22,1,0,Solve_Succeeded,6356.828125
22,51,1,0.944087313328143,2821.5937,2821.5937,19,1,0,Solve_Succeeded,6356.828125
22,52,1,0.965896103071103,3301.9545,3301.9545,19,1,0,Solve_Succeeded,6356.828125
22,53,1,0.942028168565419,2825.0618,2825.0618,21,1,0,Solve_Succeeded,6356.828125
22,54,1,0.931586091229699,2807.3716,2807.3716,23,1,0,Solve_Succeeded,6356.828125
22,55,1,0.949982841507509,2953.9129,2953.9129,37,1,0,Solve_Succeeded,6356.828125
22,56,1,0.960748745867866,2867.5256,2867.5256,34,1,0,Solve_Succeeded,6356.828125
22,57,1,0.971926916352536,2858.4474,2858.4474,23,1,0,Solve_Succeeded,6356.828125
22,58,1,0.975778171710868,2762.7805,2762.7805,18,1,0,Solve_Succeeded,6356.79296875
22,59,1,0.982313506280211,2684.7326,2684.7326,23,1,0,Solve_Succeeded,6356.79296875
22,60,1,0.963441682848077,2706.3856,2706.3856,20,1,0,Solve_Succeeded,6356.79296875
22,61,1,1.00323272313723,2609.25,2609.25,21,1,0,Solve_Succeeded,6356.79296875
22,62,1,0.939384129068329,2722.1184,2722.1184,30,1,0,Solve_Succeeded,6356.79296875
22,63,1,0.961743899714823,2690.9123,2690.9123,21,1,0,Solve_Succeeded,6356.79296875
22,64,1,0.952739243372924,2651.4892,2651.4892,26,1,0,Solve_Succeeded,6356.79296875
22,65,1,0.975373001458194,2699.0531,2699.0531,34,1,0,Solve_Succeeded,6356.79296875
22,66,1,0.9346130408513,2651.8012,2651.8012,25,1,0,Solve_Succeeded,6356.79296875
22,67,1,0.960222072302486,2669.948,2669.948,26,1,0,Solve_Succeeded,6356.79296875
22,68,1,0.987466537842574,2727.7758,2727.7758,45,1,0,Solve_Succeeded,6356.82421875
22,69,1,0.855352073047495,2723.6929,2723.6929,54,1,0,Solve_Succeeded,6356.82421875
22,70,1,0.870135569699026,2739.5191,2739.5191,61,1,0,Solve_Succeeded,6356.79296875
22,71,1,0.857289112666608,2832.092,2832.092,60,1,0,Solve_Succeeded,6356.79296875
22,72,1,0.75667196347403,2739.5383,2739.5383,52,1,0,Solve_Succeeded,6356.79296875
22,73,1,0.953178510479335,2741.1432,2741.1432,58,1,0,Solve_Succeeded,6356.79296875
22,74,1,0.827149200018433,2757.1178,2757.1178,60,1,0,Solve_Succeeded,6356.79296875
22,75,1,0.826303557051284,2801.9601,2801.9601,56,1,0,Solve_Succeeded,6337.23828125
22,76,1,0.810235167497121,2695.8391,2695.8391,55,1,0,Solve_Succeeded,6355.8125
22,77,1,0.823474910339709,2790.0224,2790.0224,57,1,0,Solve_Succeeded,6355.8125
22,78,1,0.756400827130472,2701.612,2701.612,23,1,0,Solve_Succeeded,6356.7890625
22,79,1,0.773130247804716,2646.8657,2646.8657,39,1,0,Solve_Succeeded,6336.72265625
22,80,1,0.835187976935285,2704.5175,2704.5175,25,1,0,Solve_Succeeded,6355.80859375
22,81,1,0.883893919043806,2690.1858,2690.1858,21,1,0,Solve_Succeeded,6356.7890625
22,82,1,0.91730143170604,2650.6631,2650.6631,28,1,0,Solve_Succeeded,6356.65234375
22,83,1,0.933933811919364,2684.2632,2684.2632,29,1,0,Solve_Succeeded,6356.65234375
22,84,1,0.933120854738358,2714.2842,2714.2842,23,1,0,Solve_Succeeded,6356.65234375
22,85,1,0.910105711593604,2626.1856,2626.1856,26,1,0,Solve_Succeeded,6356.65234375
22,86,1,0.866963524739847,2700.6429,2700.6429,19,1,0,Solve_Succeeded,6356.65234375
22,87,1,0.806887128492307,2704.7944,2704.7944,21,1,0,Solve_Succeeded,6356.65234375
22,88,1,0.733360620379479,2594.2622,2594.2622,16,1,0,Solve_Succeeded,6356.65234375
22,89,1,0.661553867108993,2679.8967,2679.8967,21,1,0,Solve_Succeeded,6356.71875
22,90,1,0.643383115521591,2654.0466,2654.0466,16,1,0,Solve_Succeeded,6356.71875
22,91,1,0.589558415536791,2589.0452,2589.0452,15,1,0,Solve_Succeeded,6356.75390625
22,92,1,0.610785140511267,2627.6012,2627.6012,15,1,0,Solve_Succeeded,6356.75390625
22,93,1,0.454493417549909,2650.5508,2650.5508,16,1,0,Solve_Succeeded,6356.75390625
22,94,1,0.461972580660564,2617.3238,2617.3238,14,1,0,Solve_Succeeded,6356.75390625
22,95,1,0.471493977086778,2643.0369,2643.0369,13,1,0,Solve_Succeeded,6356.75390625
22,96,1,0.391398884662428,2653.3091,2653.3091,13,1,0,Solve_Succeeded,6356.75390625
22,97,1,0.392381667256131,2623.1726,2623.1726,12,1,0,Solve_Succeeded,6356.75390625
22,98,1,0.389154401149191,2610.369,2610.369,12,1,0,Solve_Succeeded,6356.75390625
22,99,1,0.391434585393191,2601.9816,2601.9816,12,1,0,Solve_Succeeded,6356.75390625
22,100,1,0.390799064351832,2668.0546,2668.0546,17,1,0,Solve_Succeeded,6356.75390625
22,101,1,0.411846877330798,2669.9479,2669.9479,17,1,0,Solve_Succeeded,6356.75390625
22,102,1,0.474553773374038,2666.3742,2666.3742,16,1,0,Solve_Succeeded,6356.75390625
22,103,1,0.528811635680141,2881.9506,2881.9506,15,1,0,Solve_Succeeded,6356.75390625
22,104,1,0.564277311035526,2650.2128,2650.2128,14,1,0,Solve_Succeeded,6356.75390625
22,105,1,0.576306867358999,2616.6082,2616.6082,16,1,0,Solve_Succeeded,6356.75390625
22,106,1,0.562664808020798,2704.5103,2704.5103,13,1,0,Solve_Succeeded,6356.75390625
22,107,1,0.524614645884096,2667.0179,2667.0179,12,1,0,Solve_Succeeded,6356.75390625
22,108,1,0.466090460468435,2627.0188,2627.0188,13,1,0,Solve_Succeeded,6356.75390625
22,109,1,0.39185123959118,2589.2475,2589.2475,12,1,0,Solve_Succeeded,6356.75390625
22,110,1,0.386907458593437,2589.0463,2589.0463,13,1,0,Solve_Succeeded,6356.75390625
22,111,1,0.39092339090213,2650.5017,2650.5017,12,1,0,Solve_Succeeded,6356.75390625
22,112,1,0.392092132421915,2654.3416,2654.3416,12,1,0,Solve_Succeeded,6356.75390625
22,113,1,0.390718931123992,2605.4871,2605.4871,11,1,0,Solve_Succeeded,6356.75390625
22,114,1,0.385079044429331,2646.7434,2646.7434,10,1,0,Solve_Succeeded,6356.75390625
22,115,1,0.384340934561894,2630.7459,2630.7459,11,1,0,Solve_Succeeded,6356.75390625
22,116,1,0.391416452367227,2569.5583,2569.5583,10,1,0,Solve_Succeeded,6356.75390625
22,117,1,0.386668455539585,2661.2581,2661.2581,8,1,0,Solve_Succeeded,6356.75390625
22,118,1,0.384942360417572,2683.6247,2683.6247,8,1,0,Solve_Succeeded,6364.70703125
22,119,1,0.387735272729926,2455.3294,2455.3294,8,1,0,Solve_Succeeded,6364.66796875
22,120,1,0.386013240866427,2434.2892,2434.2892,7,1,0,Solve_Succeeded,6364.66796875
22,121,1,0.385331814291558,2440.8849,2440.8849,8,1,0,Solve_Succeeded,6356.75390625
22,122,1,0.386469060773958,2438.1321,2438.1321,9,1,0,Solve_Succeeded,6356.75390625
22,123,1,0.385162282057102,2454.078,2454.078,10,1,0,Solve_Succeeded,6356.75390625
22,124,1,0.387729987504745,2450.0299,2450.0299,8,1,0,Solve_Succeeded,6356.75390625
22,125,1,0.380503919167395,2454.1996,2454.1996,9,1,0,Solve_Succeeded,6356.75390625
22,126,1,0.337129888976325,2438.028,2438.028,9,1,0,Solve_Succeeded,6356.75390625
22,127,1,0.301235007808984,2437.0757,2437.0757,8,1,0,Solve_Succeeded,6356.75390625
22,128,1,0.258255087891821,2445.4305,2445.4305,8,1,0,Solve_Succeeded,6356.75390625
22,129,1,0.223803446684114,2443.7701,2443.7701,7,1,0,Solve_Succeeded,6356.75390625
22,130,0,0.196427327426618,0.0068,NaN,NaN,1,0,not_triggered,6356.75390625
22,131,0,0.17418939307629,0.0063,NaN,NaN,1,0,not_triggered,6356.75390625
22,132,0,0.14965797763591,0.0064,NaN,NaN,1,0,not_triggered,6356.75390625
23,1,0,0.313445790287637,0.0086,NaN,NaN,1,0,not_triggered,6364.66796875
23,2,0,0.312134471312573,0.0066,NaN,NaN,1,0,not_triggered,6364.66796875
23,3,0,0.31547052070297,0.0054,NaN,NaN,1,0,not_triggered,6364.66796875
23,4,0,0.318575708190478,0.0057,NaN,NaN,1,0,not_triggered,6364.66796875
23,5,0,0.309403965259353,0.0056,NaN,NaN,1,0,not_triggered,6364.66796875
23,6,0,0.310484163456084,0.0053,NaN,NaN,1,0,not_triggered,6364.66796875
23,7,0,0.316251762778536,0.0062,NaN,NaN,1,0,not_triggered,6364.66796875
23,8,0,0.326358886109675,0.0075,NaN,NaN,1,0,not_triggered,6364.66796875
23,9,0,0.327764526103173,0.0066,NaN,NaN,1,0,not_triggered,6364.66796875
23,10,0,0.320051054409413,0.0063,NaN,NaN,1,0,not_triggered,6364.66796875
23,11,0,0.333401935161647,0.006,NaN,NaN,1,0,not_triggered,6364.66796875
23,12,0,0.339192551745944,0.0059,NaN,NaN,1,0,not_triggered,6364.66796875
23,13,0,0.371884366044743,0.0063,NaN,NaN,1,0,not_triggered,6364.66796875
23,14,0,0.358091006111711,0.0056,NaN,NaN,1,0,not_triggered,6364.66796875
23,15,0,0.348369898115772,0.0055,NaN,NaN,1,0,not_triggered,6364.66796875
23,16,0,0.369165895614331,0.005,NaN,NaN,1,0,not_triggered,6364.66796875
23,17,0,0.367381022425999,0.0049,NaN,NaN,1,0,not_triggered,6364.66796875
23,18,0,0.407238508176633,0.0049,NaN,NaN,1,0,not_triggered,6364.66796875
23,19,0,0.423447565629974,0.0054,NaN,NaN,1,0,not_triggered,6364.66796875
23,20,0,0.458087456643568,0.0047,NaN,NaN,1,0,not_triggered,6364.66796875
23,21,0,0.443481052773522,0.0057,NaN,NaN,1,0,not_triggered,6364.66796875
23,22,0,0.443625333156495,0.0073,NaN,NaN,1,0,not_triggered,6364.66796875
23,23,0,0.461646881853824,0.0055,NaN,NaN,1,0,not_triggered,6364.66796875
23,24,0,0.440886996892463,0.0055,NaN,NaN,1,0,not_triggered,6364.66796875
23,25,0,0.516609103425008,0.0061,NaN,NaN,1,0,not_triggered,6364.66796875
23,26,0,0.506821628958628,0.0055,NaN,NaN,1,0,not_triggered,6364.66796875
23,27,0,0.538748014046447,0.0056,NaN,NaN,1,0,not_triggered,6364.66796875
23,28,0,0.575500210609004,0.0054,NaN,NaN,1,0,not_triggered,6364.66796875
23,29,0,0.556363549792783,0.0052,NaN,NaN,1,0,not_triggered,6364.66796875
23,30,0,0.571444795285036,0.0051,NaN,NaN,1,0,not_triggered,6364.66796875
23,31,1,0.62112828018906,2452.0064,2452.0064,14,1,0,Solve_Succeeded,6364.66796875
23,32,1,0.67563179947498,2460.8087,2460.8087,16,1,0,Solve_Succeeded,6364.66796875
23,33,1,0.715565955439579,2455.472,2455.472,13,1,0,Solve_Succeeded,6364.66796875
23,34,1,0.731608620995929,2473.0018,2473.0018,17,1,0,Solve_Succeeded,6364.53125
23,35,1,0.730295862540715,2479.1909,2479.1909,20,1,0,Solve_Succeeded,6364.53125
23,36,1,0.708811038316977,2482.2921,2482.2921,21,1,0,Solve_Succeeded,6364.5625
23,37,1,0.739553867620283,2484.3869,2484.3869,22,1,0,Solve_Succeeded,6364.5625
23,38,1,0.800999068808196,2480.6768,2480.6768,22,1,0,Solve_Succeeded,6364.5625
23,39,1,0.695671307258805,2468.8768,2468.8768,20,1,0,Solve_Succeeded,6364.5625
23,40,1,0.833149071631328,2475.9103,2475.9103,19,1,0,Solve_Succeeded,6364.5625
23,41,1,0.682296738446482,2485.6977,2485.6977,21,1,0,Solve_Succeeded,6364.5625
23,42,1,0.763066615783344,2485.9448,2485.9448,19,1,0,Solve_Succeeded,6364.5625
23,43,1,0.894691019779565,2480.7662,2480.7662,21,1,0,Solve_Succeeded,6364.5625
23,44,1,0.668316550488903,2472.5048,2472.5048,21,1,0,Solve_Succeeded,6364.5625
23,45,1,0.74199891639977,2484.4413,2484.4413,19,1,0,Solve_Succeeded,6364.5625
23,46,1,0.862111213633427,2474.6059,2474.6059,19,1,0,Solve_Succeeded,6364.5625
23,47,1,0.747486759910278,2482.8351,2482.8351,21,1,0,Solve_Succeeded,6364.5625
23,48,1,0.91966832408574,2489.4145,2489.4145,21,1,0,Solve_Succeeded,6356.6484375
23,49,1,0.962241832669961,2512.387,2512.387,28,1,0,Solve_Succeeded,6356.6484375
23,50,1,0.89470885280533,2480.1532,2480.1532,21,1,0,Solve_Succeeded,6356.6484375
23,51,1,0.937055928735257,2488.4629,2488.4629,21,1,0,Solve_Succeeded,6356.6484375
23,52,1,0.950008126021173,2490.8042,2490.8042,25,1,0,Solve_Succeeded,6356.6484375
23,53,1,0.969478833791426,2490.3145,2490.3145,23,1,0,Solve_Succeeded,6356.6484375
23,54,1,0.991403246995132,2496.7885,2496.7885,23,1,0,Solve_Succeeded,6356.6484375
23,55,1,1.0353744137284,2523.8079,2523.8079,27,1,0,Solve_Succeeded,6356.6484375
23,56,1,0.967111122003346,2484.8887,2484.8887,20,1,0,Solve_Succeeded,6356.6484375
23,57,1,0.993489615256775,2489.1518,2489.1518,21,1,0,Solve_Succeeded,6356.6484375
23,58,1,0.970081520928955,2508.4109,2508.4109,28,1,0,Solve_Succeeded,6356.6484375
23,59,1,0.944315677797598,2474.786,2474.786,18,1,0,Solve_Succeeded,6337.85546875
23,60,1,0.964489932423421,2491.927,2491.927,20,1,0,Solve_Succeeded,6337.11328125
23,61,1,0.964241702059385,2487.3832,2487.3832,21,1,0,Solve_Succeeded,6355.640625
23,62,1,0.935448455150448,2492.986,2492.986,25,1,0,Solve_Succeeded,6355.640625
23,63,1,0.951577890598198,2512.3877,2512.3877,28,1,0,Solve_Succeeded,6355.671875
23,64,1,0.968127053887022,2496.8906,2496.8906,25,1,0,Solve_Succeeded,6355.671875
23,65,1,0.959913580884074,2498.2866,2498.2866,24,1,0,Solve_Succeeded,6355.671875
23,66,1,0.906782969210418,2538.7418,2538.7418,37,1,0,Solve_Succeeded,6355.671875
23,67,1,0.906714013075419,2508.9703,2508.9703,31,1,0,Solve_Succeeded,6355.671875
23,68,1,0.905113279517256,2537.0585,2537.0585,40,1,0,Solve_Succeeded,6355.671875
23,69,1,0.88220110362188,2567.2466,2567.2466,50,1,0,Solve_Succeeded,6355.671875
23,70,1,0.90026016235296,2576.3919,2576.3919,53,1,0,Solve_Succeeded,6355.671875
23,71,1,0.894866182581687,2583.4342,2583.4342,51,1,0,Solve_Succeeded,6355.671875
23,72,1,0.911063577394169,2578.1563,2578.1563,54,1,0,Solve_Succeeded,6336.84765625
23,73,1,0.800227976859853,2604.8395,2604.8395,59,1,0,Solve_Succeeded,6355.60546875
23,74,1,0.831258248056132,2572.7225,2572.7225,52,1,0,Solve_Succeeded,6355.66796875
23,75,1,0.847548236915417,2617.5972,2617.5972,70,1,0,Solve_Succeeded,6355.671875
23,76,1,0.848348621719253,2597.5637,2597.5637,65,1,0,Solve_Succeeded,6355.671875
23,77,1,0.834189589046132,2574.7035,2574.7035,52,1,0,Solve_Succeeded,6356.6484375
23,78,1,0.914917051401151,2564.9033,2564.9033,49,1,0,Solve_Succeeded,6356.6484375
23,79,1,0.910669752000916,2472.2087,2472.2087,16,1,0,Solve_Succeeded,6356.6484375
23,80,1,0.790345689871652,2477.1123,2477.1123,20,1,0,Solve_Succeeded,6356.6484375
23,81,1,0.842348880301328,2468.618,2468.618,20,1,0,Solve_Succeeded,6356.6484375
23,82,1,0.884005899353209,2464.6064,2464.6064,17,1,0,Solve_Succeeded,6356.6484375
23,83,1,0.914067928256817,2473.9807,2473.9807,20,1,0,Solve_Succeeded,6356.6484375
23,84,1,0.931526579212303,2462.0418,2462.0418,17,1,0,Solve_Succeeded,6356.6484375
23,85,1,0.935789214653288,2479.5317,2479.5317,22,1,0,Solve_Succeeded,6356.6484375
23,86,1,0.926802423356097,2457.6261,2457.6261,18,1,0,Solve_Succeeded,6356.6484375
23,87,1,0.904669877215524,2481.003,2481.003,22,1,0,Solve_Succeeded,6356.6171875
23,88,1,0.869694673622622,2472.9758,2472.9758,19,1,0,Solve_Succeeded,6356.6484375
23,89,1,0.823770970910751,2473.2675,2473.2675,20,1,0,Solve_Succeeded,6356.6484375
23,90,1,0.768445311967484,2472.2855,2472.2855,19,1,0,Solve_Succeeded,6356.6484375
23,91,1,0.704441048741987,2479.1634,2479.1634,23,1,0,Solve_Succeeded,6356.6484375
23,92,1,0.632585601903904,2460.364,2460.364,16,1,0,Solve_Succeeded,6356.6484375
23,93,1,0.554234197567596,2454.3578,2454.3578,16,1,0,Solve_Succeeded,6356.6484375
23,94,1,0.468027960237086,2462.8524,2462.8524,17,1,0,Solve_Succeeded,6356.6484375
23,95,1,0.419562236302288,2465.358,2465.358,16,1,0,Solve_Succeeded,6356.6484375
23,96,1,0.42834267985248,2451.0861,2451.0861,15,1,0,Solve_Succeeded,6356.6484375
23,97,1,0.43453825578651,2457.8553,2457.8553,13,1,0,Solve_Succeeded,6356.6484375
23,98,1,0.431380234890174,2452.7507,2452.7507,13,1,0,Solve_Succeeded,6356.6484375
23,99,1,0.439391688701293,2445.1453,2445.1453,12,1,0,Solve_Succeeded,6356.6484375
23,100,1,0.455257008928973,2447.6459,2447.6459,12,1,0,Solve_Succeeded,6356.6484375
23,101,1,0.436660713567005,2441.4918,2441.4918,11,1,0,Solve_Succeeded,6356.6484375
23,102,1,0.427692485059602,2443.6182,2443.6182,11,1,0,Solve_Succeeded,6356.6484375
23,103,1,0.512814679108087,2465.1306,2465.1306,12,1,0,Solve_Succeeded,6356.6484375
23,104,1,0.579685260636651,2541.7906,2541.7906,12,1,0,Solve_Succeeded,6356.6484375
23,105,1,0.625315076294958,2454.5391,2454.5391,10,1,0,Solve_Succeeded,6356.6484375
23,106,1,0.646338838246569,2445.4414,2445.4414,11,1,0,Solve_Succeeded,6356.6484375
23,107,1,0.638865984607635,2468.0376,2468.0376,14,1,0,Solve_Succeeded,6356.6484375
23,108,1,0.603629059153159,2457.9635,2457.9635,12,1,0,Solve_Succeeded,6356.6484375
23,109,1,0.545349098529416,2455.5703,2455.5703,12,1,0,Solve_Succeeded,6356.6484375
23,110,1,0.470055431420382,2442.4979,2442.4979,13,1,0,Solve_Succeeded,6356.6484375
23,111,1,0.41153842428887,2452.414,2452.414,13,1,0,Solve_Succeeded,6356.6484375
23,112,1,0.407763016518379,2448.8261,2448.8261,11,1,0,Solve_Succeeded,6356.6484375
23,113,1,0.400831758453637,2443.5533,2443.5533,12,1,0,Solve_Succeeded,6356.6484375
23,114,1,0.40171684627163,2450.2455,2450.2455,12,1,0,Solve_Succeeded,6356.6484375
23,115,1,0.405969746276405,2517.0129,2517.0129,11,1,0,Solve_Succeeded,6356.6484375
23,116,1,0.399853164027301,2521.4319,2521.4319,11,1,0,Solve_Succeeded,6356.6484375
23,117,1,0.456057226601691,2513.9118,2513.9118,10,1,0,Solve_Succeeded,6356.6484375
23,118,1,0.430356342653417,2449.1138,2449.1138,10,1,0,Solve_Succeeded,6356.6484375
23,119,1,0.404485634511875,2447.8418,2447.8418,10,1,0,Solve_Succeeded,6356.6484375
23,120,1,0.403364430359646,2445.7764,2445.7764,10,1,0,Solve_Succeeded,6356.6484375
23,121,1,0.403374206100682,2434.0254,2434.0254,7,1,0,Solve_Succeeded,6356.6484375
23,122,1,0.4132695713778,2441.1017,2441.1017,7,1,0,Solve_Succeeded,6356.6484375
23,123,1,0.413525422299488,2448.3249,2448.3249,8,1,0,Solve_Succeeded,6356.6484375
23,124,1,0.408787697405865,2438.0266,2438.0266,9,1,0,Solve_Succeeded,6356.6484375
23,125,1,0.417098205455802,2450.2226,2450.2226,9,1,0,Solve_Succeeded,6356.6484375
23,126,1,0.415886673342855,2429.7234,2429.7234,7,1,0,Solve_Succeeded,6356.6484375
23,127,1,0.394550328196255,2445.6798,2445.6798,8,1,0,Solve_Succeeded,6356.6484375
23,128,1,0.351732309732702,2629.7927,2629.7927,8,1,0,Solve_Succeeded,6356.6484375
23,129,1,0.32054088142773,2462.8319,2462.8319,8,1,0,Solve_Succeeded,6356.6484375
23,130,1,0.283146803713521,2461.5965,2461.5965,9,1,0,Solve_Succeeded,6356.6484375
23,131,1,0.237804336821289,2488.1245,2488.1245,8,1,0,Solve_Succeeded,6356.6484375
23,132,1,0.216233577909187,2456.0311,2456.0311,8,1,0,Solve_Succeeded,6356.6484375
23,133,0,0.188101315534678,0.0066,NaN,NaN,1,0,not_triggered,6356.6484375
23,134,0,0.163198502945759,0.0059,NaN,NaN,1,0,not_triggered,6356.6484375
24,1,0,0.315739307532286,0.0099,NaN,NaN,1,0,not_triggered,6364.5625
24,2,0,0.308068581458466,0.0068,NaN,NaN,1,0,not_triggered,6364.5625
24,3,0,0.30933346709807,0.006,NaN,NaN,1,0,not_triggered,6364.5625
24,4,0,0.312902665693972,0.0087,NaN,NaN,1,0,not_triggered,6364.5625
24,5,0,0.316274755698974,0.0065,NaN,NaN,1,0,not_triggered,6364.5625
24,6,0,0.330210107514293,0.0066,NaN,NaN,1,0,not_triggered,6364.5625
24,7,0,0.322469701376755,0.0058,NaN,NaN,1,0,not_triggered,6364.5625
24,8,0,0.316043921712797,0.0064,NaN,NaN,1,0,not_triggered,6364.5625
24,9,0,0.328634197483412,0.0068,NaN,NaN,1,0,not_triggered,6364.5625
24,10,0,0.328187926874211,0.0068,NaN,NaN,1,0,not_triggered,6364.5625
24,11,0,0.343206124681901,0.0066,NaN,NaN,1,0,not_triggered,6364.5625
24,12,0,0.346782435478477,0.0067,NaN,NaN,1,0,not_triggered,6364.5625
24,13,0,0.349095301926537,0.0064,NaN,NaN,1,0,not_triggered,6364.5625
24,14,0,0.394920569614302,0.0063,NaN,NaN,1,0,not_triggered,6364.5625
24,15,0,0.379780388253896,0.0056,NaN,NaN,1,0,not_triggered,6364.5625
24,16,0,0.386806371036738,0.0056,NaN,NaN,1,0,not_triggered,6364.5625
24,17,0,0.414203601258956,0.0057,NaN,NaN,1,0,not_triggered,6364.5625
24,18,0,0.421446293599587,0.0059,NaN,NaN,1,0,not_triggered,6364.5625
24,19,0,0.400388580753102,0.0056,NaN,NaN,1,0,not_triggered,6364.5625
24,20,0,0.427412403394769,0.0091,NaN,NaN,1,0,not_triggered,6364.5625
24,21,0,0.457717544361966,0.0061,NaN,NaN,1,0,not_triggered,6364.5625
24,22,0,0.506644363736049,0.0059,NaN,NaN,1,0,not_triggered,6364.5625
24,23,0,0.506954666640558,0.0054,NaN,NaN,1,0,not_triggered,6364.5625
24,24,0,0.554917082849419,0.006,NaN,NaN,1,0,not_triggered,6364.5625
24,25,0,0.581301380289993,0.0055,NaN,NaN,1,0,not_triggered,6364.5625
24,26,1,0.636355618992415,2495.692,2495.692,16,1,0,Solve_Succeeded,6364.5625
24,27,1,0.562227347061764,2491.7741,2491.7741,12,1,0,Solve_Succeeded,6364.5625
24,28,1,0.592680104797374,2491.136,2491.136,14,1,0,Solve_Succeeded,6364.5625
24,29,1,0.624372804157939,2497.9199,2497.9199,15,1,0,Solve_Succeeded,6364.59765625
24,30,1,0.753266348440301,2498.4762,2498.4762,17,1,0,Solve_Succeeded,6364.59765625
24,31,1,0.764311668692672,2504.3038,2504.3038,18,1,0,Solve_Succeeded,6364.59765625
24,32,1,0.72445444833871,2469.0894,2469.0894,18,1,0,Solve_Succeeded,6364.59765625
24,33,1,0.864225534562294,2475.7537,2475.7537,19,1,0,Solve_Succeeded,6344.84375
24,34,1,0.889412503103415,2484.1752,2484.1752,21,1,0,Solve_Succeeded,6363.55859375
24,35,1,0.85089816859144,2475.3602,2475.3602,21,1,0,Solve_Succeeded,6363.58984375
24,36,1,0.875071181535142,2497.4143,2497.4143,22,1,0,Solve_Succeeded,6363.58984375
24,37,1,0.89983165243956,2485.2792,2485.2792,23,1,0,Solve_Succeeded,6363.58984375
24,38,1,0.875226016900956,2474.3919,2474.3919,18,1,0,Solve_Succeeded,6363.58984375
24,39,1,0.905029114133234,2477.7199,2477.7199,19,1,0,Solve_Succeeded,6363.58984375
24,40,1,0.929281604251571,2476.864,2476.864,18,1,0,Solve_Succeeded,6363.58984375
24,41,1,0.873942992700924,2485.4639,2485.4639,23,1,0,Solve_Succeeded,6344.7734375
24,42,1,0.897715560114083,2465.8557,2465.8557,14,1,0,Solve_Succeeded,6363.58984375
24,43,1,0.88356572002603,2470.3701,2470.3701,20,1,0,Solve_Succeeded,6363.58984375
24,44,1,0.911406920942745,2486.2919,2486.2919,21,1,0,Solve_Succeeded,6363.58984375
24,45,1,0.932881571361666,2492.6334,2492.6334,24,1,0,Solve_Succeeded,6363.58984375
24,46,1,0.979350375677512,2487.4959,2487.4959,23,1,0,Solve_Succeeded,6364.56640625
24,47,1,1.02174020198538,2474.2527,2474.2527,20,1,0,Solve_Succeeded,6356.65234375
24,48,1,0.966130666617369,2499.8946,2499.8946,27,1,0,Solve_Succeeded,6356.65234375
24,49,1,0.9779905572069,2486.5449,2486.5449,24,1,0,Solve_Succeeded,6356.6875
24,50,1,1.05136388369683,2503.7586,2503.7586,31,1,0,Solve_Succeeded,6356.6875
24,51,1,1.07103909809277,2512.9525,2512.9525,30,1,0,Solve_Succeeded,6356.6875
24,52,1,1.04208753993653,2510.4183,2510.4183,27,1,0,Solve_Succeeded,6356.6875
24,53,1,0.994913313132763,2484.4943,2484.4943,24,1,0,Solve_Succeeded,6356.6875
24,54,1,0.90365811252933,2484.7167,2484.7167,24,1,0,Solve_Succeeded,6356.6875
24,55,1,0.910711058559764,2502.0488,2502.0488,28,1,0,Solve_Succeeded,6356.6875
24,56,1,0.971923397924221,2547.5153,2547.5153,46,1,0,Solve_Succeeded,6356.6875
24,57,1,0.984301860302336,2549.5443,2549.5443,40,1,0,Solve_Succeeded,6356.6875
24,58,1,0.907764533118901,2567.3261,2567.3261,46,1,0,Solve_Succeeded,6356.6875
24,59,1,0.998613061915983,2542.4649,2542.4649,42,1,0,Solve_Succeeded,6356.65234375
24,60,1,1.02421844299133,2554.842,2554.842,44,1,0,Solve_Succeeded,6356.65234375
24,61,1,0.99042783597931,2519.2969,2519.2969,36,1,0,Solve_Succeeded,6356.65234375
24,62,1,0.99929355284142,2536.012,2536.012,37,1,0,Solve_Succeeded,6356.65234375
24,63,1,0.968435756415097,2517.7746,2517.7746,32,1,0,Solve_Succeeded,6356.65234375
24,64,1,0.961480815079505,2552.9548,2552.9548,43,1,0,Solve_Succeeded,6356.65234375
24,65,1,0.987508457920392,2486.5636,2486.5636,23,1,0,Solve_Succeeded,6356.65234375
24,66,1,0.984056623620113,2494.4056,2494.4056,24,1,0,Solve_Succeeded,6356.65234375
24,67,1,0.996267477364877,2499.1837,2499.1837,26,1,0,Solve_Succeeded,6356.65234375
24,68,1,0.995077536517224,2508.6555,2508.6555,33,1,0,Solve_Succeeded,6356.65234375
24,69,1,0.96680886125716,2504.8205,2504.8205,30,1,0,Solve_Succeeded,6356.65234375
24,70,1,1.01306174174627,2507.6335,2507.6335,32,1,0,Solve_Succeeded,6356.65234375
24,71,1,0.909137331946198,2519.8541,2519.8541,29,1,0,Solve_Succeeded,6356.65234375
24,72,1,0.909311054895338,2532.9873,2532.9873,35,1,0,Solve_Succeeded,6356.65234375
24,73,1,0.909530648687405,2530.3282,2530.3282,30,1,0,Solve_Succeeded,6356.65234375
24,74,1,0.908852748978739,2494.2373,2494.2373,25,1,0,Solve_Succeeded,6356.65234375
24,75,1,0.90015049805769,2481.3684,2481.3684,22,1,0,Solve_Succeeded,6356.65234375
24,76,1,0.908357353244684,2515.0294,2515.0294,33,1,0,Solve_Succeeded,6356.65234375
24,77,1,0.900120604631688,2495.4106,2495.4106,28,1,0,Solve_Succeeded,6356.65234375
24,78,1,0.900152287081361,2539.5214,2539.5214,42,1,0,Solve_Succeeded,6356.65234375
24,79,1,0.90008230419789,2495.1394,2495.1394,26,1,0,Solve_Succeeded,6356.65234375
24,80,1,0.900141887633382,2528.1944,2528.1944,39,1,0,Solve_Succeeded,6356.65234375
24,81,1,0.900142715627728,2485.7087,2485.7087,23,1,0,Solve_Succeeded,6356.65234375
24,82,1,0.900092345025859,2530.4981,2530.4981,37,1,0,Solve_Succeeded,6356.65234375
24,83,1,0.907507807503407,2503.0459,2503.0459,31,1,0,Solve_Succeeded,6356.65234375
24,84,1,0.900474314875652,2491.4265,2491.4265,26,1,0,Solve_Succeeded,6356.65234375
24,85,1,0.908725805793652,2527.7876,2527.7876,42,1,0,Solve_Succeeded,6356.62109375
24,86,1,0.906422294256212,2507.4601,2507.4601,28,1,0,Solve_Succeeded,6356.62109375
24,87,1,0.90739171757951,2517.9229,2517.9229,37,1,0,Solve_Succeeded,6356.65625
24,88,1,0.91006949020718,2528.3879,2528.3879,35,1,0,Solve_Succeeded,6356.65625
24,89,1,0.911346987655429,2502.7474,2502.7474,30,1,0,Solve_Succeeded,6356.65625
24,90,1,0.911080652263408,2504.9444,2504.9444,33,1,0,Solve_Succeeded,6356.65625
24,91,1,0.910445113632952,2545.0651,2545.0651,45,1,0,Solve_Succeeded,6356.65625
24,92,1,0.921837871502573,2567.9123,2567.9123,55,1,0,Solve_Succeeded,6356.65625
24,93,1,0.934179201476498,2585.8966,2585.8966,57,1,0,Solve_Succeeded,6356.65625
24,94,1,0.916543730508806,2592.5031,2592.5031,60,1,0,Solve_Succeeded,6356.65625
24,95,1,0.909387028104027,2633.6057,2633.6057,72,1,0,Solve_Succeeded,6356.65625
24,96,1,0.930277687039984,2579.3451,2579.3451,55,1,0,Solve_Succeeded,6356.65625
24,97,1,0.922879886586743,2531.6822,2531.6822,40,1,0,Solve_Succeeded,6356.65625
24,98,1,0.798771788300881,2629.3133,2629.3133,68,1,0,Solve_Succeeded,6356.65625
24,99,1,0.748836929576748,2611.3361,2611.3361,66,1,0,Solve_Succeeded,6356.65625
24,100,1,0.714328507168148,2549.6456,2549.6456,48,1,0,Solve_Succeeded,6356.65625
24,101,1,0.701488500497475,2485.6642,2485.6642,20,1,0,Solve_Succeeded,6336.62109375
24,102,1,0.743463538645199,2480.694,2480.694,20,1,0,Solve_Succeeded,6355.671875
24,103,1,0.781580227436361,2470.731,2470.731,21,1,0,Solve_Succeeded,6355.671875
24,104,1,0.815585639807719,2466.972,2466.972,21,1,0,Solve_Succeeded,6355.67578125
24,105,1,0.851238960427195,2485.944,2485.944,22,1,0,Solve_Succeeded,6356.65234375
24,106,1,0.888798717380138,2474.1531,2474.1531,20,1,0,Solve_Succeeded,6356.65234375
24,107,1,0.927554877583015,2465.552,2465.552,18,1,0,Solve_Succeeded,6356.65234375
24,108,1,0.966547989648539,2452.7238,2452.7238,12,1,0,Solve_Succeeded,6356.65234375
24,109,1,1.00450398761701,2465.435,2465.435,19,1,0,Solve_Succeeded,6356.65234375
24,110,1,0.596065275523178,2488.139,2488.139,24,1,0,Solve_Succeeded,6356.65234375
24,111,1,0.587071465083003,2470.9746,2470.9746,20,1,0,Solve_Succeeded,6356.65234375
24,112,1,0.571796781884529,2520.7421,2520.7421,36,1,0,Solve_Succeeded,6356.65234375
24,113,1,0.548813261124511,2628.2068,2628.2068,75,1,0,Solve_Succeeded,6356.65234375
24,114,1,0.517048779100172,2547.135,2547.135,49,1,0,Solve_Succeeded,6356.65234375
24,115,1,0.475642298562442,2554.7563,2554.7563,49,1,0,Solve_Succeeded,6356.65234375
24,116,1,0.406958639755949,2502.4736,2502.4736,30,1,0,Solve_Succeeded,6356.65234375
24,117,1,0.400551739423294,2485.3054,2485.3054,26,1,0,Solve_Succeeded,6356.65234375
24,118,1,0.40689436032778,2465.8741,2465.8741,16,1,0,Solve_Succeeded,6356.65234375
24,119,1,0.40150451076588,2462.8736,2462.8736,15,1,0,Solve_Succeeded,6356.65234375
24,120,1,0.403907508765342,2460.6578,2460.6578,16,1,0,Solve_Succeeded,6356.65234375
24,121,1,0.404746423274468,2485.4,2485.4,23,1,0,Solve_Succeeded,6356.65234375
24,122,1,0.411455393267658,2452.0111,2452.0111,13,1,0,Solve_Succeeded,6356.65234375
24,123,1,0.409617507294909,2468.987,2468.987,16,1,0,Solve_Succeeded,6356.65234375
24,124,1,0.404761369449438,2468.6012,2468.6012,18,1,0,Solve_Succeeded,6356.65234375
24,125,1,0.404534265106013,2469.347,2469.347,20,1,0,Solve_Succeeded,6356.65234375
24,126,1,0.420029100871244,2472.6605,2472.6605,14,1,0,Solve_Succeeded,6356.65234375
24,127,1,0.405973944613647,2455.2748,2455.2748,14,1,0,Solve_Succeeded,6356.65234375
24,128,1,0.408373959300341,2472.3661,2472.3661,16,1,0,Solve_Succeeded,6356.65234375
24,129,1,0.414557725353296,2466.4508,2466.4508,16,1,0,Solve_Succeeded,6356.65234375
24,130,1,0.386196091818215,2460.3679,2460.3679,16,1,0,Solve_Succeeded,6356.65234375
24,131,1,0.383791267063485,2460.6599,2460.6599,15,1,0,Solve_Succeeded,6356.65234375
24,132,1,0.388673930196753,2461.4461,2461.4461,16,1,0,Solve_Succeeded,6356.65234375
24,133,1,0.384511420878317,2458.1067,2458.1067,13,1,0,Solve_Succeeded,6356.65234375
24,134,1,0.384338108073849,2454.9794,2454.9794,13,1,0,Solve_Succeeded,6356.65234375
24,135,1,0.385922565986236,2464.8509,2464.8509,17,1,0,Solve_Succeeded,6356.6875
24,136,1,0.38791263970565,2472.7607,2472.7607,16,1,0,Solve_Succeeded,6356.72265625
24,137,1,0.388541944330705,2460.8745,2460.8745,15,1,0,Solve_Succeeded,6356.72265625
24,138,1,0.387729815833391,2467.0797,2467.0797,15,1,0,Solve_Succeeded,6356.69140625
24,139,1,0.458351230096751,2457.7185,2457.7185,13,1,0,Solve_Succeeded,6356.69140625
24,140,1,0.385087015378373,2447.925,2447.925,13,1,0,Solve_Succeeded,6356.69140625
24,141,1,0.387089548371349,2455.1299,2455.1299,11,1,0,Solve_Succeeded,6356.7265625
24,142,1,0.387974009740112,2445.3108,2445.3108,11,1,0,Solve_Succeeded,6356.7265625
24,143,1,0.385893452766442,2456.3294,2456.3294,11,1,0,Solve_Succeeded,6356.7265625
24,144,1,0.384480370230062,2449.1829,2449.1829,11,1,0,Solve_Succeeded,6356.7265625
24,145,1,0.387468552420544,2453.7213,2453.7213,12,1,0,Solve_Succeeded,6356.7265625
24,146,1,0.385091721716998,2456.8678,2456.8678,12,1,0,Solve_Succeeded,6356.7265625
24,147,1,0.38321248712076,2445.7001,2445.7001,11,1,0,Solve_Succeeded,6356.7265625
24,148,1,0.388841822965237,2453.5529,2453.5529,10,1,0,Solve_Succeeded,6356.69140625
24,149,1,0.388095761271795,2442.2288,2442.2288,8,1,0,Solve_Succeeded,6356.69140625
24,150,1,0.385865607696991,2450.074,2450.074,9,1,0,Solve_Succeeded,6356.69140625
24,151,1,0.389042109830022,2443.0459,2443.0459,9,1,0,Solve_Succeeded,6356.69140625
24,152,1,0.388932683031699,2438.3458,2438.3458,8,1,0,Solve_Succeeded,6356.69140625
24,153,1,0.387836513719707,2443.8936,2443.8936,8,1,0,Solve_Succeeded,6356.69140625
24,154,1,0.384501444012394,2440.2983,2440.2983,9,1,0,Solve_Succeeded,6356.69140625
24,155,1,0.385568358874733,2444.8111,2444.8111,9,1,0,Solve_Succeeded,6356.69140625
24,156,1,0.388198297032968,2451.4791,2451.4791,10,1,0,Solve_Succeeded,6356.69140625
24,157,1,0.381539285247592,2441.66,2441.66,8,1,0,Solve_Succeeded,6356.69140625
24,158,1,0.344263896097459,2441.6167,2441.6167,8,1,0,Solve_Succeeded,6356.69140625
24,159,1,0.309290225503304,2446.4884,2446.4884,9,1,0,Solve_Succeeded,6356.69140625
24,160,1,0.269141518673151,2451.6607,2451.6607,8,1,0,Solve_Succeeded,6356.69140625
24,161,1,0.233742598117459,2437.3274,2437.3274,7,1,0,Solve_Succeeded,6356.69140625
24,162,1,0.203815286587891,2445.3263,2445.3263,7,1,0,Solve_Succeeded,6356.72265625
24,163,0,0.17726367600976,0.0061,NaN,NaN,1,0,not_triggered,6356.72265625
24,164,0,0.153108300370625,0.006,NaN,NaN,1,0,not_triggered,6356.72265625
25,1,0,0.311270200443209,0.0088,NaN,NaN,1,0,not_triggered,6364.63671875
25,2,0,0.311080830201849,0.0065,NaN,NaN,1,0,not_triggered,6364.63671875
25,3,0,0.315788886418637,0.0057,NaN,NaN,1,0,not_triggered,6364.63671875
25,4,0,0.309803057575777,0.0056,NaN,NaN,1,0,not_triggered,6364.63671875
25,5,0,0.310357915105181,0.0055,NaN,NaN,1,0,not_triggered,6364.63671875
25,6,0,0.318119956370985,0.005,NaN,NaN,1,0,not_triggered,6364.63671875
25,7,0,0.319335610331762,0.0055,NaN,NaN,1,0,not_triggered,6364.63671875
25,8,0,0.318660998033645,0.005,NaN,NaN,1,0,not_triggered,6364.63671875
25,9,0,0.339235287141672,0.0055,NaN,NaN,1,0,not_triggered,6364.63671875
25,10,0,0.348669177702988,0.005,NaN,NaN,1,0,not_triggered,6364.63671875
25,11,0,0.335352588403459,0.0055,NaN,NaN,1,0,not_triggered,6364.63671875
25,12,0,0.341962711251626,0.0049,NaN,NaN,1,0,not_triggered,6364.63671875
25,13,0,0.377485434712032,0.0049,NaN,NaN,1,0,not_triggered,6364.63671875
25,14,0,0.363241352686297,0.0058,NaN,NaN,1,0,not_triggered,6364.63671875
25,15,0,0.385827858464708,0.005,NaN,NaN,1,0,not_triggered,6364.63671875
25,16,0,0.42899251980134,0.0058,NaN,NaN,1,0,not_triggered,6364.63671875
25,17,0,0.421253818515321,0.0045,NaN,NaN,1,0,not_triggered,6364.63671875
25,18,0,0.404209667109459,0.0045,NaN,NaN,1,0,not_triggered,6364.63671875
25,19,0,0.449846821156789,0.0048,NaN,NaN,1,0,not_triggered,6364.63671875
25,20,0,0.455768203620465,0.0059,NaN,NaN,1,0,not_triggered,6364.63671875
25,21,0,0.505656325367369,0.0054,NaN,NaN,1,0,not_triggered,6364.63671875
25,22,0,0.503502647305361,0.0055,NaN,NaN,1,0,not_triggered,6364.63671875
25,23,0,0.515996799598992,0.0049,NaN,NaN,1,0,not_triggered,6364.63671875
25,24,0,0.534303253649879,0.0052,NaN,NaN,1,0,not_triggered,6364.63671875
25,25,0,0.515289763208668,0.0047,NaN,NaN,1,0,not_triggered,6364.63671875
25,26,0,0.522518719002111,0.0049,NaN,NaN,1,0,not_triggered,6364.63671875
25,27,0,0.578730399061718,0.0053,NaN,NaN,1,0,not_triggered,6364.63671875
25,28,1,0.642067019585922,2463.3807,2463.3807,16,1,0,Solve_Succeeded,6364.63671875
25,29,1,0.780796169138285,2480.7585,2480.7585,18,1,0,Solve_Succeeded,6364.66796875
25,30,1,0.782697893341014,2461.6659,2461.6659,16,1,0,Solve_Succeeded,6364.66796875
25,31,1,0.701612247211607,2547.2049,2547.2049,15,1,0,Solve_Succeeded,6364.71484375
25,32,1,0.85003062593779,2489.218,2489.218,19,1,0,Solve_Succeeded,6364.71484375
25,33,1,0.761885369639456,2482.1624,2482.1624,17,1,0,Solve_Succeeded,6364.703125
25,34,1,0.858478626047895,2481.5527,2481.5527,19,1,0,Solve_Succeeded,6364.703125
25,35,1,0.844990894139066,2472.1235,2472.1235,19,1,0,Solve_Succeeded,6364.703125
25,36,1,0.889033415640127,2479.6391,2479.6391,20,1,0,Solve_Succeeded,6364.703125
25,37,1,0.896580039092492,2521.7528,2521.7528,34,1,0,Solve_Succeeded,6364.703125
25,38,1,0.913636792263243,2479.7583,2479.7583,22,1,0,Solve_Succeeded,6364.703125
25,39,1,0.926795087451719,2495.4506,2495.4506,23,1,0,Solve_Succeeded,6364.703125
25,40,1,0.917937228446043,2492.6008,2492.6008,23,1,0,Solve_Succeeded,6364.703125
25,41,1,0.878870852450914,2478.0274,2478.0274,18,1,0,Solve_Succeeded,6364.703125
25,42,1,0.88838760611831,2487.2892,2487.2892,18,1,0,Solve_Succeeded,6364.703125
25,43,1,0.887108210156694,2478.9315,2478.9315,20,1,0,Solve_Succeeded,6364.703125
25,44,1,0.90483299266034,2468.482,2468.482,18,1,0,Solve_Succeeded,6364.671875
25,45,1,0.920175325661114,2464.4651,2464.4651,17,1,0,Solve_Succeeded,6364.671875
25,46,1,0.920427256752938,2474.2676,2474.2676,18,1,0,Solve_Succeeded,6364.671875
25,47,1,0.964953966544664,2492.6526,2492.6526,16,1,0,Solve_Succeeded,6364.671875
25,48,1,0.959030922806051,2501.211,2501.211,22,1,0,Solve_Succeeded,6364.671875
25,49,1,0.966634434750968,2486.499,2486.499,22,1,0,Solve_Succeeded,6345.26171875
25,50,1,0.992128872728905,2525.6743,2525.6743,28,1,0,Solve_Succeeded,6363.56640625
25,51,1,0.975105336884538,2510.432,2510.432,26,1,0,Solve_Succeeded,6363.59765625
25,52,1,1.01739317191291,2498.3381,2498.3381,25,1,0,Solve_Succeeded,6345.26171875
25,53,1,1.05968342819467,2499.4264,2499.4264,26,1,0,Solve_Succeeded,6363.625
25,54,1,1.08910615055325,2525.291,2525.291,27,1,0,Solve_Succeeded,6363.66015625
25,55,1,1.04946050488934,2527.4783,2527.4783,35,1,0,Solve_Succeeded,6363.66015625
25,56,1,1.08376287826558,2569.464,2569.464,45,1,0,Solve_Succeeded,6363.55859375
25,57,1,1.12665659490637,2563.3713,2563.3713,42,1,0,Solve_Succeeded,6363.55859375
25,58,1,1.03934096784259,2517.955,2517.955,24,1,0,Solve_Succeeded,6363.55859375
25,59,1,1.0522634095858,2525.0583,2525.0583,31,1,0,Solve_Succeeded,6363.55859375
25,60,1,1.00234494481269,2494.3698,2494.3698,23,1,0,Solve_Succeeded,6363.55859375
25,61,1,0.978613553231293,2496.3349,2496.3349,22,1,0,Solve_Succeeded,6363.55859375
25,62,1,0.97635461585898,2509.3577,2509.3577,22,1,0,Solve_Succeeded,6363.55859375
25,63,1,0.972901344081686,2479.1609,2479.1609,20,1,0,Solve_Succeeded,6363.55859375
25,64,1,0.981460560326782,2493.9554,2493.9554,25,1,0,Solve_Succeeded,6363.55859375
25,65,1,0.966702089691806,2520.2213,2520.2213,29,1,0,Solve_Succeeded,6363.55859375
25,66,1,0.981096472111042,2535.8594,2535.8594,31,1,0,Solve_Succeeded,6363.55859375
25,67,1,0.935433902308543,2550.4799,2550.4799,40,1,0,Solve_Succeeded,6363.55859375
25,68,1,0.916975043798245,2488.6778,2488.6778,21,1,0,Solve_Succeeded,6363.58984375
25,69,1,0.883908801109127,2595.2937,2595.2937,62,1,0,Solve_Succeeded,6363.58203125
25,70,1,0.899121626088137,2620.0018,2620.0018,62,1,0,Solve_Succeeded,6355.66796875
25,71,1,0.894985023216962,2559.1779,2559.1779,46,1,0,Solve_Succeeded,6355.66796875
25,72,1,0.764386179525558,2570.917,2570.917,53,1,0,Solve_Succeeded,6355.67578125
25,73,1,0.840991237930623,2574.9778,2574.9778,54,1,0,Solve_Succeeded,6355.67578125
25,74,1,0.746830056469594,2553.4232,2553.4232,45,1,0,Solve_Succeeded,6355.67578125
25,75,1,0.799386860771476,2551.8112,2551.8112,48,1,0,Solve_Succeeded,6355.67578125
25,76,1,0.781587352496165,2627.4679,2627.4679,67,1,0,Solve_Succeeded,6355.67578125
25,77,1,0.799279865784379,2562.2965,2562.2965,50,1,0,Solve_Succeeded,6355.67578125
25,78,1,0.735057653346264,2549.7802,2549.7802,45,1,0,Solve_Succeeded,6355.67578125
25,79,1,0.730395823443325,2484.4869,2484.4869,19,1,0,Solve_Succeeded,6355.67578125
25,80,1,0.790696401809216,2478.5075,2478.5075,20,1,0,Solve_Succeeded,6355.67578125
25,81,1,0.842175565776275,2497.1501,2497.1501,26,1,0,Solve_Succeeded,6355.67578125
25,82,1,0.883539470847142,2494.9644,2494.9644,21,1,0,Solve_Succeeded,6355.67578125
25,83,1,0.913559647843076,2472.5077,2472.5077,22,1,0,Solve_Succeeded,6355.67578125
25,84,1,0.931234097447996,2485.5706,2485.5706,20,1,0,Solve_Succeeded,6355.67578125
25,85,1,0.935956618028878,2482.4272,2482.4272,20,1,0,Solve_Succeeded,6355.67578125
25,86,1,0.927639207769033,2476.6431,2476.6431,20,1,0,Solve_Succeeded,6356.65234375
25,87,1,0.906737774322637,2463.7723,2463.7723,15,1,0,Solve_Succeeded,6356.65234375
25,88,1,0.874169295061957,2489.6398,2489.6398,17,1,0,Solve_Succeeded,6356.65234375
25,89,1,0.831155191146452,2498.8002,2498.8002,18,1,0,Solve_Succeeded,6356.65234375
25,90,1,0.779048236888584,2479.3487,2479.3487,18,1,0,Solve_Succeeded,6356.65234375
25,91,1,0.719189635104783,2469.5081,2469.5081,20,1,0,Solve_Succeeded,6356.65234375
25,92,1,0.652816063614867,2491.7824,2491.7824,18,1,0,Solve_Succeeded,6356.65234375
25,93,1,0.576600211681664,2464.0965,2464.0965,18,1,0,Solve_Succeeded,6356.65234375
25,94,1,0.493079483800018,2468.1233,2468.1233,14,1,0,Solve_Succeeded,6356.65234375
25,95,1,0.424749749374294,2477.0451,2477.0451,18,1,0,Solve_Succeeded,6356.65234375
25,96,1,0.443212151931389,2473.2724,2473.2724,20,1,0,Solve_Succeeded,6356.65234375
25,97,1,0.389912424312618,2479.6941,2479.6941,16,1,0,Solve_Succeeded,6356.65234375
25,98,1,0.440019544880425,2472.8861,2472.8861,16,1,0,Solve_Succeeded,6356.65234375
25,99,1,0.39255415257475,2467.8146,2467.8146,20,1,0,Solve_Succeeded,6356.65234375
25,100,1,0.389218161759087,2469.8329,2469.8329,16,1,0,Solve_Succeeded,6356.65234375
25,101,1,0.393955779874511,2467.9222,2467.9222,18,1,0,Solve_Succeeded,6356.65234375
25,102,1,0.387609110616837,2459.5542,2459.5542,15,1,0,Solve_Succeeded,6356.65234375
25,103,1,0.390423991626988,2461.9726,2461.9726,13,1,0,Solve_Succeeded,6356.65234375
25,104,1,0.393939492709718,2462.7642,2462.7642,12,1,0,Solve_Succeeded,6356.65234375
25,105,1,0.392881890143722,2469.5119,2469.5119,13,1,0,Solve_Succeeded,6356.65234375
25,106,1,0.395871564311728,2456.8219,2456.8219,13,1,0,Solve_Succeeded,6356.65234375
25,107,1,0.392227352969288,2470.2655,2470.2655,15,1,0,Solve_Succeeded,6356.65234375
25,108,1,0.391715213124901,2465.2119,2465.2119,16,1,0,Solve_Succeeded,6356.65234375
25,109,1,0.391021894649224,2464.3021,2464.3021,17,1,0,Solve_Succeeded,6356.6171875
25,110,1,0.395411999403188,2469.1176,2469.1176,16,1,0,Solve_Succeeded,6356.6171875
25,111,1,0.394643266288033,2458.9645,2458.9645,14,1,0,Solve_Succeeded,6356.6171875
25,112,1,0.392965603661975,2461.509,2461.509,13,1,0,Solve_Succeeded,6356.6171875
25,113,1,0.398319313186275,2466.672,2466.672,13,1,0,Solve_Succeeded,6356.6171875
25,114,1,0.394252210288773,2492.1924,2492.1924,12,1,0,Solve_Succeeded,6356.6171875
25,115,1,0.39805240256706,2464.5199,2464.5199,11,1,0,Solve_Succeeded,6356.65234375
25,116,1,0.398265478108963,2448.3672,2448.3672,11,1,0,Solve_Succeeded,6356.65234375
25,117,1,0.400320029812057,2454.0135,2454.0135,10,1,0,Solve_Succeeded,6356.65234375
25,118,1,0.398086014273604,2452.4603,2452.4603,10,1,0,Solve_Succeeded,6356.65234375
25,119,1,0.390822338977584,2458.3779,2458.3779,10,1,0,Solve_Succeeded,6356.65234375
25,120,1,0.399157595868117,2473.3244,2473.3244,10,1,0,Solve_Succeeded,6356.65234375
25,121,1,0.398681818838897,2449.6837,2449.6837,10,1,0,Solve_Succeeded,6356.65234375
25,122,1,0.398348111918518,2452.5876,2452.5876,10,1,0,Solve_Succeeded,6356.65234375
25,123,1,0.400580935837899,2454.5018,2454.5018,10,1,0,Solve_Succeeded,6356.65234375
25,124,1,0.398731318677719,2443.9968,2443.9968,10,1,0,Solve_Succeeded,6356.65234375
25,125,1,0.393501591270029,2459.8597,2459.8597,9,1,0,Solve_Succeeded,6356.65234375
25,126,1,0.397509922671413,2458.2677,2458.2677,8,1,0,Solve_Succeeded,6336.8828125
25,127,1,0.397524222508016,2454.3612,2454.3612,8,1,0,Solve_Succeeded,6355.609375
25,128,1,0.3969781894022,2465.9542,2465.9542,10,1,0,Solve_Succeeded,6355.640625
25,129,1,0.39162503506621,2442.0559,2442.0559,9,1,0,Solve_Succeeded,6355.640625
25,130,1,0.390492793546977,2448.7495,2448.7495,9,1,0,Solve_Succeeded,6355.67578125
25,131,1,0.346443137318037,2440.1344,2440.1344,8,1,0,Solve_Succeeded,6355.67578125
25,132,1,0.302025056683252,2438.5439,2438.5439,8,1,0,Solve_Succeeded,6355.67578125
25,133,1,0.269913373912152,2452.5083,2452.5083,9,1,0,Solve_Succeeded,6355.67578125
25,134,1,0.23808587751728,2440.8581,2440.8581,8,1,0,Solve_Succeeded,6355.67578125
25,135,1,0.207050156238529,2451.606,2451.606,7,1,0,Solve_Succeeded,6355.67578125
25,136,0,0.180464784604078,0.0056,NaN,NaN,1,0,not_triggered,6355.67578125
25,137,0,0.15538030618731,0.0059,NaN,NaN,1,0,not_triggered,6355.67578125
26,1,0,0.318363020705833,0.0088,NaN,NaN,1,0,not_triggered,6363.58984375
26,2,0,0.320535012467969,0.0065,NaN,NaN,1,0,not_triggered,6363.58984375
26,3,0,0.320434797098584,0.0059,NaN,NaN,1,0,not_triggered,6363.58984375
26,4,0,0.318890397347991,0.0061,NaN,NaN,1,0,not_triggered,6363.58984375
26,5,0,0.319967875946169,0.0063,NaN,NaN,1,0,not_triggered,6363.58984375
26,6,0,0.320823535398003,0.0056,NaN,NaN,1,0,not_triggered,6363.58984375
26,7,0,0.321411236325157,0.0054,NaN,NaN,1,0,not_triggered,6363.58984375
26,8,0,0.318233024610366,0.0053,NaN,NaN,1,0,not_triggered,6363.58984375
26,9,0,0.327004797564214,0.0056,NaN,NaN,1,0,not_triggered,6363.58984375
26,10,0,0.329726969226368,0.0062,NaN,NaN,1,0,not_triggered,6363.58984375
26,11,0,0.345792828286305,0.005,NaN,NaN,1,0,not_triggered,6363.58984375
26,12,0,0.335640854170134,0.005,NaN,NaN,1,0,not_triggered,6363.58984375
26,13,0,0.342504105242684,0.0051,NaN,NaN,1,0,not_triggered,6363.58984375
26,14,0,0.35926325909615,0.0048,NaN,NaN,1,0,not_triggered,6363.58984375
26,15,0,0.349593916376468,0.0054,NaN,NaN,1,0,not_triggered,6363.58984375
26,16,0,0.370549797207014,0.0047,NaN,NaN,1,0,not_triggered,6363.58984375
26,17,0,0.391696670173904,0.0048,NaN,NaN,1,0,not_triggered,6363.58984375
26,18,0,0.412475298167993,0.0052,NaN,NaN,1,0,not_triggered,6363.58984375
26,19,0,0.415002192771168,0.0048,NaN,NaN,1,0,not_triggered,6363.58984375
26,20,0,0.425175967552544,0.005,NaN,NaN,1,0,not_triggered,6363.58984375
26,21,0,0.405660520111417,0.0051,NaN,NaN,1,0,not_triggered,6363.58984375
26,22,0,0.427568780665534,0.0099,NaN,NaN,1,0,not_triggered,6363.58984375
26,23,0,0.504523620359926,0.0048,NaN,NaN,1,0,not_triggered,6363.58984375
26,24,0,0.479411680056111,0.0052,NaN,NaN,1,0,not_triggered,6363.58984375
26,25,0,0.516777335135442,0.005,NaN,NaN,1,0,not_triggered,6363.58984375
26,26,0,0.556623177393545,0.0052,NaN,NaN,1,0,not_triggered,6363.58984375
26,27,1,0.607286516382086,2474.7954,2474.7954,14,1,0,Solve_Succeeded,6363.58984375
26,28,1,0.547175507578189,2462.0182,2462.0182,14,1,0,Solve_Succeeded,6363.58984375
26,29,1,0.604623469825305,2458.175,2458.175,16,1,0,Solve_Succeeded,6363.58984375
26,30,1,0.645346822525174,2468.5672,2468.5672,16,1,0,Solve_Succeeded,6363.58984375
26,31,1,0.59859889511074,2463.2857,2463.2857,15,1,0,Solve_Succeeded,6363.58984375
26,32,1,0.671194179277384,2467.3654,2467.3654,14,1,0,Solve_Succeeded,6363.58984375
26,33,1,0.754432556800596,2478.3539,2478.3539,19,1,0,Solve_Succeeded,6363.58984375
26,34,1,0.701301494387484,2467.8857,2467.8857,15,1,0,Solve_Succeeded,6363.58984375
26,35,1,0.8525184096225,2485.6571,2485.6571,19,1,0,Solve_Succeeded,6363.58984375
26,36,1,0.764593327383018,2486.1669,2486.1669,21,1,0,Solve_Succeeded,6363.58984375
26,37,1,0.878497970410344,2482.5503,2482.5503,21,1,0,Solve_Succeeded,6363.58984375
26,38,1,0.696609805938613,2479.5653,2479.5653,23,1,0,Solve_Succeeded,6363.58984375
26,39,1,0.87363660658645,2482.3865,2482.3865,22,1,0,Solve_Succeeded,6363.58984375
26,40,1,0.663476387840094,2469.661,2469.661,19,1,0,Solve_Succeeded,6363.58984375
26,41,1,0.733818269325838,2483.2173,2483.2173,20,1,0,Solve_Succeeded,6355.67578125
26,42,1,0.903335319467315,2486.949,2486.949,21,1,0,Solve_Succeeded,6355.67578125
26,43,1,0.790482799967787,2477.1269,2477.1269,21,1,0,Solve_Succeeded,6355.67578125
26,44,1,0.83430976568381,2474.5223,2474.5223,18,1,0,Solve_Succeeded,6355.67578125
26,45,1,0.763863290947554,2474.8438,2474.8438,17,1,0,Solve_Succeeded,6355.67578125
26,46,1,0.843145586911007,2479.9903,2479.9903,19,1,0,Solve_Succeeded,6355.67578125
26,47,1,0.921765281871702,2496.9997,2496.9997,23,1,0,Solve_Succeeded,6355.67578125
26,48,1,0.968721506998516,2498.4842,2498.4842,26,1,0,Solve_Succeeded,6355.67578125
26,49,1,0.949501660177217,2485.9333,2485.9333,21,1,0,Solve_Succeeded,6356.65234375
26,50,1,0.953354123467567,2531.8573,2531.8573,32,1,0,Solve_Succeeded,6356.65234375
26,51,1,0.896468332552073,2503.4656,2503.4656,23,1,0,Solve_Succeeded,6356.65234375
26,52,1,1.00645710867087,2502.5206,2502.5206,24,1,0,Solve_Succeeded,6356.65234375
26,53,1,1.01594258857913,2535.5874,2535.5874,36,1,0,Solve_Succeeded,6356.62109375
26,54,1,0.957362049346503,2489.9641,2489.9641,24,1,0,Solve_Succeeded,6356.62109375
26,55,1,0.985431910017837,2509.3601,2509.3601,27,1,0,Solve_Succeeded,6356.62109375
26,56,1,0.969802254615353,2537.8881,2537.8881,39,1,0,Solve_Succeeded,6356.65625
26,57,1,0.95463264353885,2520.6706,2520.6706,28,1,0,Solve_Succeeded,6356.65625
26,58,1,0.954393522097485,2499.3339,2499.3339,25,1,0,Solve_Succeeded,6356.65625
26,59,1,0.952826248912337,2641.6633,2641.6633,28,1,0,Solve_Succeeded,6356.65625
26,60,1,0.960253354209168,2557.0292,2557.0292,33,1,0,Solve_Succeeded,6356.65625
26,61,1,0.938894531331136,2494.9769,2494.9769,24,1,0,Solve_Succeeded,6356.65625
26,62,1,0.939417020610339,2483.113,2483.113,20,1,0,Solve_Succeeded,6356.65625
26,63,1,0.948321431194151,2501.225,2501.225,29,1,0,Solve_Succeeded,6356.65625
26,64,1,0.956264241804833,2516.3887,2516.3887,33,1,0,Solve_Succeeded,6356.65625
26,65,1,0.904925244117822,2511.6112,2511.6112,25,1,0,Solve_Succeeded,6356.65625
26,66,1,0.906083041610631,2514.6722,2514.6722,24,1,0,Solve_Succeeded,6356.65625
26,67,1,0.869722204693723,2491.5096,2491.5096,23,1,0,Solve_Succeeded,6356.65625
26,68,1,0.910168792615753,2495.9026,2495.9026,24,1,0,Solve_Succeeded,6356.65625
26,69,1,0.910248384127627,2499.3921,2499.3921,26,1,0,Solve_Succeeded,6356.65625
26,70,1,0.741045487616483,2478.2866,2478.2866,20,1,0,Solve_Succeeded,6356.65625
26,71,1,0.777757667252374,2574.079,2574.079,52,1,0,Solve_Succeeded,6356.65625
26,72,1,0.835300302014936,2587.0382,2587.0382,54,1,0,Solve_Succeeded,6356.65625
26,73,1,0.842849009866538,2603.1494,2603.1494,62,1,0,Solve_Succeeded,6356.65625
26,74,1,0.743072730210329,2582.3212,2582.3212,57,1,0,Solve_Succeeded,6356.65625
26,75,1,0.771375849998109,2578.7386,2578.7386,51,1,0,Solve_Succeeded,6356.65625
26,76,1,0.80088573573443,2583.3989,2583.3989,61,1,0,Solve_Succeeded,6356.65625
26,77,1,0.810980511398683,2632.9481,2632.9481,67,1,0,Solve_Succeeded,6356.65625
26,78,1,0.743797818388181,2585.2545,2585.2545,59,1,0,Solve_Succeeded,6356.65625
26,79,1,0.799118916669126,2591.5572,2591.5572,60,1,0,Solve_Succeeded,6356.65625
26,80,1,0.734570498344289,2499.6594,2499.6594,19,1,0,Solve_Succeeded,6356.65625
26,81,1,0.74747611577357,2515.454,2515.454,23,1,0,Solve_Succeeded,6356.65625
26,82,1,0.865184008002846,2487.041,2487.041,24,1,0,Solve_Succeeded,6356.65625
26,83,1,0.861886483376649,2489.2847,2489.2847,22,1,0,Solve_Succeeded,6356.65625
26,84,1,0.9049843635363,2510.8707,2510.8707,29,1,0,Solve_Succeeded,6356.65625
26,85,1,0.932453638649617,2500.6859,2500.6859,21,1,0,Solve_Succeeded,6356.65625
26,86,1,0.943157153229709,2493.6126,2493.6126,23,1,0,Solve_Succeeded,6356.65625
26,87,1,0.936809838169713,2491.3689,2491.3689,23,1,0,Solve_Succeeded,6356.65625
26,88,1,0.914074692525645,2506.7582,2506.7582,24,1,0,Solve_Succeeded,6356.65625
26,89,1,0.876414975561277,2509.1818,2509.1818,29,1,0,Solve_Succeeded,6356.65625
26,90,1,0.825779339967794,2482.4602,2482.4602,18,1,0,Solve_Succeeded,6356.65625
26,91,1,0.768500861595343,2502.9331,2502.9331,27,1,0,Solve_Succeeded,6356.65625
26,92,1,0.700669209616017,2469.7384,2469.7384,19,1,0,Solve_Succeeded,6337.30078125
26,93,1,0.824238343299893,2508.3032,2508.3032,23,1,0,Solve_Succeeded,6336.6015625
26,94,1,0.709639151300859,2494.6641,2494.6641,23,1,0,Solve_Succeeded,6355.61328125
26,95,1,0.457088701615333,2523.9601,2523.9601,29,1,0,Solve_Succeeded,6355.61328125
26,96,1,0.442054015203098,2504.7109,2504.7109,23,1,0,Solve_Succeeded,6355.6484375
26,97,1,0.443635288253758,2510.9633,2510.9633,22,1,0,Solve_Succeeded,6355.6484375
26,98,1,0.451938102604043,2496.2325,2496.2325,27,1,0,Solve_Succeeded,6355.6484375
26,99,1,0.454319618315921,2496.0656,2496.0656,24,1,0,Solve_Succeeded,6356.625
26,100,1,0.401167802465415,2513.2717,2513.2717,27,1,0,Solve_Succeeded,6356.65625
26,101,1,0.39956686490226,2468.7708,2468.7708,14,1,0,Solve_Succeeded,6356.65625
26,102,1,0.403701861948972,2466.4984,2466.4984,17,1,0,Solve_Succeeded,6356.65625
26,103,1,0.479288715089235,2498.0715,2498.0715,25,1,0,Solve_Succeeded,6356.65625
26,104,1,0.577155922962598,2490.3629,2490.3629,15,1,0,Solve_Succeeded,6356.65625
26,105,1,0.672059994424531,2455.8166,2455.8166,13,1,0,Solve_Succeeded,6356.62109375
26,106,1,0.759554202893285,2480.1918,2480.1918,15,1,0,Solve_Succeeded,6356.62109375
26,107,1,0.399121265012545,2456.5183,2456.5183,14,1,0,Solve_Succeeded,6356.62109375
26,108,1,0.396514210169354,2454.4597,2454.4597,14,1,0,Solve_Succeeded,6356.62109375
26,109,1,0.401067878070317,2472.484,2472.484,13,1,0,Solve_Succeeded,6356.65234375
26,110,1,0.398679852370229,2470.7622,2470.7622,17,1,0,Solve_Succeeded,6356.65234375
26,111,1,0.397975755546734,2491.9888,2491.9888,18,1,0,Solve_Succeeded,6356.65234375
26,112,1,0.397504336895116,2482.8577,2482.8577,16,1,0,Solve_Succeeded,6356.65234375
26,113,1,0.392824478345139,2467.7061,2467.7061,16,1,0,Solve_Succeeded,6356.65234375
26,114,1,0.399907008324609,2469.5654,2469.5654,15,1,0,Solve_Succeeded,6356.65234375
26,115,1,0.394825170751108,2476.1812,2476.1812,15,1,0,Solve_Succeeded,6356.65234375
26,116,1,0.394195768674847,2483.5373,2483.5373,14,1,0,Solve_Succeeded,6356.65234375
26,117,1,0.396545747382477,2477.1469,2477.1469,14,1,0,Solve_Succeeded,6356.65234375
26,118,1,0.395434273316013,2464.9198,2464.9198,13,1,0,Solve_Succeeded,6356.65234375
26,119,1,0.395454501895178,2477.4116,2477.4116,13,1,0,Solve_Succeeded,6356.65234375
26,120,1,0.398053157850144,2500.3508,2500.3508,11,1,0,Solve_Succeeded,6356.65234375
26,121,1,0.397922426092025,2468.5816,2468.5816,10,1,0,Solve_Succeeded,6356.65234375
26,122,1,0.393692554832539,2449.3273,2449.3273,11,1,0,Solve_Succeeded,6356.65234375
26,123,1,0.402597730899999,2449.9071,2449.9071,10,1,0,Solve_Succeeded,6356.65234375
26,124,1,0.395553403279107,2454.8365,2454.8365,9,1,0,Solve_Succeeded,6356.65234375
26,125,1,0.397844284941379,2454.9989,2454.9989,9,1,0,Solve_Succeeded,6356.65234375
26,126,1,0.402390022787648,2456.705,2456.705,10,1,0,Solve_Succeeded,6356.65234375
26,127,1,0.399933989694277,2448.6416,2448.6416,8,1,0,Solve_Succeeded,6356.65234375
26,128,1,0.402982084346767,2509.3875,2509.3875,9,1,0,Solve_Succeeded,6356.65234375
26,129,1,0.39800056722209,2454.9341,2454.9341,9,1,0,Solve_Succeeded,6356.68359375
26,130,1,0.405536529806739,2456.2901,2456.2901,9,1,0,Solve_Succeeded,6356.68359375
26,131,1,0.396769624593375,2479.3625,2479.3625,9,1,0,Solve_Succeeded,6356.68359375
26,132,1,0.393758609966441,2444.5824,2444.5824,9,1,0,Solve_Succeeded,6356.68359375
26,133,1,0.349831130265951,2453.2932,2453.2932,8,1,0,Solve_Succeeded,6356.68359375
26,134,1,0.312864636908711,2445.1258,2445.1258,8,1,0,Solve_Succeeded,6356.68359375
26,135,1,0.281348093698107,2499.5721,2499.5721,8,1,0,Solve_Succeeded,6356.68359375
26,136,1,0.249791481470586,2503.5888,2503.5888,8,1,0,Solve_Succeeded,6356.68359375
26,137,1,0.214548678125471,2439.9872,2439.9872,7,1,0,Solve_Succeeded,6356.68359375
26,138,0,0.189898714892664,0.0065,NaN,NaN,1,0,not_triggered,6356.68359375
26,139,0,0.167485857476022,0.0058,NaN,NaN,1,0,not_triggered,6356.68359375
27,1,0,0.312091791045461,0.0088,NaN,NaN,1,0,not_triggered,6356.68359375
27,2,0,0.317887459501978,0.0065,NaN,NaN,1,0,not_triggered,6356.68359375
27,3,0,0.318315147114321,0.0071,NaN,NaN,1,0,not_triggered,6356.68359375
27,4,0,0.317330243877806,0.0066,NaN,NaN,1,0,not_triggered,6356.68359375
27,5,0,0.318218349474219,0.0059,NaN,NaN,1,0,not_triggered,6356.68359375
27,6,0,0.314838972183593,0.006,NaN,NaN,1,0,not_triggered,6356.68359375
27,7,0,0.323270157282645,0.006,NaN,NaN,1,0,not_triggered,6356.68359375
27,8,0,0.328051067986215,0.0064,NaN,NaN,1,0,not_triggered,6356.68359375
27,9,0,0.323024797901054,0.0055,NaN,NaN,1,0,not_triggered,6356.68359375
27,10,0,0.333508300831524,0.0074,NaN,NaN,1,0,not_triggered,6356.68359375
27,11,0,0.342635807226859,0.0062,NaN,NaN,1,0,not_triggered,6356.68359375
27,12,0,0.344324354177921,0.0063,NaN,NaN,1,0,not_triggered,6356.68359375
27,13,0,0.363412070673624,0.006,NaN,NaN,1,0,not_triggered,6356.68359375
27,14,0,0.372375676378497,0.0059,NaN,NaN,1,0,not_triggered,6356.68359375
27,15,0,0.371250546848953,0.0054,NaN,NaN,1,0,not_triggered,6356.68359375
27,16,0,0.389214172727797,0.0054,NaN,NaN,1,0,not_triggered,6356.68359375
27,17,0,0.382884258256097,0.005,NaN,NaN,1,0,not_triggered,6356.68359375
27,18,0,0.398562105572441,0.0052,NaN,NaN,1,0,not_triggered,6356.68359375
27,19,0,0.446388182920031,0.0053,NaN,NaN,1,0,not_triggered,6356.68359375
27,20,0,0.430677097324644,0.0052,NaN,NaN,1,0,not_triggered,6356.68359375
27,21,0,0.439016971197416,0.0056,NaN,NaN,1,0,not_triggered,6356.68359375
27,22,0,0.471436911914934,0.0054,NaN,NaN,1,0,not_triggered,6356.68359375
27,23,0,0.504585853850929,0.0054,NaN,NaN,1,0,not_triggered,6356.68359375
27,24,0,0.457995093198749,0.0052,NaN,NaN,1,0,not_triggered,6356.68359375
27,25,0,0.495038845522632,0.0055,NaN,NaN,1,0,not_triggered,6356.68359375
27,26,0,0.510308785132218,0.0053,NaN,NaN,1,0,not_triggered,6356.68359375
27,27,0,0.51332455949917,0.0051,NaN,NaN,1,0,not_triggered,6356.68359375
27,28,0,0.51168022136899,0.0049,NaN,NaN,1,0,not_triggered,6356.68359375
27,29,1,0.602768347669195,2473.793,2473.793,14,1,0,Solve_Succeeded,6356.68359375
27,30,1,0.584166587276586,2479.9475,2479.9475,14,1,0,Solve_Succeeded,6356.68359375
27,31,1,0.614790166215949,2466.8799,2466.8799,16,1,0,Solve_Succeeded,6356.68359375
27,32,1,0.655682935825924,2471.7432,2471.7432,16,1,0,Solve_Succeeded,6356.68359375
27,33,1,0.677784456442214,2553.8207,2553.8207,15,1,0,Solve_Succeeded,6356.68359375
27,34,1,0.838828318217761,2487.9299,2487.9299,19,1,0,Solve_Succeeded,6356.68359375
27,35,1,0.837532178607465,2486.839,2486.839,21,1,0,Solve_Succeeded,6356.68359375
27,36,1,0.859979767920041,2477.1115,2477.1115,21,1,0,Solve_Succeeded,6356.68359375
27,37,1,0.834283858612932,2482.882,2482.882,22,1,0,Solve_Succeeded,6356.68359375
27,38,1,0.765326770180289,2502.0195,2502.0195,25,1,0,Solve_Succeeded,6356.68359375
27,39,1,0.765270994958524,2498.7676,2498.7676,21,1,0,Solve_Succeeded,6356.68359375
27,40,1,0.913462763455403,2495.2395,2495.2395,22,1,0,Solve_Succeeded,6356.68359375
27,41,1,0.892600995050439,2511.6441,2511.6441,22,1,0,Solve_Succeeded,6356.68359375
27,42,1,0.924107515593784,2498.3908,2498.3908,23,1,0,Solve_Succeeded,6356.68359375
27,43,1,0.93318636098264,2508.0615,2508.0615,21,1,0,Solve_Succeeded,6356.68359375
27,44,1,0.942094274905174,2545.7322,2545.7322,22,1,0,Solve_Succeeded,6356.68359375
27,45,1,0.765338305010399,2536.4596,2536.4596,24,1,0,Solve_Succeeded,6356.68359375
27,46,1,0.938178308061575,2549.7826,2549.7826,20,1,0,Solve_Succeeded,6356.68359375
27,47,1,0.967956172229223,2889.7374,2889.7374,23,1,0,Solve_Succeeded,6356.68359375
27,48,1,0.972897104152882,3010.6286,3010.6286,23,1,0,Solve_Succeeded,6356.68359375
27,49,1,0.981032921668069,2825.2901,2825.2901,22,1,0,Solve_Succeeded,6356.6171875
27,50,1,0.961923686151016,2925.949,2925.949,19,1,0,Solve_Succeeded,6356.6171875
27,51,1,1.04873411530902,2648.9016,2648.9016,25,1,0,Solve_Succeeded,6356.6171875
27,52,1,1.07731615592129,2680.6179,2680.6179,36,1,0,Solve_Succeeded,6356.6484375
27,53,1,1.10027701300715,2606.88,2606.88,37,1,0,Solve_Succeeded,6356.6484375
27,54,1,0.969107382019904,2598.2544,2598.2544,30,1,0,Solve_Succeeded,6356.6484375
27,55,1,1.04674440141016,2595.0952,2595.0952,28,1,0,Solve_Succeeded,6356.6484375
27,56,1,1.00951101901473,2740.6516,2740.6516,32,1,0,Solve_Succeeded,6356.6484375
27,57,1,0.960612958428246,2496.3368,2496.3368,24,1,0,Solve_Succeeded,6356.6484375
27,58,1,1.02914192628137,2606.408,2606.408,32,1,0,Solve_Succeeded,6356.6484375
27,59,1,0.966317461485882,2502.2455,2502.2455,28,1,0,Solve_Succeeded,6356.6484375
27,60,1,0.97460350750573,2511.103,2511.103,29,1,0,Solve_Succeeded,6356.6484375
27,61,1,0.968312539343626,2496.551,2496.551,26,1,0,Solve_Succeeded,6356.6484375
27,62,1,0.990983749799169,2503.7391,2503.7391,27,1,0,Solve_Succeeded,6356.6484375
27,63,1,0.977859470045089,2537.3885,2537.3885,27,1,0,Solve_Succeeded,6356.6484375
27,64,1,0.994046693409473,2557.7023,2557.7023,29,1,0,Solve_Succeeded,6356.6484375
27,65,1,0.98096383536599,2512.8909,2512.8909,28,1,0,Solve_Succeeded,6337.5
27,66,1,0.940285124003938,2498.5885,2498.5885,29,1,0,Solve_Succeeded,6336.94140625
27,67,1,0.94693873148583,2508.6485,2508.6485,30,1,0,Solve_Succeeded,6355.703125
27,68,1,0.944915939350917,2510.6767,2510.6767,28,1,0,Solve_Succeeded,6355.703125
27,69,1,0.927468293794742,2520.2132,2520.2132,30,1,0,Solve_Succeeded,6355.703125
27,70,1,0.932594042752875,2530.455,2530.455,36,1,0,Solve_Succeeded,6355.671875
27,71,1,0.931916794942678,2509.4222,2509.4222,31,1,0,Solve_Succeeded,6355.640625
27,72,1,0.947255661023337,2523.7603,2523.7603,33,1,0,Solve_Succeeded,6355.671875
27,73,1,0.954678163525617,2531.4148,2531.4148,36,1,0,Solve_Succeeded,6355.67578125
27,74,1,0.873032314515121,2513.8681,2513.8681,33,1,0,Solve_Succeeded,6355.67578125
27,75,1,0.942049814285422,2568.7668,2568.7668,51,1,0,Solve_Succeeded,6355.67578125
27,76,1,0.93429077972988,2525.4455,2525.4455,39,1,0,Solve_Succeeded,6355.67578125
27,77,1,0.935035065390099,2594.9203,2594.9203,55,1,0,Solve_Succeeded,6355.67578125
27,78,1,0.949677269261482,2567.2948,2567.2948,49,1,0,Solve_Succeeded,6355.74609375
27,79,1,0.945757943864492,2572.6829,2572.6829,50,1,0,Solve_Succeeded,6355.74609375
27,80,1,0.942255246005931,2549.8433,2549.8433,43,1,0,Solve_Succeeded,6355.77734375
27,81,1,0.906228992657046,2547.2105,2547.2105,43,1,0,Solve_Succeeded,6355.77734375
27,82,1,0.906270751067418,2549.1838,2549.1838,48,1,0,Solve_Succeeded,6356.75390625
27,83,1,0.906197909216048,2546.9364,2546.9364,46,1,0,Solve_Succeeded,6356.75390625
27,84,1,0.93492346238196,2593.6595,2593.6595,59,1,0,Solve_Succeeded,6356.75390625
27,85,1,0.861651234061529,2582.7897,2582.7897,55,1,0,Solve_Succeeded,6356.75390625
27,86,1,0.907374386969502,2598.4159,2598.4159,58,1,0,Solve_Succeeded,6356.75390625
27,87,1,0.852509913742382,2570.0014,2570.0014,50,1,0,Solve_Succeeded,6356.75390625
27,88,1,0.937364695064272,2542.7671,2542.7671,42,1,0,Solve_Succeeded,6356.75390625
27,89,1,0.739796663049582,2505.0663,2505.0663,28,1,0,Solve_Succeeded,6356.75390625
27,90,1,0.768534698270491,2498.1062,2498.1062,29,1,0,Solve_Succeeded,6356.75390625
27,91,1,0.791928262814581,2496.4875,2496.4875,28,1,0,Solve_Succeeded,6356.75390625
27,92,1,0.809893851851845,2484.3054,2484.3054,24,1,0,Solve_Succeeded,6356.75390625
27,93,1,0.822317275914403,2484.3841,2484.3841,24,1,0,Solve_Succeeded,6356.75390625
27,94,1,0.832608628318356,2493.5304,2493.5304,25,1,0,Solve_Succeeded,6356.75390625
27,95,1,0.844392204301191,2483.6672,2483.6672,23,1,0,Solve_Succeeded,6356.75390625
27,96,1,0.85793116547087,2487.5717,2487.5717,22,1,0,Solve_Succeeded,6356.75390625
27,97,1,0.872629752969413,2476.1769,2476.1769,21,1,0,Solve_Succeeded,6356.75390625
27,98,1,0.887742228550072,2479.2955,2479.2955,23,1,0,Solve_Succeeded,6356.75390625
27,99,1,0.90235532692131,2472.7286,2472.7286,19,1,0,Solve_Succeeded,6356.75390625
27,100,1,0.915375719460175,2464.1583,2464.1583,17,1,0,Solve_Succeeded,6356.75390625
27,101,1,0.925529203835823,2471.5618,2471.5618,16,1,0,Solve_Succeeded,6356.75390625
27,102,1,0.93138043444705,2456.6364,2456.6364,14,1,0,Solve_Succeeded,6356.75390625
27,103,1,0.931382196132747,2472.1575,2472.1575,17,1,0,Solve_Succeeded,6356.75390625
27,104,1,0.923959145587618,2476.2298,2476.2298,19,1,0,Solve_Succeeded,6356.75390625
27,105,1,0.90762103390375,2493.703,2493.703,25,1,0,Solve_Succeeded,6356.75390625
27,106,1,0.882282396678179,2497.7904,2497.7904,26,1,0,Solve_Succeeded,6356.75390625
27,107,1,0.848692638324237,2496.6945,2496.6945,29,1,0,Solve_Succeeded,6356.75390625
27,108,1,0.807519486775718,2480.9843,2480.9843,19,1,0,Solve_Succeeded,6356.75390625
27,109,1,0.759509498464294,2484.3216,2484.3216,21,1,0,Solve_Succeeded,6356.75390625
27,110,1,0.705425425094804,2494.9492,2494.9492,25,1,0,Solve_Succeeded,6356.75390625
27,111,1,0.646000827180698,2501.839,2501.839,25,1,0,Solve_Succeeded,6356.75390625
27,112,1,0.581784596683705,2467.9703,2467.9703,16,1,0,Solve_Succeeded,6356.75390625
27,113,1,0.512076482140526,2461.9978,2461.9978,14,1,0,Solve_Succeeded,6356.75390625
27,114,1,0.437901789563305,2484.5537,2484.5537,21,1,0,Solve_Succeeded,6356.75390625
27,115,1,0.413041156114796,2478.7165,2478.7165,17,1,0,Solve_Succeeded,6356.75390625
27,116,1,0.376603725613608,2471.0941,2471.0941,16,1,0,Solve_Succeeded,6356.75390625
27,117,1,0.377728564196533,2467.552,2467.552,16,1,0,Solve_Succeeded,6356.75390625
27,118,1,0.3773135172119,2468.4727,2468.4727,14,1,0,Solve_Succeeded,6356.75390625
27,119,1,0.379425978466465,2472.7652,2472.7652,13,1,0,Solve_Succeeded,6356.75390625
27,120,1,0.378346693211179,2461.4653,2461.4653,12,1,0,Solve_Succeeded,6356.75390625
27,121,1,0.377078181490304,2463.1034,2463.1034,15,1,0,Solve_Succeeded,6356.75390625
27,122,1,0.372115093909659,2457.2327,2457.2327,13,1,0,Solve_Succeeded,6356.75390625
27,123,1,0.374389969240137,2467.0318,2467.0318,16,1,0,Solve_Succeeded,6356.75390625
27,124,1,0.410538391610899,2473.4567,2473.4567,17,1,0,Solve_Succeeded,6356.75390625
27,125,1,0.471030614584415,2457.7508,2457.7508,13,1,0,Solve_Succeeded,6356.75390625
27,126,1,0.520115609566635,2462.4083,2462.4083,14,1,0,Solve_Succeeded,6356.75390625
27,127,1,0.553248835714448,2466.7391,2466.7391,14,1,0,Solve_Succeeded,6356.62109375
27,128,1,0.566169128901873,2467.0536,2467.0536,14,1,0,Solve_Succeeded,6356.62109375
27,129,1,0.556305067439402,2462.5693,2462.5693,14,1,0,Solve_Succeeded,6356.62109375
27,130,1,0.523852353290329,2458.486,2458.486,14,1,0,Solve_Succeeded,6356.62109375
27,131,1,0.471542611758033,2464.2308,2464.2308,13,1,0,Solve_Succeeded,6356.65625
27,132,1,0.403345179499337,2460.5456,2460.5456,13,1,0,Solve_Succeeded,6356.65625
27,133,1,0.373593898706016,2453.1617,2453.1617,12,1,0,Solve_Succeeded,6356.65625
27,134,1,0.403660253418617,2457.397,2457.397,11,1,0,Solve_Succeeded,6356.65625
27,135,1,0.425676523067404,2456.8555,2456.8555,12,1,0,Solve_Succeeded,6356.69140625
27,136,1,0.433368193189187,2458.8677,2458.8677,9,1,0,Solve_Succeeded,6356.69140625
27,137,1,0.42654792914728,2451.9804,2451.9804,9,1,0,Solve_Succeeded,6356.69140625
27,138,1,0.405564167523946,2452.8525,2452.8525,10,1,0,Solve_Succeeded,6356.69140625
27,139,1,0.371237774419686,2469.0421,2469.0421,10,1,0,Solve_Succeeded,6356.69140625
27,140,1,0.367270944201248,2454.5351,2454.5351,9,1,0,Solve_Succeeded,6356.69140625
27,141,1,0.368488326822951,2446.4562,2446.4562,8,1,0,Solve_Succeeded,6356.69140625
27,142,1,0.372025408992425,2450.1775,2450.1775,8,1,0,Solve_Succeeded,6337.37109375
27,143,1,0.37441106537033,2452.6311,2452.6311,8,1,0,Solve_Succeeded,6355.78125
27,144,1,0.373512338867532,2454.5024,2454.5024,8,1,0,Solve_Succeeded,6355.78125
27,145,1,0.372538501205134,2445.6618,2445.6618,8,1,0,Solve_Succeeded,6355.8125
27,146,1,0.37181631409133,2453.338,2453.338,10,1,0,Solve_Succeeded,6355.8125
27,147,1,0.370663020243219,2452.1197,2452.1197,8,1,0,Solve_Succeeded,6355.8125
27,148,1,0.355013573700506,2448.8798,2448.8798,9,1,0,Solve_Succeeded,6355.8125
27,149,1,0.311641555200475,2457.0934,2457.0934,9,1,0,Solve_Succeeded,6355.8125
27,150,1,0.276202434654686,2441.5417,2441.5417,8,1,0,Solve_Succeeded,6355.8125
27,151,1,0.239126269505347,2455.6016,2455.6016,8,1,0,Solve_Succeeded,6355.8125
27,152,1,0.205101946209597,2439.3346,2439.3346,8,1,0,Solve_Succeeded,6355.8125
27,153,0,0.178544481256602,0.006,NaN,NaN,1,0,not_triggered,6355.8125
27,154,0,0.154311034749945,0.0057,NaN,NaN,1,0,not_triggered,6355.8125
27,155,0,0.126323153829201,0.0052,NaN,NaN,1,0,not_triggered,6355.8125
28,1,0,0.309633866492095,0.0081,NaN,NaN,1,0,not_triggered,6363.7265625
28,2,0,0.313516935917585,0.0059,NaN,NaN,1,0,not_triggered,6363.7265625
28,3,0,0.307123086777633,0.0055,NaN,NaN,1,0,not_triggered,6363.7265625
28,4,0,0.315968040537467,0.0061,NaN,NaN,1,0,not_triggered,6363.7265625
28,5,0,0.317287860925668,0.0057,NaN,NaN,1,0,not_triggered,6363.7265625
28,6,0,0.315203829747286,0.0054,NaN,NaN,1,0,not_triggered,6363.7265625
28,7,0,0.319760193863475,0.006,NaN,NaN,1,0,not_triggered,6363.7265625
28,8,0,0.318927719649612,0.0064,NaN,NaN,1,0,not_triggered,6363.7265625
28,9,0,0.348588147251004,0.0059,NaN,NaN,1,0,not_triggered,6363.7265625
28,10,0,0.329482682633081,0.0061,NaN,NaN,1,0,not_triggered,6363.7265625
28,11,0,0.331588619361738,0.0068,NaN,NaN,1,0,not_triggered,6363.7265625
28,12,0,0.363784092306659,0.0073,NaN,NaN,1,0,not_triggered,6363.7265625
28,13,0,0.389246865993382,0.0067,NaN,NaN,1,0,not_triggered,6363.7265625
28,14,0,0.369679605394409,0.0071,NaN,NaN,1,0,not_triggered,6363.7265625
28,15,0,0.382107329041855,0.0055,NaN,NaN,1,0,not_triggered,6363.7265625
28,16,0,0.368929434933831,0.0054,NaN,NaN,1,0,not_triggered,6363.7265625
28,17,0,0.373840280917632,0.0051,NaN,NaN,1,0,not_triggered,6363.7265625
28,18,0,0.385489819697954,0.005,NaN,NaN,1,0,not_triggered,6363.7265625
28,19,0,0.462359492521008,0.006,NaN,NaN,1,0,not_triggered,6363.7265625
28,20,0,0.45207766746474,0.0058,NaN,NaN,1,0,not_triggered,6363.7265625
28,21,0,0.50633771876341,0.0063,NaN,NaN,1,0,not_triggered,6363.7265625
28,22,0,0.474490097335903,0.006,NaN,NaN,1,0,not_triggered,6363.7265625
28,23,0,0.533693105132967,0.0055,NaN,NaN,1,0,not_triggered,6363.7265625
28,24,0,0.549751089523002,0.006,NaN,NaN,1,0,not_triggered,6363.7265625
28,25,0,0.546951801973855,0.0053,NaN,NaN,1,0,not_triggered,6363.7265625
28,26,0,0.547028224973234,0.0056,NaN,NaN,1,0,not_triggered,6363.7265625
28,27,1,0.619485147473789,2458.9026,2458.9026,15,1,0,Solve_Succeeded,6363.7265625
28,28,1,0.611831135353829,2467.3452,2467.3452,14,1,0,Solve_Succeeded,6363.7265625
28,29,1,0.704407071098164,2476.4939,2476.4939,17,1,0,Solve_Succeeded,6363.76171875
28,30,1,0.690258099889105,2474.1349,2474.1349,16,1,0,Solve_Succeeded,6363.76171875
28,31,1,0.814625480739332,2493.767,2493.767,18,1,0,Solve_Succeeded,6363.76171875
28,32,1,0.747670998115274,2487.0495,2487.0495,18,1,0,Solve_Succeeded,6363.76171875
28,33,1,0.884369704831176,2501.3099,2501.3099,21,1,0,Solve_Succeeded,6363.76171875
28,34,1,0.877015198449019,2478.0952,2478.0952,18,1,0,Solve_Succeeded,6363.76171875
28,35,1,0.896908761629723,2518.9329,2518.9329,28,1,0,Solve_Succeeded,6363.76171875
28,36,1,0.89547985249779,2526.6498,2526.6498,28,1,0,Solve_Succeeded,6363.76171875
28,37,1,0.875895308101612,2478.4828,2478.4828,17,1,0,Solve_Succeeded,6363.76171875
28,38,1,0.907082127585356,2479.7598,2479.7598,17,1,0,Solve_Succeeded,6363.76171875
28,39,1,0.861018865306139,2503.1522,2503.1522,23,1,0,Solve_Succeeded,6363.76171875
28,40,1,0.918501093234654,2532.6764,2532.6764,19,1,0,Solve_Succeeded,6363.8125
28,41,1,0.918199834120896,2596.5669,2596.5669,37,1,0,Solve_Succeeded,6364.7734375
28,42,1,0.885468181836025,2483.5456,2483.5456,18,1,0,Solve_Succeeded,6364.7734375
28,43,1,0.916644243265006,2469.8493,2469.8493,15,1,0,Solve_Succeeded,6364.7734375
28,44,1,0.894222196687428,2480.2854,2480.2854,18,1,0,Solve_Succeeded,6364.7734375
28,45,1,0.904909258206491,2489.5615,2489.5615,21,1,0,Solve_Succeeded,6364.7734375
28,46,1,0.925955525808602,2474.7557,2474.7557,16,1,0,Solve_Succeeded,6364.7734375
28,47,1,0.933168490769581,2473.8998,2473.8998,19,1,0,Solve_Succeeded,6364.7734375
28,48,1,0.949998044232411,2483.7702,2483.7702,22,1,0,Solve_Succeeded,6364.7734375
28,49,1,0.973941280352526,2474.187,2474.187,20,1,0,Solve_Succeeded,6364.7734375
28,50,1,0.925855413162787,2471.5807,2471.5807,17,1,0,Solve_Succeeded,6364.7734375
28,51,1,0.93604579185792,2488.1501,2488.1501,24,1,0,Solve_Succeeded,6364.7734375
28,52,1,0.936964864161754,2488.2129,2488.2129,21,1,0,Solve_Succeeded,6364.7734375
28,53,1,0.922862250655504,2500.7768,2500.7768,25,1,0,Solve_Succeeded,6364.73828125
28,54,1,0.860736117937903,2496.9257,2496.9257,27,1,0,Solve_Succeeded,6364.73828125
28,55,1,0.807163896678337,2516.1476,2516.1476,30,1,0,Solve_Succeeded,6364.73828125
28,56,1,0.857929136697787,2519.7084,2519.7084,30,1,0,Solve_Succeeded,6364.73828125
28,57,1,0.796595246010784,2506.8923,2506.8923,28,1,0,Solve_Succeeded,6364.73828125
28,58,1,0.930553319254319,2512.3851,2512.3851,29,1,0,Solve_Succeeded,6364.73828125
28,59,1,0.933040979127917,2591.4057,2591.4057,30,1,0,Solve_Succeeded,6364.73828125
28,60,1,0.930169886329857,2501.2767,2501.2767,25,1,0,Solve_Succeeded,6364.73828125
28,61,1,0.96060865556828,2506.9222,2506.9222,25,1,0,Solve_Succeeded,6364.73828125
28,62,1,0.90251294482968,2505.6622,2505.6622,27,1,0,Solve_Succeeded,6364.73828125
28,63,1,0.868028359412104,2503.5063,2503.5063,24,1,0,Solve_Succeeded,6364.73828125
28,64,1,0.853314805635252,2510.223,2510.223,24,1,0,Solve_Succeeded,6364.73828125
28,65,1,0.810799840029,2510.5974,2510.5974,32,1,0,Solve_Succeeded,6364.73828125
28,66,1,0.87852157148763,2503.444,2503.444,26,1,0,Solve_Succeeded,6364.73828125
28,67,1,0.774184915570664,2521.7933,2521.7933,31,1,0,Solve_Succeeded,6364.73828125
28,68,1,0.964034092372274,2525.8678,2525.8678,30,1,0,Solve_Succeeded,6364.73828125
28,69,1,0.905008551583038,2543.7717,2543.7717,43,1,0,Solve_Succeeded,6364.73828125
28,70,1,0.908525095386974,2538.6887,2538.6887,45,1,0,Solve_Succeeded,6364.73828125
28,71,1,0.817496066294838,2557.1461,2557.1461,48,1,0,Solve_Succeeded,6364.73828125
28,72,1,0.909651395672058,2576.0337,2576.0337,52,1,0,Solve_Succeeded,6364.73828125
28,73,1,0.842047011216568,2547.4822,2547.4822,47,1,0,Solve_Succeeded,6364.73828125
28,74,1,0.843631833316563,2530.9639,2530.9639,42,1,0,Solve_Succeeded,6364.73828125
28,75,1,0.771260971277742,2573.1814,2573.1814,54,1,0,Solve_Succeeded,6364.73828125
28,76,1,0.7785383385582,2558.1734,2558.1734,47,1,0,Solve_Succeeded,6364.73828125
28,77,1,0.817837606450404,2556.1104,2556.1104,50,1,0,Solve_Succeeded,6364.73828125
28,78,1,0.708970657910584,2566.1776,2566.1776,52,1,0,Solve_Succeeded,6364.73828125
28,79,1,0.735819759335417,2494.1561,2494.1561,23,1,0,Solve_Succeeded,6364.73828125
28,80,1,0.784307775992296,2474.71,2474.71,17,1,0,Solve_Succeeded,6364.703125
28,81,1,0.912403226729188,2499.4849,2499.4849,19,1,0,Solve_Succeeded,6356.7890625
28,82,1,0.888189085579296,2484.5461,2484.5461,23,1,0,Solve_Succeeded,6356.7890625
28,83,1,0.920034765347508,2476.171,2476.171,20,1,0,Solve_Succeeded,6356.7890625
28,84,1,0.936779066107708,2500.4989,2500.4989,23,1,0,Solve_Succeeded,6356.7890625
28,85,1,0.937866494239506,2472.166,2472.166,22,1,0,Solve_Succeeded,6356.7890625
28,86,1,0.923519101274164,2485.4784,2485.4784,18,1,0,Solve_Succeeded,6356.7890625
28,87,1,0.894703936411465,2488.6682,2488.6682,22,1,0,Solve_Succeeded,6356.7890625
28,88,1,0.852933839524549,2477.6003,2477.6003,20,1,0,Solve_Succeeded,6356.7890625
28,89,1,0.799993972658082,2463.7975,2463.7975,15,1,0,Solve_Succeeded,6356.7890625
28,90,1,0.755920895709434,2473.5549,2473.5549,19,1,0,Solve_Succeeded,6356.7890625
28,91,1,0.667708901664684,2480.0224,2480.0224,20,1,0,Solve_Succeeded,6356.7890625
28,92,1,0.59148617388984,2459.1092,2459.1092,13,1,0,Solve_Succeeded,6356.7890625
28,93,1,0.510238760662192,2473.8424,2473.8424,21,1,0,Solve_Succeeded,6337.41796875
28,94,1,0.439336532043219,2466.5248,2466.5248,15,1,0,Solve_Succeeded,6355.78125
28,95,1,0.42668390639529,2465.7397,2465.7397,18,1,0,Solve_Succeeded,6355.78125
28,96,1,0.438425495226814,2467.5405,2467.5405,16,1,0,Solve_Succeeded,6356.7890625
28,97,1,0.39539089395978,2473.3881,2473.3881,19,1,0,Solve_Succeeded,6356.7890625
28,98,1,0.42884508209267,2472.6111,2472.6111,21,1,0,Solve_Succeeded,6338.171875
28,99,1,0.397069817051131,2489.8558,2489.8558,20,1,0,Solve_Succeeded,6355.8125
28,100,1,0.43866278710162,2455.9121,2455.9121,14,1,0,Solve_Succeeded,6355.8125
28,101,1,0.394937385052398,2454.3511,2454.3511,13,1,0,Solve_Succeeded,6355.8125
28,102,1,0.399653817573847,2457.3129,2457.3129,12,1,0,Solve_Succeeded,6355.8125
28,103,1,0.400866646114143,2456.5391,2456.5391,11,1,0,Solve_Succeeded,6355.8125
28,104,1,0.401048747554837,2451.3644,2451.3644,11,1,0,Solve_Succeeded,6355.8125
28,105,1,0.402964594554917,2455.424,2455.424,13,1,0,Solve_Succeeded,6355.8125
28,106,1,0.397503279844588,2467.8586,2467.8586,14,1,0,Solve_Succeeded,6355.8125
28,107,1,0.396188170170721,2472.0703,2472.0703,16,1,0,Solve_Succeeded,6355.7421875
28,108,1,0.39731925703551,2464.6366,2464.6366,16,1,0,Solve_Succeeded,6355.7421875
28,109,1,0.395518428461668,2459.9891,2459.9891,15,1,0,Solve_Succeeded,6355.7421875
28,110,1,0.397046006185052,2459.5709,2459.5709,14,1,0,Solve_Succeeded,6355.7421875
28,111,1,0.399640636537622,2461.2613,2461.2613,14,1,0,Solve_Succeeded,6355.7421875
28,112,1,0.393388717357315,2459.0239,2459.0239,13,1,0,Solve_Succeeded,6355.7421875
28,113,1,0.400665832783434,2593.9355,2593.9355,14,1,0,Solve_Succeeded,6355.7421875
28,114,1,0.393752610910487,2461.8109,2461.8109,13,1,0,Solve_Succeeded,6355.7421875
28,115,1,0.396004409795986,2453.8668,2453.8668,13,1,0,Solve_Succeeded,6355.7421875
28,116,1,0.397307489128982,2456.5994,2456.5994,11,1,0,Solve_Succeeded,6356.71875
28,117,1,0.395851295437696,2455.7594,2455.7594,11,1,0,Solve_Succeeded,6356.71875
28,118,1,0.394072522062776,2448.9004,2448.9004,10,1,0,Solve_Succeeded,6356.71875
28,119,1,0.398508830445126,2446.8609,2446.8609,9,1,0,Solve_Succeeded,6356.71875
28,120,1,0.39338332213369,2444.3654,2444.3654,9,1,0,Solve_Succeeded,6356.71875
28,121,1,0.390674244670472,2455.775,2455.775,10,1,0,Solve_Succeeded,6356.71875
28,122,1,0.396078498649688,2453.4152,2453.4152,9,1,0,Solve_Succeeded,6356.71875
28,123,1,0.393117385436147,2451.0219,2451.0219,10,1,0,Solve_Succeeded,6356.71875
28,124,1,0.399763876171393,2448.4313,2448.4313,8,1,0,Solve_Succeeded,6356.71875
28,125,1,0.396442460032481,2442.4128,2442.4128,7,1,0,Solve_Succeeded,6356.71875
28,126,1,0.395703967357546,2452.5541,2452.5541,8,1,0,Solve_Succeeded,6356.71875
28,127,1,0.395879680140118,2460.5283,2460.5283,10,1,0,Solve_Succeeded,6336.6953125
28,128,1,0.395498941877066,2458.2987,2458.2987,10,1,0,Solve_Succeeded,6356.65625
28,129,1,0.390636665771685,2457.8352,2457.8352,9,1,0,Solve_Succeeded,6356.71875
28,130,1,0.351528579753537,2452.8461,2452.8461,8,1,0,Solve_Succeeded,6356.71875
28,131,1,0.314981620408182,2451.4611,2451.4611,9,1,0,Solve_Succeeded,6356.71875
28,132,1,0.276577297839804,2442.9709,2442.9709,8,1,0,Solve_Succeeded,6356.71875
28,133,1,0.246876586027246,2449.713,2449.713,7,1,0,Solve_Succeeded,6356.71875
28,134,1,0.209334943956159,2455.2302,2455.2302,7,1,0,Solve_Succeeded,6356.65234375
28,135,0,0.193430885035408,0.006,NaN,NaN,1,0,not_triggered,6356.65234375
28,136,0,0.162873086456101,0.0057,NaN,NaN,1,0,not_triggered,6356.65234375
29,1,0,0.310985037955442,0.0082,NaN,NaN,1,0,not_triggered,6356.65234375
29,2,0,0.319318931077564,0.0066,NaN,NaN,1,0,not_triggered,6356.65234375
29,3,0,0.317365958098847,0.0059,NaN,NaN,1,0,not_triggered,6356.65234375
29,4,0,0.326401782218366,0.0055,NaN,NaN,1,0,not_triggered,6356.65234375
29,5,0,0.317443125469572,0.0051,NaN,NaN,1,0,not_triggered,6356.65234375
29,6,0,0.320120704431188,0.0048,NaN,NaN,1,0,not_triggered,6356.65234375
29,7,0,0.327320413516216,0.0052,NaN,NaN,1,0,not_triggered,6356.65234375
29,8,0,0.324984630638723,0.0053,NaN,NaN,1,0,not_triggered,6356.65234375
29,9,0,0.326809600013787,0.0052,NaN,NaN,1,0,not_triggered,6356.65234375
29,10,0,0.356828561429882,0.0053,NaN,NaN,1,0,not_triggered,6356.65234375
29,11,0,0.361935589210004,0.0051,NaN,NaN,1,0,not_triggered,6356.65234375
29,12,0,0.355797897547309,0.0052,NaN,NaN,1,0,not_triggered,6356.65234375
29,13,0,0.369675509326926,0.0069,NaN,NaN,1,0,not_triggered,6356.65234375
29,14,0,0.377331600517032,0.0064,NaN,NaN,1,0,not_triggered,6356.65234375
29,15,0,0.375319521462342,0.0057,NaN,NaN,1,0,not_triggered,6356.65234375
29,16,0,0.400343311650467,0.0058,NaN,NaN,1,0,not_triggered,6356.65234375
29,17,0,0.416716305104613,0.0057,NaN,NaN,1,0,not_triggered,6356.65234375
29,18,0,0.425833266873511,0.005,NaN,NaN,1,0,not_triggered,6356.65234375
29,19,0,0.416109475666105,0.0051,NaN,NaN,1,0,not_triggered,6356.65234375
29,20,0,0.450348765020629,0.0055,NaN,NaN,1,0,not_triggered,6356.65234375
29,21,0,0.473865965983735,0.005,NaN,NaN,1,0,not_triggered,6356.65234375
29,22,0,0.477305049777581,0.0054,NaN,NaN,1,0,not_triggered,6356.65234375
29,23,0,0.475528328338051,0.0045,NaN,NaN,1,0,not_triggered,6356.65234375
29,24,0,0.535965239613929,0.0047,NaN,NaN,1,0,not_triggered,6356.65234375
29,25,0,0.473593703500316,0.0051,NaN,NaN,1,0,not_triggered,6356.65234375
29,26,0,0.535182623020785,0.0053,NaN,NaN,1,0,not_triggered,6356.65234375
29,27,1,0.631232008691923,2488.2914,2488.2914,15,1,0,Solve_Succeeded,6356.65234375
29,28,1,0.641809059336802,2471.654,2471.654,15,1,0,Solve_Succeeded,6356.65234375
29,29,1,0.622737335012473,2471.4608,2471.4608,15,1,0,Solve_Succeeded,6356.65234375
29,30,1,0.678015129662706,2475.8694,2475.8694,15,1,0,Solve_Succeeded,6356.65234375
29,31,1,0.665320602835447,2469.9429,2469.9429,16,1,0,Solve_Succeeded,6356.6875
29,32,1,0.757804251962601,2475.0075,2475.0075,18,1,0,Solve_Succeeded,6356.6875
29,33,1,0.883538481326658,2470.2505,2470.2505,18,1,0,Solve_Succeeded,6356.6875
29,34,1,0.875605446006929,2475.1567,2475.1567,17,1,0,Solve_Succeeded,6356.6875
29,35,1,0.858528624660255,2479.4422,2479.4422,21,1,0,Solve_Succeeded,6356.6875
29,36,1,0.850864973871614,2475.2346,2475.2346,18,1,0,Solve_Succeeded,6356.6875
29,37,1,0.869621705841291,2483.8817,2483.8817,19,1,0,Solve_Succeeded,6356.6875
29,38,1,0.955528740827734,2490.4715,2490.4715,20,1,0,Solve_Succeeded,6356.6875
29,39,1,0.959942556785268,2497.6363,2497.6363,22,1,0,Solve_Succeeded,6356.6875
29,40,1,0.930455354002427,2483.4421,2483.4421,20,1,0,Solve_Succeeded,6356.6875
29,41,1,0.951496258481992,2480.0279,2480.0279,19,1,0,Solve_Succeeded,6356.6875
29,42,1,0.913220825838696,2475.5516,2475.5516,20,1,0,Solve_Succeeded,6356.6875
29,43,1,0.979305954486485,2479.578,2479.578,23,1,0,Solve_Succeeded,6356.6875
29,44,1,0.947086220752716,2489.2289,2489.2289,20,1,0,Solve_Succeeded,6356.6875
29,45,1,0.993422099319442,2474.8637,2474.8637,18,1,0,Solve_Succeeded,6356.6875
29,46,1,1.01642061162098,2471.1734,2471.1734,21,1,0,Solve_Succeeded,6356.6875
29,47,1,1.03918069116075,2471.837,2471.837,20,1,0,Solve_Succeeded,6356.6875
29,48,1,0.993000045945637,2489.9271,2489.9271,24,1,0,Solve_Succeeded,6356.6875
29,49,1,1.01028438343313,2504.3622,2504.3622,28,1,0,Solve_Succeeded,6356.6875
29,50,1,0.986922819238079,2474.8497,2474.8497,19,1,0,Solve_Succeeded,6356.6875
29,51,1,0.988119934310617,2489.4185,2489.4185,22,1,0,Solve_Succeeded,6356.6875
29,52,1,0.885286482790117,2486.2066,2486.2066,24,1,0,Solve_Succeeded,6356.65625
29,53,1,0.764641468563549,2509.4175,2509.4175,29,1,0,Solve_Succeeded,6356.65625
29,54,1,0.873606934834764,2511.6152,2511.6152,28,1,0,Solve_Succeeded,6356.65625
29,55,1,0.84707609095953,2499.6836,2499.6836,29,1,0,Solve_Succeeded,6356.65625
29,56,1,0.887655393723439,2553.1054,2553.1054,46,1,0,Solve_Succeeded,6356.65625
29,57,1,0.952754623365195,2610.7253,2610.7253,58,1,0,Solve_Succeeded,6356.65625
29,58,1,0.925765728360779,2480.9179,2480.9179,23,1,0,Solve_Succeeded,6356.65625
29,59,1,0.958204307360819,2694.4626,2694.4626,87,1,0,Solve_Succeeded,6356.65625
29,60,1,0.861987786278858,2532.7023,2532.7023,39,1,0,Solve_Succeeded,6356.65625
29,61,1,0.959444860046585,2556.7566,2556.7566,39,1,0,Solve_Succeeded,6356.65625
29,62,1,0.976558171358541,2672.8971,2672.8971,82,1,0,Solve_Succeeded,6356.65625
29,63,1,0.841763123467377,2604.4415,2604.4415,59,1,0,Solve_Succeeded,6356.65625
29,64,1,0.939436651954347,2660.889,2660.889,80,1,0,Solve_Succeeded,6336.9453125
29,65,1,0.933560939578537,2561.2191,2561.2191,36,1,0,Solve_Succeeded,6355.6796875
29,66,1,0.85036939520425,2564.1399,2564.1399,44,1,0,Solve_Succeeded,6355.6796875
29,67,1,0.92956586923507,2518.9737,2518.9737,32,1,0,Solve_Succeeded,6355.6796875
29,68,1,0.951576818995632,2570.714,2570.714,47,1,0,Solve_Succeeded,6336.7265625
29,69,1,0.994844339778814,2523.4202,2523.4202,33,1,0,Solve_Succeeded,6355.6796875
29,70,1,1.03287261087579,2562.6702,2562.6702,42,1,0,Solve_Succeeded,6355.6796875
29,71,1,1.06647801173963,2531.2437,2531.2437,36,1,0,Solve_Succeeded,6355.6796875
29,72,1,1.09496906283518,2550.7345,2550.7345,40,1,0,Solve_Succeeded,6355.6796875
29,73,1,1.11860048591946,2531.7186,2531.7186,34,1,0,Solve_Succeeded,6355.6796875
29,74,1,1.13760538303732,2530.4614,2530.4614,35,1,0,Solve_Succeeded,6355.6796875
29,75,1,1.15217520773734,2522.5084,2522.5084,30,1,0,Solve_Succeeded,6355.6796875
29,76,1,1.16220887047708,2491.5632,2491.5632,23,1,0,Solve_Succeeded,6355.6796875
29,77,1,1.16748071069633,2614.668,2614.668,63,1,0,Solve_Succeeded,6355.6796875
29,78,1,1.1676879075062,2490.0251,2490.0251,23,1,0,Solve_Succeeded,6355.6484375
29,79,1,1.16246980937711,2513.9941,2513.9941,27,1,0,Solve_Succeeded,6355.71484375
29,80,1,1.15143575360433,2501.3856,2501.3856,29,1,0,Solve_Succeeded,6355.71484375
29,81,1,1.13419769169212,2478.499,2478.499,21,1,0,Solve_Succeeded,6355.71484375
29,82,1,1.110402257372,2510.6391,2510.6391,34,1,0,Solve_Succeeded,6355.71484375
29,83,1,1.07975665012156,2498.0001,2498.0001,19,1,0,Solve_Succeeded,6355.75
29,84,1,1.04204422907099,2519.5795,2519.5795,32,1,0,Solve_Succeeded,6355.75
29,85,1,0.997128488124946,2545.6979,2545.6979,45,1,0,Solve_Succeeded,6355.75
29,86,1,0.944946946686577,2508.0189,2508.0189,28,1,0,Solve_Succeeded,6355.75
29,87,1,0.956218776331788,2500.4094,2500.4094,28,1,0,Solve_Succeeded,6355.75
29,88,1,0.950800442943939,2549.1902,2549.1902,45,1,0,Solve_Succeeded,6355.75
29,89,1,0.934643327075761,2508.6739,2508.6739,29,1,0,Solve_Succeeded,6355.75
29,90,1,0.948700936764285,2514.593,2514.593,31,1,0,Solve_Succeeded,6355.75
29,91,1,0.969781906246115,2517.8267,2517.8267,31,1,0,Solve_Succeeded,6355.75
29,92,1,0.962538098239606,2504.2269,2504.2269,27,1,0,Solve_Succeeded,6355.75
29,93,1,0.900774548996301,2566.9615,2566.9615,50,1,0,Solve_Succeeded,6355.75
29,94,1,0.936822890398628,2526.8195,2526.8195,35,1,0,Solve_Succeeded,6355.75
29,95,1,0.902831941012652,2548.8031,2548.8031,47,1,0,Solve_Succeeded,6355.75
29,96,1,0.911230259233554,2517.0115,2517.0115,36,1,0,Solve_Succeeded,6355.75
29,97,1,0.914030144345148,2525.1895,2525.1895,36,1,0,Solve_Succeeded,6355.75
29,98,1,0.406135014596785,2546.1314,2546.1314,39,1,0,Solve_Succeeded,6355.75
29,99,1,0.452075905638671,2524.27,2524.27,35,1,0,Solve_Succeeded,6355.75
29,100,1,0.527556552687406,2542.9894,2542.9894,43,1,0,Solve_Succeeded,6355.75
29,101,1,0.599666301739113,2544.4399,2544.4399,42,1,0,Solve_Succeeded,6355.75
29,102,1,0.888998819297235,2637.5039,2637.5039,69,1,0,Solve_Succeeded,6356.7265625
29,103,1,0.880786437468533,2557.6612,2557.6612,48,1,0,Solve_Succeeded,6356.7265625
29,104,1,0.796933383378868,2581.7536,2581.7536,54,1,0,Solve_Succeeded,6356.7265625
29,105,1,0.846033452601587,2542.3724,2542.3724,42,1,0,Solve_Succeeded,6356.7265625
29,106,1,0.894911033165794,2582.5,2582.5,54,1,0,Solve_Succeeded,6356.7265625
29,107,1,0.938809804672262,2567.544,2567.544,51,1,0,Solve_Succeeded,6356.7265625
29,108,1,0.977515300836118,2513.5727,2513.5727,34,1,0,Solve_Succeeded,6356.7265625
29,109,1,1.01038682810545,2529.9111,2529.9111,37,1,0,Solve_Succeeded,6356.7265625
29,110,1,1.03653673785582,2523.9089,2523.9089,37,1,0,Solve_Succeeded,6356.7265625
29,111,1,1.05497332483051,2456.8114,2456.8114,13,1,0,Solve_Succeeded,6356.7265625
29,112,1,1.06604029593368,2460.8662,2460.8662,12,1,0,Solve_Succeeded,6356.7265625
29,113,1,1.0755961092527,2453.6016,2453.6016,13,1,0,Solve_Succeeded,6356.7265625
29,114,1,1.0821169365257,2463.5539,2463.5539,12,1,0,Solve_Succeeded,6356.7265625
29,115,1,0.523162132830495,2486.2508,2486.2508,18,1,0,Solve_Succeeded,6356.7265625
29,116,1,0.561416701865945,2485.3136,2485.3136,22,1,0,Solve_Succeeded,6356.7265625
29,117,1,0.594720265624781,2489.5695,2489.5695,21,1,0,Solve_Succeeded,6356.7265625
29,118,1,0.620972581107631,2469.336,2469.336,20,1,0,Solve_Succeeded,6356.7265625
29,119,1,0.637856061608188,2500.177,2500.177,30,1,0,Solve_Succeeded,6356.7265625
29,120,1,0.383967847323595,2517.8177,2517.8177,37,1,0,Solve_Succeeded,6356.7265625
29,121,1,0.382161823482433,2537.6001,2537.6001,45,1,0,Solve_Succeeded,6356.7265625
29,122,1,0.381513853850233,2546.9421,2546.9421,43,1,0,Solve_Succeeded,6356.7265625
29,123,1,0.386939343561619,2512.4604,2512.4604,37,1,0,Solve_Succeeded,6356.7265625
29,124,1,0.382849173385001,2521.8517,2521.8517,35,1,0,Solve_Succeeded,6356.7265625
29,125,1,0.386372770062081,2511.4987,2511.4987,34,1,0,Solve_Succeeded,6356.7265625
29,126,1,0.379603516693084,2516.9107,2516.9107,31,1,0,Solve_Succeeded,6356.7265625
29,127,1,0.383641144673279,2494.4766,2494.4766,25,1,0,Solve_Succeeded,6356.7265625
29,128,1,0.380954517850715,2507.0849,2507.0849,31,1,0,Solve_Succeeded,6356.7265625
29,129,1,0.375307135320501,2487.691,2487.691,21,1,0,Solve_Succeeded,6356.7265625
29,130,1,0.375755702369056,2492.8762,2492.8762,22,1,0,Solve_Succeeded,6356.7265625
29,131,1,0.37408088073359,2492.6291,2492.6291,21,1,0,Solve_Succeeded,6356.625
29,132,1,0.371691140035442,2476.674,2476.674,18,1,0,Solve_Succeeded,6336.9921875
29,133,1,0.374886777259447,2474.073,2474.073,19,1,0,Solve_Succeeded,6355.6171875
29,134,1,0.376380281096248,2471.8253,2471.8253,18,1,0,Solve_Succeeded,6355.6484375
29,135,1,0.372269693303812,2490.2133,2490.2133,16,1,0,Solve_Succeeded,6355.6484375
29,136,1,0.372211745680162,2464.8529,2464.8529,15,1,0,Solve_Succeeded,6355.68359375
29,137,1,0.373503234815587,2468.7463,2468.7463,16,1,0,Solve_Succeeded,6355.68359375
29,138,1,0.371485451888971,2473.8876,2473.8876,14,1,0,Solve_Succeeded,6355.68359375
29,139,1,0.374067444513842,2472.2354,2472.2354,14,1,0,Solve_Succeeded,6355.68359375
29,140,1,0.370927714698661,2467.8124,2467.8124,16,1,0,Solve_Succeeded,6355.68359375
29,141,1,0.37034311455516,2484.4747,2484.4747,15,1,0,Solve_Succeeded,6355.68359375
29,142,1,0.372780603462742,2462.0133,2462.0133,13,1,0,Solve_Succeeded,6355.68359375
29,143,1,0.370274942182931,2455.2524,2455.2524,13,1,0,Solve_Succeeded,6355.68359375
29,144,1,0.371038868365154,2457.0959,2457.0959,13,1,0,Solve_Succeeded,6355.68359375
29,145,1,0.38781721572321,2463.3308,2463.3308,14,1,0,Solve_Succeeded,6355.68359375
29,146,1,0.371209043682942,2466.6373,2466.6373,14,1,0,Solve_Succeeded,6355.68359375
29,147,1,0.372623381207925,2459.7135,2459.7135,12,1,0,Solve_Succeeded,6355.68359375
29,148,1,0.369347129431354,2452.3361,2452.3361,12,1,0,Solve_Succeeded,6355.68359375
29,149,1,0.36825346519645,2461.5907,2461.5907,11,1,0,Solve_Succeeded,6355.67578125
29,150,1,0.37027658144669,2452.5622,2452.5622,10,1,0,Solve_Succeeded,6355.67578125
29,151,1,0.369521720982262,2447.7357,2447.7357,8,1,0,Solve_Succeeded,6355.6796875
29,152,1,0.367275312891245,2452.1092,2452.1092,10,1,0,Solve_Succeeded,6355.6796875
29,153,1,0.367286497111841,2452.6794,2452.6794,11,1,0,Solve_Succeeded,6355.68359375
29,154,1,0.370537835013891,2450.8619,2450.8619,10,1,0,Solve_Succeeded,6355.68359375
29,155,1,0.368531585735259,2452.097,2452.097,9,1,0,Solve_Succeeded,6355.68359375
29,156,1,0.367565289088499,2444.46,2444.46,8,1,0,Solve_Succeeded,6355.68359375
29,157,1,0.368031483652313,2447.5161,2447.5161,8,1,0,Solve_Succeeded,6355.68359375
29,158,1,0.368858355063728,2450.907,2450.907,10,1,0,Solve_Succeeded,6355.68359375
29,159,1,0.369723339636334,2448.516,2448.516,9,1,0,Solve_Succeeded,6355.68359375
29,160,1,0.364371765321185,2442.9848,2442.9848,9,1,0,Solve_Succeeded,6355.68359375
29,161,1,0.32418812889986,2441.2948,2441.2948,8,1,0,Solve_Succeeded,6355.68359375
29,162,1,0.285920403574378,2443.9426,2443.9426,9,1,0,Solve_Succeeded,6355.68359375
29,163,1,0.250952496165665,2439.911,2439.911,8,1,0,Solve_Succeeded,6355.68359375
29,164,1,0.215708699285482,2443.251,2443.251,9,1,0,Solve_Succeeded,6355.68359375
29,165,0,0.183798311872105,0.0057,NaN,NaN,1,0,not_triggered,6355.68359375
29,166,0,0.160705241048118,0.0054,NaN,NaN,1,0,not_triggered,6355.68359375
29,167,0,0.134925236585129,0.0054,NaN,NaN,1,0,not_triggered,6355.68359375
30,1,0,0.308910531347761,0.0082,NaN,NaN,1,0,not_triggered,6363.59765625
30,2,0,0.304882778324515,0.0059,NaN,NaN,1,0,not_triggered,6363.59765625
30,3,0,0.309623159704742,0.0055,NaN,NaN,1,0,not_triggered,6363.59765625
30,4,0,0.304297831870189,0.0055,NaN,NaN,1,0,not_triggered,6363.59765625
30,5,0,0.307969222730063,0.0059,NaN,NaN,1,0,not_triggered,6363.59765625
30,6,0,0.307789929665693,0.0054,NaN,NaN,1,0,not_triggered,6363.59765625
30,7,0,0.314363824197441,0.0048,NaN,NaN,1,0,not_triggered,6363.59765625
30,8,0,0.321388058269336,0.005,NaN,NaN,1,0,not_triggered,6363.59765625
30,9,0,0.32022703939671,0.005,NaN,NaN,1,0,not_triggered,6363.59765625
30,10,0,0.320611332002554,0.0052,NaN,NaN,1,0,not_triggered,6363.59765625
30,11,0,0.349525488404313,0.0052,NaN,NaN,1,0,not_triggered,6363.59765625
30,12,0,0.344046470242431,0.005,NaN,NaN,1,0,not_triggered,6363.59765625
30,13,0,0.368515082635,0.0052,NaN,NaN,1,0,not_triggered,6363.59765625
30,14,0,0.39667988756176,0.0053,NaN,NaN,1,0,not_triggered,6363.59765625
30,15,0,0.366585991752092,0.0061,NaN,NaN,1,0,not_triggered,6363.59765625
30,16,0,0.393102703410905,0.0057,NaN,NaN,1,0,not_triggered,6363.59765625
30,17,0,0.415352264741238,0.0049,NaN,NaN,1,0,not_triggered,6363.59765625
30,18,0,0.386854637926414,0.0052,NaN,NaN,1,0,not_triggered,6363.59765625
30,19,0,0.445260064590164,0.0049,NaN,NaN,1,0,not_triggered,6363.59765625
30,20,0,0.482775942396534,0.0064,NaN,NaN,1,0,not_triggered,6363.59765625
30,21,0,0.455702914115977,0.0057,NaN,NaN,1,0,not_triggered,6363.59765625
30,22,0,0.474467275558379,0.0061,NaN,NaN,1,0,not_triggered,6363.59765625
30,23,0,0.476219554135295,0.0055,NaN,NaN,1,0,not_triggered,6363.59765625
30,24,0,0.505715689247908,0.0049,NaN,NaN,1,0,not_triggered,6363.59765625
30,25,0,0.540302909431359,0.0053,NaN,NaN,1,0,not_triggered,6363.59765625
30,26,1,0.638499438753584,2468.8437,2468.8437,15,1,0,Solve_Succeeded,6363.59765625
30,27,1,0.533353505524431,2450.5074,2450.5074,12,1,0,Solve_Succeeded,6363.59765625
30,28,1,0.595481119887391,2452.5963,2452.5963,12,1,0,Solve_Succeeded,6363.59765625
30,29,1,0.652015545561536,2465.6706,2465.6706,15,1,0,Solve_Succeeded,6363.59765625
30,30,1,0.668456868752958,2465.4282,2465.4282,16,1,0,Solve_Succeeded,6363.59765625
30,31,1,0.755327048416156,2476.5031,2476.5031,19,1,0,Solve_Succeeded,6363.59765625
30,32,1,0.780057842856936,2464.0241,2464.0241,16,1,0,Solve_Succeeded,6363.59765625
30,33,1,0.883436637712566,2512.0351,2512.0351,30,1,0,Solve_Succeeded,6355.68359375
30,34,1,0.874248071590034,2482.6981,2482.6981,19,1,0,Solve_Succeeded,6355.68359375
30,35,1,0.879768825417228,2493.8933,2493.8933,27,1,0,Solve_Succeeded,6355.68359375
30,36,1,0.889875019542789,2494.921,2494.921,26,1,0,Solve_Succeeded,6355.68359375
30,37,1,0.872228903810625,2481.8259,2481.8259,22,1,0,Solve_Succeeded,6356.66015625
30,38,1,0.855250498567166,2478.3753,2478.3753,17,1,0,Solve_Succeeded,6356.66015625
30,39,1,0.88085067525347,2484.9648,2484.9648,20,1,0,Solve_Succeeded,6356.66015625
30,40,1,0.894668962662327,2473.2755,2473.2755,20,1,0,Solve_Succeeded,6356.66015625
30,41,1,0.883993483350154,2479.8893,2479.8893,19,1,0,Solve_Succeeded,6356.66015625
30,42,1,0.898827334818019,2464.5522,2464.5522,17,1,0,Solve_Succeeded,6356.66015625
30,43,1,0.881285602263417,2480.6919,2480.6919,22,1,0,Solve_Succeeded,6356.66015625
30,44,1,0.904596718371174,2461.8576,2461.8576,15,1,0,Solve_Succeeded,6356.66015625
30,45,1,0.914980388473147,2461.6219,2461.6219,18,1,0,Solve_Succeeded,6356.625
30,46,1,0.950369369710243,2484.2002,2484.2002,20,1,0,Solve_Succeeded,6356.625
30,47,1,0.957192789176563,2474.7203,2474.7203,16,1,0,Solve_Succeeded,6356.625
30,48,1,0.954779587268647,2478.8639,2478.8639,22,1,0,Solve_Succeeded,6356.625
30,49,1,0.905414247473889,2585.1322,2585.1322,23,1,0,Solve_Succeeded,6356.625
30,50,1,0.905378740833057,2499.0124,2499.0124,24,1,0,Solve_Succeeded,6356.66015625
30,51,1,0.906410901770568,2479.6044,2479.6044,23,1,0,Solve_Succeeded,6356.66015625
30,52,1,0.908640050753515,2485.3435,2485.3435,25,1,0,Solve_Succeeded,6356.66015625
30,53,1,0.912250836377389,2511.1323,2511.1323,23,1,0,Solve_Succeeded,6356.66015625
30,54,1,0.798999101693704,2487.4772,2487.4772,23,1,0,Solve_Succeeded,6356.66015625
30,55,1,0.908765337056608,2471.702,2471.702,19,1,0,Solve_Succeeded,6356.66015625
30,56,1,0.885097572938664,2516.8899,2516.8899,34,1,0,Solve_Succeeded,6356.66015625
30,57,1,0.778251288987111,2515.8643,2515.8643,33,1,0,Solve_Succeeded,6356.66015625
30,58,1,0.915594392947902,2505.8048,2505.8048,30,1,0,Solve_Succeeded,6356.66015625
30,59,1,0.91993905549943,2471.6705,2471.6705,18,1,0,Solve_Succeeded,6356.66015625
30,60,1,0.914490911508124,2489.5608,2489.5608,27,1,0,Solve_Succeeded,6356.66015625
30,61,1,0.924044281714965,2497.0171,2497.0171,27,1,0,Solve_Succeeded,6356.66015625
30,62,1,0.919277932897785,2517.4155,2517.4155,32,1,0,Solve_Succeeded,6356.66015625
30,63,1,0.921681174314327,2496.2505,2496.2505,28,1,0,Solve_Succeeded,6356.66015625
30,64,1,0.920228388453456,2514.2838,2514.2838,33,1,0,Solve_Succeeded,6356.66015625
30,65,1,0.901059898427643,2499.1154,2499.1154,29,1,0,Solve_Succeeded,6356.66015625
30,66,1,0.907799886003792,2501.8423,2501.8423,29,1,0,Solve_Succeeded,6356.66015625
30,67,1,0.797148452388916,2503.2454,2503.2454,27,1,0,Solve_Succeeded,6356.66015625
30,68,1,0.814313534149168,2487.6352,2487.6352,25,1,0,Solve_Succeeded,6356.66015625
30,69,1,0.810073062975965,2485.9975,2485.9975,21,1,0,Solve_Succeeded,6356.66015625
30,70,1,0.91033080030107,2496.2654,2496.2654,24,1,0,Solve_Succeeded,6356.66015625
30,71,1,0.912761820596167,2567.5146,2567.5146,46,1,0,Solve_Succeeded,6356.66015625
30,72,1,0.801072707640877,2561.0084,2561.0084,51,1,0,Solve_Succeeded,6356.66015625
30,73,1,0.855209862399011,2579.2395,2579.2395,59,1,0,Solve_Succeeded,6356.66015625
30,74,1,0.850693330196476,2600.7705,2600.7705,62,1,0,Solve_Succeeded,6337.16015625
30,75,1,0.775097409677008,2596.9273,2596.9273,59,1,0,Solve_Succeeded,6336.59375
30,76,1,0.78450566841665,2555.7516,2555.7516,45,1,0,Solve_Succeeded,6355.68359375
30,77,1,0.800681134894599,2580.3586,2580.3586,56,1,0,Solve_Succeeded,6355.68359375
30,78,1,0.879205641717023,2581.8671,2581.8671,54,1,0,Solve_Succeeded,6355.68359375
30,79,1,0.723348322588695,2562.3574,2562.3574,53,1,0,Solve_Succeeded,6355.68359375
30,80,1,0.741382368286206,2602.8567,2602.8567,67,1,0,Solve_Succeeded,6355.68359375
30,81,1,0.786690799695539,2476.525,2476.525,19,1,0,Solve_Succeeded,6355.68359375
30,82,1,0.838790080812833,2471.0184,2471.0184,22,1,0,Solve_Succeeded,6355.68359375
30,83,1,0.828586052862648,2478.0707,2478.0707,21,1,0,Solve_Succeeded,6355.68359375
30,84,1,0.880590016996447,2467.9986,2467.9986,19,1,0,Solve_Succeeded,6355.68359375
30,85,1,0.918835433149245,2489.735,2489.735,21,1,0,Solve_Succeeded,6355.68359375
30,86,1,0.941880931617409,2473.955,2473.955,20,1,0,Solve_Succeeded,6355.68359375
30,87,1,0.948863357126656,2481.6476,2481.6476,22,1,0,Solve_Succeeded,6355.68359375
30,88,1,0.939718558663488,2462.4352,2462.4352,16,1,0,Solve_Succeeded,6355.68359375
30,89,1,0.91522128201438,2488.5253,2488.5253,20,1,0,Solve_Succeeded,6355.68359375
30,90,1,0.876819891539343,2470.8894,2470.8894,20,1,0,Solve_Succeeded,6355.68359375
30,91,1,0.826348098682184,2481.2259,2481.2259,23,1,0,Solve_Succeeded,6355.68359375
30,92,1,0.764999160781952,2465.4665,2465.4665,19,1,0,Solve_Succeeded,6355.68359375
30,93,1,0.693742070981298,2482.8477,2482.8477,20,1,0,Solve_Succeeded,6355.68359375
30,94,1,0.613767435091434,2463.6691,2463.6691,16,1,0,Solve_Succeeded,6355.68359375
30,95,1,0.526417467012256,2485.5151,2485.5151,22,1,0,Solve_Succeeded,6355.68359375
30,96,1,0.432349612674649,2477.1668,2477.1668,18,1,0,Solve_Succeeded,6355.68359375
30,97,1,0.41213673240389,2479.0893,2479.0893,19,1,0,Solve_Succeeded,6355.68359375
30,98,1,0.421196474489169,2474.0134,2474.0134,16,1,0,Solve_Succeeded,6355.6484375
30,99,1,0.431328041850117,2461.7216,2461.7216,16,1,0,Solve_Succeeded,6355.6484375
30,100,1,0.423185125530703,2471.1272,2471.1272,14,1,0,Solve_Succeeded,6355.6484375
30,101,1,0.417332574355314,2451.5711,2451.5711,13,1,0,Solve_Succeeded,6355.6484375
30,102,1,0.434168174181437,2452.091,2452.091,13,1,0,Solve_Succeeded,6355.6484375
30,103,1,0.415690778696085,2456.0112,2456.0112,12,1,0,Solve_Succeeded,6355.6796875
30,104,1,0.508395507144295,2444.1441,2444.1441,10,1,0,Solve_Succeeded,6355.6796875
30,105,1,0.591444734897881,2453.6527,2453.6527,13,1,0,Solve_Succeeded,6355.6796875
30,106,1,0.653962047692149,2446.1643,2446.1643,11,1,0,Solve_Succeeded,6355.6796875
30,107,1,0.686368536205666,2444.6563,2444.6563,10,1,0,Solve_Succeeded,6355.6796875
30,108,1,0.689889002429226,2455.4923,2455.4923,12,1,0,Solve_Succeeded,6355.6796875
30,109,1,0.663150750282659,2458.4565,2458.4565,13,1,0,Solve_Succeeded,6355.6796875
30,110,1,0.610286663137598,2458.7332,2458.7332,14,1,0,Solve_Succeeded,6355.6796875
30,111,1,0.537944952624692,2451.2788,2451.2788,13,1,0,Solve_Succeeded,6355.6796875
30,112,1,0.452149793028176,2455.9752,2455.9752,12,1,0,Solve_Succeeded,6355.6796875
30,113,1,0.394703993655889,2456.7672,2456.7672,13,1,0,Solve_Succeeded,6355.6796875
30,114,1,0.397023219879642,2447.1796,2447.1796,12,1,0,Solve_Succeeded,6355.6796875
30,115,1,0.398203255153566,2449.5555,2449.5555,11,1,0,Solve_Succeeded,6355.6796875
30,116,1,0.391213168268489,2458.1055,2458.1055,11,1,0,Solve_Succeeded,6355.6796875
30,117,1,0.396874657605508,2455.0825,2455.0825,10,1,0,Solve_Succeeded,6355.71484375
30,118,1,0.393309791780074,2458.6045,2458.6045,10,1,0,Solve_Succeeded,6355.71484375
30,119,1,0.39355079735106,2442.5517,2442.5517,9,1,0,Solve_Succeeded,6355.74609375
30,120,1,0.39694046103596,2446.4938,2446.4938,10,1,0,Solve_Succeeded,6355.74609375
30,121,1,0.412340234265803,2443.2589,2443.2589,9,1,0,Solve_Succeeded,6355.74609375
30,122,1,0.390935772865032,2447.6003,2447.6003,9,1,0,Solve_Succeeded,6355.74609375
30,123,1,0.39911415281297,2447.1121,2447.1121,8,1,0,Solve_Succeeded,6355.74609375
30,124,1,0.397136068312114,2438.8927,2438.8927,7,1,0,Solve_Succeeded,6355.74609375
30,125,1,0.398065190546035,2457.9701,2457.9701,9,1,0,Solve_Succeeded,6355.74609375
30,126,1,0.399615209935938,2475.4294,2475.4294,9,1,0,Solve_Succeeded,6355.74609375
30,127,1,0.398428570510118,2444.0211,2444.0211,8,1,0,Solve_Succeeded,6355.74609375
30,128,1,0.394692854359144,2436.8298,2436.8298,7,1,0,Solve_Succeeded,6355.74609375
30,129,1,0.372879294611269,2450.5852,2450.5852,8,1,0,Solve_Succeeded,6355.74609375
30,130,1,0.335087120545115,2447.0334,2447.0334,7,1,0,Solve_Succeeded,6355.58984375
30,131,1,0.29382540343295,2449.2161,2449.2161,8,1,0,Solve_Succeeded,6355.6484375
30,132,1,0.262270973308904,2441.1925,2441.1925,8,1,0,Solve_Succeeded,6356.65625
30,133,1,0.228040114397178,2434.8405,2434.8405,8,1,0,Solve_Succeeded,6356.65625
30,134,0,0.198878279449197,0.0061,NaN,NaN,1,0,not_triggered,6356.65625
30,135,0,0.180875974437994,0.006,NaN,NaN,1,0,not_triggered,6356.65625
30,136,0,0.153140137604672,0.006,NaN,NaN,1,0,not_triggered,6356.65625
